dataset,seed,method,L,rounds,eta_l,eta_g,cfraction,n_part,m,n_rounds,min_dist,mean_acc,worst_acc,fcm_obj,gacc,xb,hnorm,error,runtime_s
cluster_skew_hard,0,scffcm,50,50,0.2,0.5,1.0,12,2.0,50,7.454719522777322,1.0,1.0,1.0328955374561777,1.0,0.018586336035056734,0.12348430983864382,,3.208
cluster_skew_hard,1,scffcm,50,50,0.2,0.5,1.0,12,2.0,47,7.4820242397142795,1.0,1.0,1.0200557534617363,1.0,0.01822156556415366,0.12264915632894748,,3.01
cluster_skew_overlap,0,scffcm,50,50,0.2,0.5,1.0,12,2.0,50,3.7656637803236506,0.8636363636363634,0.8090909090909091,2.09174786525307,0.8636363636363636,0.147511626653879,0.5480970610390897,,2.511
cluster_skew_overlap,1,scffcm,50,50,0.2,0.5,1.0,12,2.0,50,3.8447517975402348,0.8681818181818183,0.8227272727272728,2.053648100761574,0.8681818181818182,0.1389278806442572,0.5436190417280893,,2.624
dirichlet_0.03,0,scffcm,50,50,0.2,0.5,1.0,12,2.0,50,7.507060980021743,1.0,1.0,1.0312733804036724,1.0,0.018299276545016185,0.119823425999879,,2.531
dirichlet_0.03,1,scffcm,50,50,0.2,0.5,1.0,12,2.0,50,7.523178454872523,1.0,1.0,1.024695822519109,1.0,0.01810473774601747,0.12364993956073644,,2.549
dirichlet_0.1,0,scffcm,50,50,0.2,0.5,1.0,12,2.0,50,7.47512903488538,1.0,1.0,1.0323901499208445,1.0,0.018475936657705486,0.12411495243925948,,2.392
dirichlet_0.1,1,scffcm,50,50,0.2,0.5,1.0,12,2.0,50,7.5555112881687325,1.0,1.0,1.0102150696264807,1.0,0.017696448851341945,0.12232785556213122,,2.726
overlap_noise,0,scffcm,50,50,0.2,0.5,1.0,12,2.0,50,4.66002504862047,0.8981060606060606,0.8636363636363636,2.308188639752065,0.8981060606060606,0.10629058491657044,0.4625175666685004,,2.32
overlap_noise,1,scffcm,50,50,0.2,0.5,1.0,12,2.0,45,4.829980974662845,0.9083333333333332,0.8909090909090909,2.349811845200964,0.9083333333333333,0.10072615327324047,0.4447940937754664,,2.133
quantity_skew_extreme,0,scffcm,50,50,0.2,0.5,1.0,12,2.0,50,7.365174411656404,1.0,1.0,1.042183257691189,1.0,0.019212240777574784,0.12730555881206446,,2.375
quantity_skew_extreme,1,scffcm,50,50,0.2,0.5,1.0,12,2.0,50,7.619727458152315,1.0,1.0,1.0244502618391356,1.0,0.017644607506010997,0.12749479802914115,,2.376
wine,0,scffcm,50,50,0.2,0.5,1.0,10,2.0,42,2.9530801517208296,0.9678070175438597,0.8888888888888888,4.052350643951865,0.9662921348314607,0.4646827468558668,0.8129582641036648,,0.761
wine,1,scffcm,50,50,0.2,0.5,1.0,10,2.0,32,2.9498564612757145,0.9672222222222222,0.8333333333333334,4.052273281062331,0.9662921348314607,0.46569004933588687,0.8120074593209731,,0.628
satimage,0,scffcm,50,50,0.2,0.5,1.0,10,2.0,50,3.126549230868797,0.7201389942093279,0.6137624861265261,3.7448939007109168,0.7024883359253499,0.3830971974356979,0.6323956993339367,,17.739
satimage,1,scffcm,50,50,0.2,0.5,1.0,10,2.0,50,3.490149299401917,0.7212710192864483,0.6226415094339622,3.732578707580948,0.7035769828926906,0.3064227202258785,0.6248858024102382,,17.216
pendigits,0,scffcm,50,50,0.2,0.5,1.0,10,1.5,50,1.7493187085391455,0.7621857418993455,0.6171586715867159,3.904084697679402,0.7386280931586608,1.2757963322522754,0.49471767488610224,,29.967
pendigits,1,scffcm,50,50,0.2,0.5,1.0,10,1.5,50,1.9574045625989143,0.7804433418788019,0.690959409594096,3.8934171502659027,0.7806586608442504,1.0161778986356356,0.480616825823738,,29.734
digits_pca16,0,scffcm,50,50,0.2,0.5,1.0,10,1.3,50,1.2473858505221544,0.7755298871153042,0.5611111111111111,7.785834624883255,0.7757373400111297,5.003841538628572,0.6185979832515799,,6.072
digits_pca16,1,scffcm,50,50,0.2,0.5,1.0,10,1.3,50,0.947705328257369,0.7758998262456773,0.6555555555555556,7.769434528243938,0.7762938230383973,8.65053099598973,0.6022663752072741,,6.313
digits_pca32,0,scffcm,50,50,0.2,0.5,1.0,10,1.1,50,2.4240757128738255,0.5977583461811639,0.4,24.086234133056603,0.4974958263772955,4.098987019200468,0.30460332971997084,,8.346
digits_pca32,1,scffcm,50,50,0.2,0.5,1.0,10,1.1,50,2.2318140142370684,0.7229608443295967,0.45555555555555555,24.065544646741177,0.6115748469671675,4.831474529245462,0.29501374739025193,,7.856
letter,0,scffcm,50,50,0.2,0.5,1.0,10,1.3,50,0.6787522317902782,0.29452612134823597,0.18810679611650485,5.073691150615151,0.23075,11.012894676877812,0.545897936062441,,109.775
letter,1,scffcm,50,50,0.2,0.5,1.0,10,1.3,50,1.1414431606518314,0.2941683423089276,0.21359223300970873,5.04938270939225,0.2459,3.8755175519295944,0.520578499803181,,109.817
