dataset,seed,cell,mass_point,gate,personalize,L,rounds,participation,n_part,n_clients,split,m,min_dist,mean_acc,worst_acc,fcm_obj,gacc,xb,hnorm,test_fcm_obj,test_mean_acc,test_worst_acc,test_gacc,test_hnorm,n_test,no_earlystop,runtime_s
cluster_skew_hard,0,post_footprint_off,post,footprint,off,5,50,1.0,12,12,0.2,2.0,6.775399803994454,1.0,1.0,1.5192985165586315,1.0,0.03309582864668206,0.17333010258151918,1.6822554164269818,1.0,1.0,1.0,0.18695877602125652,528,0,1.931
cluster_skew_hard,0,post_footprint_on,post,footprint,on,5,50,1.0,12,12,0.2,2.0,7.727775361214811,1.0,1.0,1.2862593940096654,1.0,0.017829030560028512,0.1595944550388797,1.3147565097534262,1.0,1.0,1.0,0.16122205490249403,528,0,1.084
cluster_skew_hard,0,pre_mass_off,pre,mass,off,5,50,1.0,12,12,0.2,2.0,8.349266252739646,1.0,1.0,1.3360140263890412,1.0,0.019165245923919744,0.14570281148149178,1.3690047525980533,1.0,1.0,1.0,0.14770835388561726,528,0,0.751
cluster_skew_hard,0,pre_mass_on,pre,mass,on,5,50,1.0,12,12,0.2,2.0,8.31650224323602,1.0,1.0,1.341193149857805,1.0,0.01928448471028465,0.1531695914102068,1.364073805112351,1.0,1.0,1.0,0.1541573196480213,528,0,0.434
cluster_skew_hard,1,post_footprint_off,post,footprint,off,5,50,1.0,12,12,0.2,2.0,7.844945978781248,1.0,1.0,1.377121111743177,1.0,0.022376503289209433,0.15636088990158842,1.3169628990199886,1.0,1.0,1.0,0.153288432574311,528,0,2.281
cluster_skew_hard,1,post_footprint_on,post,footprint,on,5,50,1.0,12,12,0.2,2.0,7.830571986767842,1.0,1.0,1.2626725799046514,1.0,0.017793660484528923,0.15651673617041006,1.22678863749195,1.0,1.0,1.0,0.15429828494386089,528,0,2.159
cluster_skew_hard,1,pre_mass_off,pre,mass,off,5,50,1.0,12,12,0.2,2.0,8.285602109159749,1.0,1.0,1.3338482463273382,1.0,0.01942935012672814,0.14552061261442756,1.3011953312726805,1.0,1.0,1.0,0.14322121396964085,528,0,1.241
cluster_skew_hard,1,pre_mass_on,pre,mass,on,5,50,1.0,12,12,0.2,2.0,8.281899822606709,1.0,1.0,1.32799319125344,1.0,0.019394244654867658,0.1518532807141957,1.2929201601743094,1.0,1.0,1.0,0.14938725841969502,528,0,0.495
cluster_skew_overlap,0,post_footprint_off,post,footprint,off,5,50,1.0,12,12,0.2,2.0,4.6048739018335105,0.868371212121212,0.8011363636363636,2.3041414884213918,0.8683712121212122,0.10866099052832974,0.5387697338650853,2.34935651468189,0.8446969696969697,0.6818181818181818,0.8428030303030303,0.5327926609063002,528,0,2.875
cluster_skew_overlap,0,post_footprint_on,post,footprint,on,5,50,1.0,12,12,0.2,2.0,4.633028662176827,0.8191287878787881,0.7045454545454546,2.352466331929957,0.8191287878787878,0.10766252949539395,0.5694699707414064,2.37632611127623,0.8030303030303031,0.6590909090909091,0.8011363636363636,0.5582018853562116,528,0,0.922
cluster_skew_overlap,0,pre_mass_off,pre,mass,off,5,50,1.0,12,12,0.2,2.0,5.064179963271295,0.8669507575757575,0.7840909090909091,2.573167903448837,0.8669507575757576,0.10033440148934332,0.5501860144607211,2.5765539648111937,0.8522727272727272,0.7272727272727273,0.8503787878787878,0.5380214175192563,528,0,0.745
cluster_skew_overlap,0,pre_mass_on,pre,mass,on,5,50,1.0,12,12,0.2,2.0,5.105775028393453,0.8361742424242425,0.7443181818181818,2.4804506628271974,0.8361742424242424,0.09870794316210153,0.5626607071874453,2.502245364227072,0.8238636363636364,0.6818181818181818,0.821969696969697,0.5520470040968258,528,0,0.522
cluster_skew_overlap,1,post_footprint_off,post,footprint,off,5,50,1.0,12,12,0.2,2.0,4.652803699692612,0.8645833333333334,0.8011363636363636,2.2901251163781513,0.8645833333333334,0.1057863784353548,0.5351969574250213,2.2304993991304634,0.8579545454545454,0.7954545454545454,0.8579545454545454,0.5320450062708183,528,0,2.792
cluster_skew_overlap,1,post_footprint_on,post,footprint,on,5,50,1.0,12,12,0.2,2.0,4.691327116376487,0.8167613636363636,0.7670454545454546,2.2980521558702587,0.8167613636363636,0.10431159934024777,0.5618454790414947,2.256931522972032,0.8238636363636362,0.75,0.8238636363636364,0.5605288676411821,528,0,0.952
cluster_skew_overlap,1,pre_mass_off,pre,mass,off,5,50,1.0,12,12,0.2,2.0,4.957122604340809,0.8631628787878788,0.8295454545454546,2.510793805869728,0.8631628787878788,0.10217666601540792,0.5432889131823225,2.4770636559660835,0.8655303030303029,0.8181818181818182,0.865530303030303,0.5440171712948515,528,0,0.771
cluster_skew_overlap,1,pre_mass_on,pre,mass,on,5,50,1.0,12,12,0.2,2.0,4.98193865510918,0.840435606060606,0.7840909090909091,2.4071665277011753,0.8404356060606061,0.10120105299914943,0.5550482212511926,2.372266149783752,0.8428030303030302,0.7727272727272727,0.8428030303030303,0.5547424583457693,528,0,0.383
dirichlet_0.03,0,post_footprint_off,post,footprint,off,5,50,1.0,12,12,0.2,2.0,6.055739278399708,1.0,1.0,1.9857831569194568,1.0,0.0541498782983243,0.22235792472124266,1.9680327954507033,1.0,1.0,1.0,0.2212548060986839,528,0,2.535
dirichlet_0.03,0,post_footprint_on,post,footprint,on,5,50,1.0,12,12,0.2,2.0,6.8353145694138755,1.0,1.0,1.3685770950974154,1.0,0.029266658010106986,0.17887671707274808,1.335928656765762,1.0,1.0,1.0,0.17512070071734973,528,0,1.373
dirichlet_0.03,0,pre_mass_off,pre,mass,off,5,50,1.0,12,12,0.2,2.0,8.587591272034338,1.0,1.0,1.4111628660839988,1.0,0.01913526177581332,0.1478122303887135,1.3876095791783385,1.0,1.0,1.0,0.14498162571044887,528,0,0.899
dirichlet_0.03,0,pre_mass_on,pre,mass,on,5,50,1.0,12,12,0.2,2.0,8.377403702245,1.0,1.0,1.4320624187540751,1.0,0.019743220509415002,0.15908923046740775,1.3677370915078413,1.0,1.0,1.0,0.1532520944736856,528,0,0.479
dirichlet_0.03,1,post_footprint_off,post,footprint,off,5,50,1.0,12,12,0.2,2.0,6.320021259079494,1.0,1.0,2.3859430492401428,1.0,0.05973419218058363,0.2414647644129218,2.5292125719955814,1.0,1.0,1.0,0.2534701117315471,528,0,1.939
dirichlet_0.03,1,post_footprint_on,post,footprint,on,5,50,1.0,12,12,0.2,2.0,7.088723738133576,1.0,1.0,1.368150664966837,1.0,0.037892447065948354,0.1869968048653216,1.4251549880076042,1.0,1.0,1.0,0.192982279111518,528,0,2.172
dirichlet_0.03,1,pre_mass_off,pre,mass,off,5,50,1.0,12,12,0.2,2.0,8.36351993182638,1.0,1.0,1.4154803030972392,1.0,0.02023604506464371,0.1534967150487344,1.4011783519025676,1.0,1.0,1.0,0.1512556419946925,528,0,1.268
dirichlet_0.03,1,pre_mass_on,pre,mass,on,5,50,1.0,12,12,0.2,2.0,7.995392367002876,1.0,1.0,1.379419293723552,1.0,0.02006323322787626,0.16151346828147697,1.3740289561345063,1.0,1.0,1.0,0.16071641118867472,528,0,1.569
dirichlet_0.1,0,post_footprint_off,post,footprint,off,5,50,1.0,12,12,0.2,2.0,7.034334788882983,1.0,1.0,1.1654494642088764,1.0,0.023553062167136332,0.1387058029708804,1.1787902892604327,1.0,1.0,1.0,0.13922204240854036,528,0,2.496
dirichlet_0.1,0,post_footprint_on,post,footprint,on,5,50,1.0,12,12,0.2,2.0,7.575394143047872,1.0,1.0,1.2824142289496852,1.0,0.018776485376001892,0.15875409683369346,1.2509192914027478,1.0,1.0,1.0,0.15438196342703028,528,0,2.478
dirichlet_0.1,0,pre_mass_off,pre,mass,off,5,50,1.0,12,12,0.2,2.0,8.245424830632382,1.0,1.0,1.2714789700170774,1.0,0.018701787062806664,0.1430091758127521,1.2802609290832139,1.0,1.0,1.0,0.1431961337174374,528,0,1.099
dirichlet_0.1,0,pre_mass_on,pre,mass,on,5,50,1.0,12,12,0.2,2.0,8.3529224758548,1.0,1.0,1.323552050713105,1.0,0.018272849259760266,0.15376008888427437,1.290863695327532,1.0,1.0,1.0,0.1498986229679057,528,0,0.429
dirichlet_0.1,1,post_footprint_off,post,footprint,off,5,50,1.0,12,12,0.2,2.0,7.860670346231403,1.0,1.0,1.0764865365434704,1.0,0.017421656048967334,0.12844625251320954,1.0489189935764809,1.0,1.0,1.0,0.12574726660223992,528,0,2.89
dirichlet_0.1,1,post_footprint_on,post,footprint,on,5,50,1.0,12,12,0.2,2.0,7.74173209728821,1.0,1.0,1.16055439758414,1.0,0.017326386859457723,0.14320561841120208,1.1890671908177595,1.0,1.0,1.0,0.1462686977036265,528,0,3.094
dirichlet_0.1,1,pre_mass_off,pre,mass,off,5,50,1.0,12,12,0.2,2.0,8.146615108768161,1.0,1.0,1.1742013871162347,1.0,0.017692458779738168,0.13497396838696354,1.169609971692217,1.0,1.0,1.0,0.13468750709876917,528,0,0.799
dirichlet_0.1,1,pre_mass_on,pre,mass,on,5,50,1.0,12,12,0.2,2.0,8.140737382364943,1.0,1.0,1.2005912949275543,1.0,0.01759975305538733,0.14322423482418672,1.211860657665594,1.0,1.0,1.0,0.14431885686489418,528,0,0.672
overlap_noise,0,post_footprint_off,post,footprint,off,5,50,1.0,12,12,0.2,2.0,5.029373089489175,0.8977272727272726,0.8522727272727273,2.357126901839898,0.8977272727272727,0.09318698423410735,0.458328703766374,2.338431610246223,0.8920454545454546,0.7954545454545454,0.8920454545454546,0.45407468360786063,528,0,3.731
overlap_noise,0,post_footprint_on,post,footprint,on,5,50,1.0,12,12,0.2,2.0,5.040731730692765,0.8873106060606061,0.8068181818181818,2.3694106076539,0.8873106060606061,0.09285238920206446,0.47022607130452443,2.4007379317736692,0.8768939393939393,0.7954545454545454,0.8768939393939394,0.47285401151639833,528,0,1.514
overlap_noise,0,pre_mass_off,pre,mass,off,5,50,1.0,12,12,0.2,2.0,5.396801500843927,0.9019886363636362,0.8522727272727273,2.4046425945579566,0.9019886363636364,0.08256151363453693,0.4553366424694806,2.3949649066586254,0.8958333333333334,0.7727272727272727,0.8958333333333334,0.45255612954041463,528,0,1.123
overlap_noise,0,pre_mass_on,pre,mass,on,5,50,1.0,12,12,0.2,2.0,5.4231511832148875,0.8915719696969697,0.8181818181818182,2.393068562565753,0.8915719696969697,0.08197621487638274,0.46467163736601097,2.424935731711933,0.8825757575757577,0.7727272727272727,0.8825757575757576,0.46716253439102073,528,0,0.525
overlap_noise,1,post_footprint_off,post,footprint,off,5,50,1.0,12,12,0.2,2.0,4.958089843981364,0.9109848484848483,0.8863636363636364,2.3269721142720816,0.9109848484848485,0.09465910511473113,0.4419104562700747,2.588141301458957,0.8901515151515151,0.7954545454545454,0.8901515151515151,0.4606400328478853,528,0,2.515
overlap_noise,1,post_footprint_on,post,footprint,on,5,50,1.0,12,12,0.2,2.0,4.968385438284078,0.9000946969696969,0.875,2.3411274295993336,0.900094696969697,0.09443745419003595,0.45681987281129405,2.6280332146791565,0.8768939393939394,0.7272727272727273,0.8768939393939394,0.47934885713414904,528,0,1.365
overlap_noise,1,pre_mass_off,pre,mass,off,5,50,1.0,12,12,0.2,2.0,5.108406625136614,0.9105113636363636,0.8863636363636364,2.3678700033858924,0.9105113636363636,0.09073752663766313,0.4421202128312125,2.6151048122430556,0.8901515151515151,0.7954545454545454,0.8901515151515151,0.45940312567776503,528,0,0.938
overlap_noise,1,pre_mass_on,pre,mass,on,5,50,1.0,12,12,0.2,2.0,5.127983915112659,0.9010416666666666,0.8806818181818182,2.353340867855536,0.9010416666666666,0.09038152407566771,0.45285241205614213,2.633399074568108,0.8787878787878789,0.7272727272727273,0.8787878787878788,0.47478128163772915,528,0,0.602
quantity_skew_extreme,0,post_footprint_off,post,footprint,off,5,50,1.0,12,12,0.2,2.0,1.0294050675987043,0.7752944126771094,0.5263157894736842,4.468610800677572,0.6499531396438613,4.2169643265668055,0.4485576216647912,4.755467816329173,0.8214484408320814,0.6122448979591837,0.6822429906542056,0.45885836663495533,535,0,2.85
quantity_skew_extreme,0,post_footprint_on,post,footprint,on,5,50,1.0,12,12,0.2,2.0,1.7425003077266374,0.7993053144744398,0.6290322580645161,3.331673106288841,0.7127460168697282,1.448624974489049,0.38822987502228457,3.653345128486702,0.8257411111673786,0.5483870967741935,0.7214953271028037,0.4056586935363727,535,0,2.38
quantity_skew_extreme,0,pre_mass_off,pre,mass,off,5,50,1.0,12,12,0.2,2.0,1.0775531986044626,0.7807707108577823,0.5263157894736842,4.521459662289702,0.6485473289597001,3.8940472766929553,0.4403101055985176,4.83177147775213,0.8219421867175324,0.6122448979591837,0.6822429906542056,0.4512329443109498,535,0,0.932
quantity_skew_extreme,0,pre_mass_on,pre,mass,on,5,50,1.0,12,12,0.2,2.0,1.0788542029324133,0.7459842670288781,0.625,3.0842919356017306,0.6541705716963448,3.800040888789338,0.3688005164024882,3.4639823494550708,0.8014505016233127,0.5510204081632653,0.6616822429906543,0.3943762245741686,535,0,0.723
quantity_skew_extreme,1,post_footprint_off,post,footprint,off,5,50,1.0,12,12,0.2,2.0,1.2580530538660628,0.7851523014434386,0.5483870967741935,4.503834268974247,0.7300843486410497,2.84566969230771,0.3630969535965932,4.330615187903029,0.8621238528496593,0.6938775510204082,0.7514018691588785,0.35870046423598256,535,0,2.674
quantity_skew_extreme,1,post_footprint_on,post,footprint,on,5,50,1.0,12,12,0.2,2.0,1.2282116499228282,0.793859732056187,0.5,4.024571069869001,0.7235238987816307,2.9878420471522444,0.33301262407884236,3.822375792041077,0.8784741564119445,0.75,0.7420560747663552,0.32673964897829777,535,0,0.906
quantity_skew_extreme,1,pre_mass_off,pre,mass,off,5,50,1.0,12,12,0.2,2.0,1.1283640156601484,0.7887040160690404,0.5,4.5329212705113555,0.7150890346766635,3.560243651169288,0.33093482084189674,4.241373713849178,0.8620392408410842,0.5867346938775511,0.7271028037383177,0.3202799906904908,535,0,0.84
quantity_skew_extreme,1,pre_mass_on,pre,mass,on,5,50,1.0,12,12,0.2,2.0,1.118323139117725,0.8021728137634111,0.5,4.247178915202303,0.717900656044986,3.63905085224631,0.3277913997097017,4.018491770113152,0.8662100572238821,0.5969387755102041,0.7214953271028037,0.31966695588314925,535,0,0.229
wine,0,post_footprint_off,post,footprint,off,5,50,1.0,10,10,0.2,2.0,3.5419480765710576,0.9790476190476192,0.9285714285714286,4.114543204495727,0.9787234042553191,0.32797236104810773,0.7709659255563062,4.061911870127614,0.975,0.75,0.972972972972973,0.7869465988765659,37,0,1.145
wine,0,post_footprint_on,post,footprint,on,5,50,1.0,10,10,0.2,2.0,3.5646596513965068,0.9293910256410257,0.7857142857142857,3.75514197209454,0.9290780141843972,0.32398853212622464,0.7357936704079677,4.1849334871876005,0.925,0.75,0.918918918918919,0.8118119813613572,37,0,0.328
wine,0,pre_mass_off,pre,mass,off,5,50,1.0,10,10,0.2,2.0,3.5575554662895357,0.9790476190476192,0.9285714285714286,4.119000179704808,0.9787234042553191,0.3254531287580631,0.7689555193560704,4.073560908942137,0.975,0.75,0.972972972972973,0.7852701065261707,37,0,0.342
wine,0,pre_mass_on,pre,mass,on,5,50,1.0,10,10,0.2,2.0,3.566180449104661,0.9155815018315019,0.7857142857142857,3.692655691540114,0.9148936170212766,0.3240429791633957,0.7390444928379645,4.182786183546547,0.9,0.75,0.8648648648648649,0.8210679903280556,37,0,0.164
wine,1,post_footprint_off,post,footprint,off,5,50,1.0,10,10,0.2,2.0,3.708967206874394,0.964629120879121,0.8571428571428571,4.0755485114296635,0.9645390070921985,0.2962648170961014,0.7531124540620026,4.526853329355501,0.95,0.5,0.9459459459459459,0.800280277777596,37,0,1.115
wine,1,post_footprint_on,post,footprint,on,5,50,1.0,10,10,0.2,2.0,3.6860596796600116,0.9082326007326008,0.7857142857142857,3.7636689668112653,0.9078014184397163,0.30039348989516296,0.7249774880249106,4.612269704269631,0.95,0.5,0.9459459459459459,0.8101350842775457,37,0,0.778
wine,1,pre_mass_off,pre,mass,off,5,50,1.0,10,10,0.2,2.0,3.6784227657719124,0.9717719780219781,0.9230769230769231,4.084631578884735,0.9716312056737588,0.30187670920700616,0.751267377028972,4.556658205417958,0.95,0.5,0.9459459459459459,0.799614182152407,37,0,0.316
wine,1,pre_mass_on,pre,mass,on,5,50,1.0,10,10,0.2,2.0,3.6520350440096307,0.8939468864468866,0.7857142857142857,3.7005065180596652,0.8936170212765957,0.30721215634239385,0.7292546910890981,4.600226542584392,0.95,0.5,0.918918918918919,0.8160917133083161,37,0,0.228
satimage,0,post_footprint_off,post,footprint,off,5,50,1.0,10,10,0.2,2.0,2.2595316675024235,0.6457762197521737,0.43775100401606426,3.880980826231765,0.5945578231292517,0.7601593336567366,0.6300391757008301,3.8461802232736644,0.6716698695950583,0.4596774193548387,0.6093385214007782,0.6247229373726583,1285,0,8.375
satimage,0,post_footprint_on,post,footprint,on,5,50,1.0,10,10,0.2,2.0,2.211840871776922,0.6462626865348485,0.4819277108433735,3.8274197103248735,0.6007774538386783,0.7941209914206335,0.6364480016700995,3.7901278452335694,0.6566037367497903,0.4112903225806452,0.6132295719844358,0.6304258425023325,1285,0,6.3
satimage,0,pre_mass_off,pre,mass,off,5,50,1.0,10,10,0.2,2.0,2.0179300975325383,0.6414038978116865,0.4538152610441767,3.9408720126972354,0.5949465500485909,0.9677876923314278,0.6290827092738539,3.889774218960493,0.6579398764584764,0.43548387096774194,0.6155642023346304,0.6231402353851369,1285,0,4.65
satimage,0,pre_mass_on,pre,mass,on,5,50,1.0,10,10,0.2,2.0,1.7722790221432752,0.6590018020372554,0.4497991967871486,3.8513815714078645,0.6322643343051506,1.2681705238638954,0.6416389270159085,3.78618128330446,0.6617724700678715,0.4596774193548387,0.642023346303502,0.6360386470003263,1285,0,3.433
satimage,1,post_footprint_off,post,footprint,off,5,50,1.0,10,10,0.2,2.0,3.3094832725693304,0.6990010592477466,0.5401606425702812,3.847908181226299,0.6736637512147716,0.3513211694169561,0.610185276668752,3.768856568504804,0.699620742774346,0.5444444444444444,0.6809338521400778,0.6023858769702115,1285,0,9.99
satimage,1,post_footprint_on,post,footprint,on,5,50,1.0,10,10,0.2,2.0,1.9036340758032793,0.6578544259917121,0.4718875502008032,3.848484498324924,0.6373177842565597,1.076718252720888,0.6361696385623138,3.792014188528785,0.670566964081446,0.512,0.6303501945525292,0.631214764560075,1285,0,8.405
satimage,1,pre_mass_off,pre,mass,off,5,50,1.0,10,10,0.2,2.0,2.79724394441046,0.661785863901142,0.44779116465863456,4.310533145517996,0.5920310981535472,0.5508968691846199,0.5905649577671672,4.335169355016992,0.6623499123007702,0.47580645161290325,0.5945525291828794,0.5906960484248778,1285,0,6.888
satimage,1,pre_mass_on,pre,mass,on,5,50,1.0,10,10,0.2,2.0,2.0606679766006546,0.6603000588799663,0.4939759036144578,3.8594414898208558,0.6396501457725947,0.9297931538959828,0.634705245010317,3.8028308167800717,0.6642866163349349,0.528,0.624124513618677,0.6296427267236078,1285,0,5.911
pendigits,0,post_footprint_off,post,footprint,off,5,50,1.0,10,10,0.2,1.5,1.7449945687569286,0.6817466987056181,0.48904267589388695,4.123583319635682,0.6112374886260237,1.3542118664817386,0.4719257741495659,4.152709703804296,0.6759467434983535,0.4838709677419355,0.610909090909091,0.4706851469536756,2200,0,17.403
pendigits,0,post_footprint_on,post,footprint,on,5,50,1.0,10,10,0.2,1.5,2.1442166034518735,0.6771703417472894,0.5351787773933102,3.942326900928219,0.589171974522293,0.8934136510494255,0.46810797956106615,4.008078173666224,0.6793055729894556,0.5391705069124424,0.5859090909090909,0.4715580683175638,2200,0,14.359
pendigits,0,pre_mass_off,pre,mass,off,5,50,1.0,10,10,0.2,1.5,1.7560901054532565,0.6846484267613091,0.4855824682814302,4.177941688386647,0.6141947224749773,1.3547800177374036,0.4620398526162593,4.205612995728333,0.6778024604705177,0.4838709677419355,0.6136363636363636,0.4605550246462038,2200,0,8.41
pendigits,0,pre_mass_on,pre,mass,on,5,50,1.0,10,10,0.2,1.5,1.7830811286777315,0.6482389956846278,0.49596309111880044,4.053429925181981,0.5704049135577798,1.3738801757639243,0.47260327584684764,4.108402550788614,0.6389908116553126,0.5161290322580645,0.57,0.47586389337812135,2200,0,8.881
pendigits,1,post_footprint_off,post,footprint,off,5,50,1.0,10,10,0.2,1.5,1.8593346645049298,0.6711406566919933,0.5155709342560554,4.323851586947553,0.6196542311191993,1.2507071897548978,0.5080308952815568,4.395513737448391,0.6796340381963191,0.543778801843318,0.6290909090909091,0.5168839005257428,2200,0,17.472
pendigits,1,post_footprint_on,post,footprint,on,5,50,1.0,10,10,0.2,1.5,1.8657438934126513,0.6552790933885602,0.4809688581314879,4.209066017124609,0.6021383075523203,1.2437986958979041,0.5069747762133069,4.279102305534594,0.6640062179089024,0.5253456221198156,0.61,0.5164598206886282,2200,0,11.853
pendigits,1,pre_mass_off,pre,mass,off,5,50,1.0,10,10,0.2,1.5,2.0100265958085037,0.6909838582226738,0.5887096774193549,4.454330743579225,0.6469517743403094,1.1025006481960855,0.5021467961129183,4.520031817591479,0.6909576909849796,0.5806451612903226,0.6418181818181818,0.5116507998157307,2200,0,13.782
pendigits,1,pre_mass_on,pre,mass,on,5,50,1.0,10,10,0.2,1.5,0.8832189831068351,0.6087079959211505,0.47759562841530057,4.43745783651939,0.565059144676979,6.061677508976591,0.5547807807749309,4.490663723105125,0.5965747176452656,0.5023041474654378,0.535,0.5611903250951732,2200,0,10.833
digits_pca16,0,post_footprint_off,post,footprint,off,5,50,1.0,10,10,0.2,1.3,2.4310022249818943,0.6333981575912487,0.3958333333333333,7.752943244686516,0.595552466990966,1.311885379609271,0.4882224430818901,9.178164413428789,0.6821428571428572,0.4444444444444444,0.6452513966480447,0.48148053027348847,358,0,4.613
digits_pca16,0,post_footprint_on,post,footprint,on,5,50,1.0,10,10,0.2,1.3,2.474868957381106,0.6073027444543355,0.3819444444444444,7.309831121876068,0.5594162612925643,1.2662990845307303,0.4564413402014875,8.802884994093644,0.6765079365079365,0.4722222222222222,0.5977653631284916,0.4554474717289126,358,0,4.075
digits_pca16,0,pre_mass_off,pre,mass,off,5,50,1.0,10,10,0.2,1.3,2.9090918547626754,0.6586420258709966,0.3958333333333333,8.069484358341748,0.5837387074357192,0.9535224341297857,0.47306745747720397,9.7124172609677,0.6961904761904762,0.4444444444444444,0.6201117318435754,0.4629567061444721,358,0,1.727
digits_pca16,0,pre_mass_on,pre,mass,on,5,50,1.0,10,10,0.2,1.3,2.9446383587403324,0.6266812455531346,0.3958333333333333,7.429461173408191,0.5246699096594858,0.9326967737146526,0.4420241856809166,9.21017321135367,0.6709523809523809,0.4722222222222222,0.5558659217877095,0.44734037277317734,358,0,1.622
digits_pca16,1,post_footprint_off,post,footprint,off,5,50,1.0,10,10,0.2,1.3,2.308163449734326,0.6469544201627221,0.4652777777777778,8.170180332061502,0.6108408617095205,1.5335520581416726,0.5040732235028126,7.888186836076723,0.6822222222222223,0.4166666666666667,0.6424581005586593,0.5112621574866357,358,0,4.446
digits_pca16,1,post_footprint_on,post,footprint,on,5,50,1.0,10,10,0.2,1.3,2.2840017593621322,0.5891036496957189,0.43448275862068964,7.846736394941207,0.5545517720639332,1.5631759544872705,0.5021927158257693,7.724910868950805,0.626031746031746,0.3611111111111111,0.5921787709497207,0.5308784154653559,358,0,4.441
digits_pca16,1,pre_mass_off,pre,mass,off,5,50,1.0,10,10,0.2,1.3,2.927718099028902,0.6517289812063718,0.4722222222222222,8.392877225041847,0.6219596942321056,0.9791570496471818,0.48472456753345244,8.126770584359713,0.6738095238095237,0.3888888888888889,0.6508379888268156,0.49118793591271614,358,0,1.789
digits_pca16,1,pre_mass_on,pre,mass,on,5,50,1.0,10,10,0.2,1.3,2.8898609713874923,0.6597513417371507,0.4583333333333333,7.909936113506205,0.6157053509381515,0.9937367585387279,0.4663043246405264,7.71796609366113,0.6873809523809523,0.4166666666666667,0.659217877094972,0.4784937871008642,358,0,1.988
digits_pca32,0,post_footprint_off,post,footprint,off,5,50,1.0,10,10,0.2,1.1,3.0196027112466988,0.6621822896459524,0.4861111111111111,23.982241695706133,0.6094510076441974,2.630208411031363,0.305781212458843,27.690199314343985,0.6591269841269842,0.4444444444444444,0.5865921787709497,0.324055061685884,358,0,6.163
digits_pca32,0,post_footprint_on,post,footprint,on,5,50,1.0,10,10,0.2,1.1,2.3004553739919733,0.5661963886990146,0.3472222222222222,22.250666346233086,0.43571924947880475,4.551850114433929,0.24828782022771997,26.910202322562288,0.5949206349206348,0.4166666666666667,0.4581005586592179,0.28251747571957986,358,0,6.399
digits_pca32,0,pre_mass_off,pre,mass,off,5,50,1.0,10,10,0.2,1.1,2.756864987207564,0.7027457690751536,0.4722222222222222,24.009457032000224,0.5733148019457956,3.1590124908487223,0.276693448202679,28.23341321278195,0.7259523809523809,0.5555555555555556,0.5921787709497207,0.2805341245523532,358,0,3.471
digits_pca32,0,pre_mass_on,pre,mass,on,5,50,1.0,10,10,0.2,1.1,3.0381314023994146,0.5739058713817684,0.4014084507042254,22.99450955594563,0.45170257123002083,2.6205088182793475,0.26083179176859134,28.01670340258079,0.5918253968253968,0.37142857142857144,0.48044692737430167,0.2997198516893445,358,0,4.188
digits_pca32,1,post_footprint_off,post,footprint,off,5,50,1.0,10,10,0.2,1.1,3.065058184488758,0.6975122831303496,0.5273972602739726,24.575997982131042,0.621264767199444,2.615975764983516,0.30966117396794884,26.419159176374052,0.710079365079365,0.5,0.6536312849162011,0.3305290983549226,358,0,6.011
digits_pca32,1,post_footprint_on,post,footprint,on,5,50,1.0,10,10,0.2,1.1,2.3847664711691134,0.5727813695148156,0.3680555555555556,23.93112474625223,0.49895760945100764,4.355812122919942,0.3273075356829231,26.012015881674188,0.6119841269841271,0.4444444444444444,0.5251396648044693,0.34610837724826454,358,0,5.93
digits_pca32,1,pre_mass_off,pre,mass,off,5,50,1.0,10,10,0.2,1.1,3.1996747278500077,0.7069446375058359,0.5208333333333334,24.549997348888603,0.6337734537873523,2.397948144919183,0.27801858012017466,26.6176745669595,0.7543650793650792,0.5277777777777778,0.6927374301675978,0.29787875367994776,358,0,3.312
digits_pca32,1,pre_mass_on,pre,mass,on,5,50,1.0,10,10,0.2,1.1,2.782829541103147,0.5923020521555785,0.4375,23.5389810999319,0.448227936066713,3.2334648021017784,0.26769537984418895,26.008010375898586,0.6315079365079364,0.3888888888888889,0.43575418994413406,0.2994241073602098,358,0,3.409
letter,0,post_footprint_off,post,footprint,off,5,50,1.0,10,10,0.2,1.3,1.5796494178425626,0.2853383903772152,0.2322661644695543,5.181443558353671,0.2495625,2.0764876295458685,0.4531636549607794,5.15977375058566,0.29648800534516945,0.23636363636363636,0.2505,0.45388673593239015,4000,0,70.615
letter,0,post_footprint_on,post,footprint,on,5,50,1.0,10,10,0.2,1.3,1.6946160378898956,0.2848500886086061,0.24986508364813814,4.917668752749539,0.235875,1.842304672883717,0.42318050815460645,4.915387069356058,0.2931581272762095,0.21818181818181817,0.231,0.4257674968089373,4000,0,53.056
letter,0,pre_mass_off,pre,mass,off,5,50,1.0,10,10,0.2,1.3,2.1130007077036064,0.29742349691906755,0.24582701062215478,5.377954082177212,0.2540625,1.2045305098025076,0.426148074307949,5.344177329890086,0.3095108664042322,0.23939393939393938,0.25325,0.42514422207681546,4000,0,40.315
letter,0,pre_mass_on,pre,mass,on,5,50,1.0,10,10,0.2,1.3,1.9208579051030528,0.29019188558698855,0.2526555386949924,4.989039983669836,0.2381875,1.4721116331913033,0.3923229463898558,4.957596629634161,0.3067051475791076,0.2606060606060606,0.24275,0.3884858781628969,4000,0,40.842
letter,1,post_footprint_off,post,footprint,off,5,50,1.0,10,10,0.2,1.3,1.6007936373997862,0.2800878723162782,0.22598870056497175,5.188470511503554,0.2501875,2.024737161471287,0.44685616558582153,5.262248893163422,0.2770863606017663,0.2236180904522613,0.243,0.4503091909224846,4000,0,65.788
letter,1,post_footprint_on,post,footprint,on,5,50,1.0,10,10,0.2,1.3,1.644282708691092,0.2896870085920983,0.26555386949924126,4.797712240828152,0.24625,1.9200587932438973,0.4113849978747442,4.874801295631785,0.28332066869008526,0.23121387283236994,0.24425,0.41501559058010434,4000,0,53.641
letter,1,pre_mass_off,pre,mass,off,5,50,1.0,10,10,0.2,1.3,2.0036538231408487,0.2918033628526551,0.2465857359635812,5.372379977084762,0.2525,1.3382009781825386,0.445328406732081,5.415077490328551,0.2943852945282199,0.24566473988439305,0.25325,0.44367927275734426,4000,0,40.647
letter,1,pre_mass_on,pre,mass,on,5,50,1.0,10,10,0.2,1.3,2.53413634186959,0.29614455851482,0.2450080949811117,5.096348009351254,0.2384375,0.852793761980008,0.4011979000820477,5.152058596407128,0.2875360187860446,0.23636363636363636,0.2325,0.40200702872028676,4000,0,41.073
mnist784_pca32 (20c),0,post_footprint_off,post,footprint,off,5,50,1.0,20,20,0.2,1.1,2.1281677424256187,0.4801679463103632,0.4016534619359283,24.659579511797602,0.42837244187292406,5.4446999908191165,0.34760624505588206,24.982944255640255,0.4868745052228503,0.40082644628099173,0.4305813455220683,0.3487464619492331,14002,0,123.915
mnist784_pca32 (20c),0,post_footprint_on,post,footprint,on,5,50,1.0,20,20,0.2,1.1,1.921945600830785,0.48284401966040225,0.4030064423765211,23.3850201823688,0.35876281295760565,6.662991032491044,0.29926239405198285,23.75248713504281,0.4871243206129952,0.3834048640915594,0.3669475789172975,0.3012827627838764,14002,0,102.874
mnist784_pca32 (20c),0,pre_mass_off,pre,mass,off,5,50,1.0,20,20,0.2,1.1,2.7429661605455067,0.5225824669394108,0.4134929270946681,25.012373948294513,0.3930497517768492,3.324405662157482,0.29324249542654124,25.28469415331746,0.5256981605429171,0.4391304347826087,0.39451506927581775,0.295185356590738,14002,0,78.792
mnist784_pca32 (20c),0,pre_mass_on,pre,mass,on,5,50,1.0,20,20,0.2,1.1,2.126015290382866,0.4974945439687737,0.40369967355821545,23.610110240138006,0.3392978320654309,5.551228298289769,0.2510932094630113,23.898426093695313,0.499664407318539,0.383808095952024,0.3379517211826882,0.2515153956928121,14002,0,134.563
mnist784_pca32 (20c),1,post_footprint_off,post,footprint,off,5,50,1.0,20,20,0.2,1.1,2.299350333265804,0.45974962879308456,0.4022906227630637,24.937913662687208,0.3769777492053288,4.716825661549833,0.3447206875225867,24.569701564818487,0.4633813233460942,0.3977110157367668,0.3768033138123125,0.3458745351840012,14002,0,131.67
mnist784_pca32 (20c),1,post_footprint_on,post,footprint,on,5,50,1.0,20,20,0.2,1.1,1.993922602616734,0.4709396874971574,0.3859267319550236,23.70055399168901,0.32617236329868926,6.283204286459063,0.3052136333142943,23.373589523182268,0.47997171379080805,0.37445573294629897,0.3284530781316955,0.3072302478821923,14002,0,101.154
mnist784_pca32 (20c),1,pre_mass_off,pre,mass,off,5,50,1.0,20,20,0.2,1.1,2.598837280654,0.5603663579446145,0.4870010984987184,25.005180316161358,0.4266223793706918,3.7023017674535526,0.3075255836193623,24.586512353089766,0.5662879361176472,0.48755490483162517,0.4355092129695758,0.30612826820386746,14002,0,78.536
mnist784_pca32 (20c),1,pre_mass_on,pre,mass,on,5,50,1.0,20,20,0.2,1.1,2.1805524786454655,0.5983910514687804,0.42078364565587734,23.841786015049294,0.3621379334976249,5.2926734558875825,0.24789937418218888,23.504616303508143,0.5982116456918292,0.4209809264305177,0.3668761605484931,0.2489357019153526,14002,0,138.15
mnist784_pca32 (50c),0,post_footprint_off,post,footprint,off,5,50,1.0,50,50,0.2,1.1,2.295923672142109,0.5378212112750055,0.45478036175710596,24.671193632360353,0.45798514391829154,4.680317011826098,0.3322367054058259,24.42260858828961,0.5439978379204917,0.4517241379310345,0.4564161188911117,0.3336386505145206,13996,0,133.943
mnist784_pca32 (50c),0,post_footprint_on,post,footprint,on,5,50,1.0,50,50,0.2,1.1,1.9449725889679048,0.5005830533001466,0.3767186067827681,23.765197006434224,0.36911649167916577,6.514833632713476,0.3236410919997703,23.638939718286032,0.5086150760840831,0.36996336996337,0.3678193769648471,0.3286962494971593,13996,0,100.161
mnist784_pca32 (50c),0,pre_mass_off,pre,mass,off,5,50,1.0,50,50,0.2,1.1,2.795674876212754,0.5209267832452279,0.43496985357450474,24.893596812807136,0.4104528247982287,3.185035842769979,0.29897286585744554,24.59033134887161,0.5278583861619128,0.4,0.4077593598170906,0.2969569087611574,13996,0,74.581
mnist784_pca32 (50c),0,pre_mass_on,pre,mass,on,5,50,1.0,50,50,0.2,1.1,1.5539703983299598,0.5447744983584921,0.39194139194139194,24.12604653192699,0.34086850939218627,10.443553728263709,0.25205485242957265,24.041462376162233,0.5463859167678621,0.3956043956043956,0.3423835381537582,0.25602166877613236,13996,0,137.422
mnist784_pca32 (50c),1,post_footprint_off,post,footprint,off,5,50,1.0,50,50,0.2,1.1,2.4691565518021394,0.48658308328432276,0.39362618432385876,24.83270565037428,0.36888436540247127,4.073116087316937,0.3202710625971882,24.445808191672054,0.48865496251724333,0.4166666666666667,0.36931980565875966,0.3202389274708058,13996,0,144.261
mnist784_pca32 (50c),1,post_footprint_on,post,footprint,on,5,50,1.0,50,50,0.2,1.1,2.5427754714279187,0.48103942967691965,0.3632162661737523,23.61464776405848,0.3397793014784658,3.8229273421396277,0.2874529069695882,23.301331837697024,0.4827741154117178,0.35555555555555557,0.337953701057445,0.2877496729567842,13996,0,100.513
mnist784_pca32 (50c),1,pre_mass_off,pre,mass,off,5,50,1.0,50,50,0.2,1.1,2.4957996622203056,0.5387814739915331,0.45018115942028986,25.06311528456297,0.39563245482465537,4.023607495934253,0.2810607766941454,24.6535505749107,0.5390482026364194,0.4420289855072464,0.3944698485281509,0.2797310618796536,13996,0,83.561
mnist784_pca32 (50c),1,pre_mass_on,pre,mass,on,5,50,1.0,50,50,0.2,1.1,2.6420847159375387,0.5468392784208993,0.37805983680870353,23.89022093921154,0.36459895721734165,3.6119740885292955,0.250567582878472,23.553503364095693,0.5471395932165529,0.36594202898550726,0.36038868248070877,0.25059605438421484,13996,0,139.988
