dataset,m,seed,n,d,c,distinct,entropy_norm
wine,2.0,0,178,13,3,3,0.814136
wine,2.0,1,178,13,3,3,0.814136
wine,2.0,2,178,13,3,3,0.814136
wine,2.0,3,178,13,3,3,0.814136
wine,2.0,4,178,13,3,3,0.814135
wine,1.5,0,178,13,3,3,0.451712
wine,1.5,1,178,13,3,3,0.451712
wine,1.5,2,178,13,3,3,0.451712
wine,1.5,3,178,13,3,3,0.451712
wine,1.5,4,178,13,3,3,0.451712
wine,1.3,0,178,13,3,3,0.231007
wine,1.3,1,178,13,3,3,0.231007
wine,1.3,2,178,13,3,3,0.231007
wine,1.3,3,178,13,3,3,0.231007
wine,1.3,4,178,13,3,3,0.231007
wine,1.2,0,178,13,3,3,0.135197
wine,1.2,1,178,13,3,3,0.135198
wine,1.2,2,178,13,3,3,0.135198
wine,1.2,3,178,13,3,3,0.135198
wine,1.2,4,178,13,3,3,0.135197
wine,1.1,0,178,13,3,3,0.057225
wine,1.1,1,178,13,3,3,0.057225
wine,1.1,2,178,13,3,3,0.057225
wine,1.1,3,178,13,3,3,0.057225
wine,1.1,4,178,13,3,3,0.057225
satimage,2.0,0,6430,36,6,6,0.617608
satimage,2.0,1,6430,36,6,6,0.617608
satimage,2.0,2,6430,36,6,6,0.617608
satimage,2.0,3,6430,36,6,6,0.617608
satimage,2.0,4,6430,36,6,6,0.617608
satimage,1.5,0,6430,36,6,6,0.281564
satimage,1.5,1,6430,36,6,6,0.281564
satimage,1.5,2,6430,36,6,6,0.281564
satimage,1.5,3,6430,36,6,6,0.281564
satimage,1.5,4,6430,36,6,6,0.281564
satimage,1.3,0,6430,36,6,6,0.138441
satimage,1.3,1,6430,36,6,6,0.138441
satimage,1.3,2,6430,36,6,6,0.138441
satimage,1.3,3,6430,36,6,6,0.138441
satimage,1.3,4,6430,36,6,6,0.138441
satimage,1.2,0,6430,36,6,6,0.081627
satimage,1.2,1,6430,36,6,6,0.081627
satimage,1.2,2,6430,36,6,6,0.081627
satimage,1.2,3,6430,36,6,6,0.081627
satimage,1.2,4,6430,36,6,6,0.081627
satimage,1.1,0,6430,36,6,6,0.036822
satimage,1.1,1,6430,36,6,6,0.036822
satimage,1.1,2,6430,36,6,6,0.036822
satimage,1.1,3,6430,36,6,6,0.036822
satimage,1.1,4,6430,36,6,6,0.036822
pendigits,2.0,0,10992,16,10,6,0.952663
pendigits,2.0,1,10992,16,10,8,0.952286
pendigits,2.0,2,10992,16,10,10,0.952286
pendigits,2.0,3,10992,16,10,5,0.912587
pendigits,2.0,4,10992,16,10,7,0.894954
pendigits,1.5,0,10992,16,10,10,0.461477
pendigits,1.5,1,10992,16,10,10,0.461476
pendigits,1.5,2,10992,16,10,10,0.501199
pendigits,1.5,3,10992,16,10,10,0.461477
pendigits,1.5,4,10992,16,10,10,0.461477
pendigits,1.3,0,10992,16,10,10,0.231127
pendigits,1.3,1,10992,16,10,10,0.233286
pendigits,1.3,2,10992,16,10,10,0.227753
pendigits,1.3,3,10992,16,10,10,0.231127
pendigits,1.3,4,10992,16,10,10,0.231127
pendigits,1.2,0,10992,16,10,10,0.127302
pendigits,1.2,1,10992,16,10,10,0.110111
pendigits,1.2,2,10992,16,10,10,0.118076
pendigits,1.2,3,10992,16,10,10,0.127302
pendigits,1.2,4,10992,16,10,10,0.127302
pendigits,1.1,0,10992,16,10,10,0.049429
pendigits,1.1,1,10992,16,10,10,0.050058
pendigits,1.1,2,10992,16,10,10,0.043092
pendigits,1.1,3,10992,16,10,10,0.050058
pendigits,1.1,4,10992,16,10,10,0.049429
digits_pca16,2.0,0,1797,16,10,1,1.0
digits_pca16,2.0,1,1797,16,10,1,1.0
digits_pca16,2.0,2,1797,16,10,1,1.0
digits_pca16,2.0,3,1797,16,10,1,1.0
digits_pca16,2.0,4,1797,16,10,1,1.0
digits_pca16,1.5,0,1797,16,10,1,1.0
digits_pca16,1.5,1,1797,16,10,1,1.0
digits_pca16,1.5,2,1797,16,10,1,1.0
digits_pca16,1.5,3,1797,16,10,1,1.0
digits_pca16,1.5,4,1797,16,10,1,1.0
digits_pca16,1.3,0,1797,16,10,10,0.543257
digits_pca16,1.3,1,1797,16,10,10,0.543257
digits_pca16,1.3,2,1797,16,10,10,0.518553
digits_pca16,1.3,3,1797,16,10,10,0.520842
digits_pca16,1.3,4,1797,16,10,10,0.543257
digits_pca16,1.2,0,1797,16,10,10,0.286717
digits_pca16,1.2,1,1797,16,10,10,0.308431
digits_pca16,1.2,2,1797,16,10,10,0.287543
digits_pca16,1.2,3,1797,16,10,10,0.308431
digits_pca16,1.2,4,1797,16,10,10,0.300031
digits_pca16,1.1,0,1797,16,10,10,0.104958
digits_pca16,1.1,1,1797,16,10,10,0.104958
digits_pca16,1.1,2,1797,16,10,10,0.101725
digits_pca16,1.1,3,1797,16,10,10,0.100599
digits_pca16,1.1,4,1797,16,10,10,0.100599
letter,2.0,0,20000,16,26,1,1.0
letter,2.0,1,20000,16,26,1,1.0
letter,2.0,2,20000,16,26,2,0.993628
letter,2.0,3,20000,16,26,1,1.0
letter,2.0,4,20000,16,26,2,0.993628
letter,1.5,0,20000,16,26,23,0.882267
letter,1.5,1,20000,16,26,25,0.869166
letter,1.5,2,20000,16,26,24,0.851814
letter,1.5,3,20000,16,26,24,0.869589
letter,1.5,4,20000,16,26,26,0.882557
letter,1.3,0,20000,16,26,26,0.500944
letter,1.3,1,20000,16,26,26,0.475974
letter,1.3,2,20000,16,26,26,0.467648
letter,1.3,3,20000,16,26,26,0.474327
letter,1.3,4,20000,16,26,26,0.472518
letter,1.2,0,20000,16,26,26,0.247562
letter,1.2,1,20000,16,26,26,0.246536
letter,1.2,2,20000,16,26,26,0.246011
letter,1.2,3,20000,16,26,26,0.242872
letter,1.2,4,20000,16,26,26,0.244152
letter,1.1,0,20000,16,26,26,0.089214
letter,1.1,1,20000,16,26,26,0.088393
letter,1.1,2,20000,16,26,26,0.083339
letter,1.1,3,20000,16,26,26,0.084919
letter,1.1,4,20000,16,26,26,0.087782
digits_pca32,2.0,0,1797,32,10,1,1.0
digits_pca32,2.0,1,1797,32,10,1,1.0
digits_pca32,2.0,2,1797,32,10,1,1.0
digits_pca32,2.0,3,1797,32,10,1,1.0
digits_pca32,2.0,4,1797,32,10,1,1.0
digits_pca32,1.5,0,1797,32,10,1,1.0
digits_pca32,1.5,1,1797,32,10,1,1.0
digits_pca32,1.5,2,1797,32,10,1,1.0
digits_pca32,1.5,3,1797,32,10,1,1.0
digits_pca32,1.5,4,1797,32,10,1,1.0
digits_pca32,1.3,0,1797,32,10,1,1.0
digits_pca32,1.3,1,1797,32,10,1,1.0
digits_pca32,1.3,2,1797,32,10,1,1.0
digits_pca32,1.3,3,1797,32,10,1,1.0
digits_pca32,1.3,4,1797,32,10,1,1.0
digits_pca32,1.2,0,1797,32,10,2,0.952695
digits_pca32,1.2,1,1797,32,10,1,1.0
digits_pca32,1.2,2,1797,32,10,2,0.952695
digits_pca32,1.2,3,1797,32,10,2,0.949013
digits_pca32,1.2,4,1797,32,10,2,0.952695
digits_pca32,1.1,0,1797,32,10,10,0.28701
digits_pca32,1.1,1,1797,32,10,10,0.285931
digits_pca32,1.1,2,1797,32,10,10,0.294381
digits_pca32,1.1,3,1797,32,10,10,0.280133
digits_pca32,1.1,4,1797,32,10,10,0.281461
mnist784_pca32 (20c),2.0,0,70000,32,10,1,1.0
mnist784_pca32 (20c),2.0,1,70000,32,10,1,1.0
mnist784_pca32 (20c),2.0,2,70000,32,10,1,1.0
mnist784_pca32 (20c),2.0,3,70000,32,10,1,1.0
mnist784_pca32 (20c),2.0,4,70000,32,10,1,1.0
mnist784_pca32 (20c),1.5,0,70000,32,10,1,1.0
mnist784_pca32 (20c),1.5,1,70000,32,10,1,1.0
mnist784_pca32 (20c),1.5,2,70000,32,10,1,1.0
mnist784_pca32 (20c),1.5,3,70000,32,10,1,1.0
mnist784_pca32 (20c),1.5,4,70000,32,10,1,1.0
mnist784_pca32 (20c),1.3,0,70000,32,10,2,0.964672
mnist784_pca32 (20c),1.3,1,70000,32,10,1,1.0
mnist784_pca32 (20c),1.3,2,70000,32,10,1,1.0
mnist784_pca32 (20c),1.3,3,70000,32,10,1,1.0
mnist784_pca32 (20c),1.3,4,70000,32,10,1,1.0
mnist784_pca32 (20c),1.2,0,70000,32,10,3,0.892241
mnist784_pca32 (20c),1.2,1,70000,32,10,2,0.934403
mnist784_pca32 (20c),1.2,2,70000,32,10,3,0.892241
mnist784_pca32 (20c),1.2,3,70000,32,10,3,0.892241
mnist784_pca32 (20c),1.2,4,70000,32,10,3,0.892241
mnist784_pca32 (20c),1.1,0,70000,32,10,10,0.348946
mnist784_pca32 (20c),1.1,1,70000,32,10,10,0.34884
mnist784_pca32 (20c),1.1,2,70000,32,10,10,0.380499
mnist784_pca32 (20c),1.1,3,70000,32,10,10,0.350897
mnist784_pca32 (20c),1.1,4,70000,32,10,10,0.350547
mnist784_pca32 (50c),2.0,0,70000,32,10,1,1.0
mnist784_pca32 (50c),2.0,1,70000,32,10,1,1.0
mnist784_pca32 (50c),2.0,2,70000,32,10,1,1.0
mnist784_pca32 (50c),2.0,3,70000,32,10,1,1.0
mnist784_pca32 (50c),2.0,4,70000,32,10,1,1.0
mnist784_pca32 (50c),1.5,0,70000,32,10,1,1.0
mnist784_pca32 (50c),1.5,1,70000,32,10,1,1.0
mnist784_pca32 (50c),1.5,2,70000,32,10,1,1.0
mnist784_pca32 (50c),1.5,3,70000,32,10,1,1.0
mnist784_pca32 (50c),1.5,4,70000,32,10,1,1.0
mnist784_pca32 (50c),1.3,0,70000,32,10,1,1.0
mnist784_pca32 (50c),1.3,1,70000,32,10,2,0.964672
mnist784_pca32 (50c),1.3,2,70000,32,10,1,1.0
mnist784_pca32 (50c),1.3,3,70000,32,10,1,1.0
mnist784_pca32 (50c),1.3,4,70000,32,10,1,1.0
mnist784_pca32 (50c),1.2,0,70000,32,10,2,0.934403
mnist784_pca32 (50c),1.2,1,70000,32,10,3,0.892241
mnist784_pca32 (50c),1.2,2,70000,32,10,3,0.892241
mnist784_pca32 (50c),1.2,3,70000,32,10,3,0.892241
mnist784_pca32 (50c),1.2,4,70000,32,10,2,0.934403
mnist784_pca32 (50c),1.1,0,70000,32,10,10,0.368358
mnist784_pca32 (50c),1.1,1,70000,32,10,10,0.372004
mnist784_pca32 (50c),1.1,2,70000,32,10,10,0.38391
mnist784_pca32 (50c),1.1,3,70000,32,10,10,0.363672
mnist784_pca32 (50c),1.1,4,70000,32,10,10,0.348864
