criterion,action,n_states,mean_regret,max_regret,argmax_state,rec_mean_regret,rec_max_regret,n_substituted,status,variant,block
mean_acc,"F-FCM (post_none_off, L=5)",14,0.15889323079710435,0.43465735077603673,digits_pca32,0,0,0,ok,T10,s10-29
mean_acc,GF-PFedFCM (L=5),14,0.08206090397126566,0.23011702773840037,digits_pca32,0,0,0,ok,T10,s10-29
mean_acc,ungated PRE (L=1),14,0.02387267302929952,0.09281243690424579,mnist784_pca32 (50c),0,0,0,ok,T10,s10-29
mean_acc,pre_mass_off (L=1),14,0.010728765015677972,0.08049547895179265,quantity_skew_extreme,1,0,0,ok,T10,s10-29
mean_acc,pre_mass_off (L=5),14,0.056736009009675174,0.13864815717350154,digits_pca32,0,0,0,ok,T10,s10-29
mean_acc,SC-FFCM (L=5),14,0.01807780648639559,0.0806841089908934,mnist784_pca32 (50c),0,0,0,ok,T10,s10-29
mean_acc,"SC-FFCM (L=1, R=50)",14,0.017634152599363063,0.07684412748368274,mnist784_pca32 (50c),0,1,0,ok,T10,s10-29
worst_acc,"F-FCM (post_none_off, L=5)",14,0.18922572943004476,0.3461363636363636,cluster_skew_hard,0,0,0,ok,T10,s10-29
worst_acc,GF-PFedFCM (L=5),14,0.09530108854154766,0.3445387337206375,quantity_skew_extreme,0,0,0,ok,T10,s10-29
worst_acc,ungated PRE (L=1),14,0.030676787660896505,0.17183813550475002,quantity_skew_extreme,0,0,0,ok,T10,s10-29
worst_acc,pre_mass_off (L=1),14,0.031238235199886714,0.189254177399115,quantity_skew_extreme,0,0,0,ok,T10,s10-29
worst_acc,pre_mass_off (L=5),14,0.07177431312836073,0.27206937156753797,quantity_skew_extreme,0,0,0,ok,T10,s10-29
worst_acc,SC-FFCM (L=5),14,0.015247386002223468,0.06019676620058473,mnist784_pca32 (20c),0,0,0,ok,T10,s10-29
worst_acc,"SC-FFCM (L=1, R=50)",14,0.014046792212082933,0.051697610750984835,mnist784_pca32 (20c),1,1,0,ok,T10,s10-29
gacc,"F-FCM (post_none_off, L=5)",14,0.17975868665274583,0.391151919866444,digits_pca32,0,0,0,ok,T10,s10-29
gacc,GF-PFedFCM (L=5),14,0.10371682731861188,0.23786867000556472,digits_pca32,0,0,0,ok,T10,s10-29
gacc,ungated PRE (L=1),14,0.023380023648918242,0.12146871487448474,quantity_skew_extreme,0,0,0,ok,T10,s10-29
gacc,pre_mass_off (L=1),14,0.019007719908760174,0.1315473960284752,quantity_skew_extreme,0,0,0,ok,T10,s10-29
gacc,pre_mass_off (L=5),14,0.07957196095944684,0.1857062570251029,quantity_skew_extreme,0,0,0,ok,T10,s10-29
gacc,SC-FFCM (L=5),14,0.014677966696056362,0.05159071428571427,mnist784_pca32 (50c),1,1,0,ok,T10,s10-29
gacc,"SC-FFCM (L=1, R=50)",14,0.015230423677355942,0.05630499999999988,mnist784_pca32 (50c),0,0,0,ok,T10,s10-29
fcm_obj,"F-FCM (post_none_off, L=5)",14,1.6728982593394384,7.471629384568275,dirichlet_0.03,0,0,0,ok,T10,s10-29
fcm_obj,GF-PFedFCM (L=5),14,0.18316722070306132,1.215562794249271,quantity_skew_extreme,0,0,0,ok,T10,s10-29
fcm_obj,ungated PRE (L=1),14,0.04420199747774128,0.4435165365542257,quantity_skew_extreme,0,0,0,ok,T10,s10-29
fcm_obj,pre_mass_off (L=1),14,0.07490862766236468,0.635053636523073,quantity_skew_extreme,0,0,0,ok,T10,s10-29
fcm_obj,pre_mass_off (L=5),14,0.3170352805472289,1.2690704377564477,quantity_skew_extreme,0,0,0,ok,T10,s10-29
fcm_obj,SC-FFCM (L=5),14,0.013144843588195513,0.05908604870934056,wine,1,1,0,ok,T10,s10-29
fcm_obj,"SC-FFCM (L=1, R=50)",14,0.014440502917018563,0.05932282841845479,wine,0,0,0,ok,T10,s10-29
upload_numbers,"F-FCM (post_none_off, L=5)",14,0.3817076545355605,1.3094688221709008,overlap_noise,0,0,0,ok,T10,s10-29
upload_numbers,GF-PFedFCM (L=5),14,0.02981366459627328,0.41739130434782595,cluster_skew_hard,1,1,0,ok,T10,s10-29
upload_numbers,ungated PRE (L=1),14,0.3817076545355605,1.3094688221709008,overlap_noise,0,0,0,ok,T10,s10-29
upload_numbers,pre_mass_off (L=1),14,0.3817076545355605,1.3094688221709008,overlap_noise,0,0,0,ok,T10,s10-29
upload_numbers,pre_mass_off (L=5),14,0.3817076545355605,1.3094688221709008,overlap_noise,0,0,0,ok,T10,s10-29
upload_numbers,SC-FFCM (L=5),14,0.8547266146964161,1.9063268499888217,wine,0,0,0,ok,T10,s10-29
upload_numbers,"SC-FFCM (L=1, R=50)",14,0.804557994335695,1.9063268499888217,wine,0,0,0,ok,T10,s10-29
mean_acc,"F-FCM (post_none_off, L=5)",14,0.1609069773380438,0.43573288281594047,digits_pca32,0,0,0,ok,T10,s10-19
mean_acc,GF-PFedFCM (L=5),14,0.0790637346307944,0.2141213680126245,digits_pca32,0,0,0,ok,T10,s10-19
mean_acc,ungated PRE (L=1),14,0.025222483902897507,0.09605126487072391,mnist784_pca32 (50c),0,0,0,ok,T10,s10-19
mean_acc,pre_mass_off (L=1),14,0.011389086330880363,0.10338572163538873,quantity_skew_extreme,1,0,0,ok,T10,s10-19
mean_acc,pre_mass_off (L=5),14,0.05322104633312324,0.13888396761445543,digits_pca32,0,0,0,ok,T10,s10-19
mean_acc,SC-FFCM (L=5),14,0.01819115934215129,0.07525454304648238,mnist784_pca32 (50c),0,1,0,ok,T10,s10-19
mean_acc,"SC-FFCM (L=1, R=50)",14,0.018161229421104708,0.08235460555671026,mnist784_pca32 (50c),0,0,0,ok,T10,s10-19
worst_acc,"F-FCM (post_none_off, L=5)",14,0.1913879559787613,0.3333917832868132,quantity_skew_extreme,0,0,0,ok,T10,s10-19
worst_acc,GF-PFedFCM (L=5),14,0.09204405807371026,0.3062439857247483,quantity_skew_extreme,0,0,0,ok,T10,s10-19
worst_acc,ungated PRE (L=1),14,0.03644873748317628,0.21056238029192254,quantity_skew_extreme,0,0,0,ok,T10,s10-19
worst_acc,pre_mass_off (L=1),14,0.033894486476164117,0.2452131629350769,quantity_skew_extreme,0,0,0,ok,T10,s10-19
worst_acc,pre_mass_off (L=5),14,0.06486253618321432,0.27456240176955304,quantity_skew_extreme,0,0,0,ok,T10,s10-19
worst_acc,SC-FFCM (L=5),14,0.018669008829074765,0.049349148491946215,mnist784_pca32 (20c),0,1,0,ok,T10,s10-19
worst_acc,"SC-FFCM (L=1, R=50)",14,0.016052491207548,0.05827600890830159,mnist784_pca32 (50c),1,0,0,ok,T10,s10-19
gacc,"F-FCM (post_none_off, L=5)",14,0.18120345237884594,0.37874234835837495,digits_pca32,0,0,0,ok,T10,s10-19
gacc,GF-PFedFCM (L=5),14,0.09851343396127413,0.2219810795770728,digits_pca32,0,0,0,ok,T10,s10-19
gacc,ungated PRE (L=1),14,0.024186568189283757,0.14413638066691647,quantity_skew_extreme,0,0,0,ok,T10,s10-19
gacc,pre_mass_off (L=1),14,0.02037918726899744,0.17208692394155123,quantity_skew_extreme,0,0,0,ok,T10,s10-19
gacc,pre_mass_off (L=5),14,0.072169735699548,0.18422630198576262,quantity_skew_extreme,0,0,0,ok,T10,s10-19
gacc,SC-FFCM (L=5),14,0.012869230649512366,0.05135142857142849,mnist784_pca32 (50c),1,1,0,ok,T10,s10-19
gacc,"SC-FFCM (L=1, R=50)",14,0.014353993158011336,0.06222428571428562,mnist784_pca32 (50c),0,0,0,ok,T10,s10-19
fcm_obj,"F-FCM (post_none_off, L=5)",14,1.600668109009144,7.221750701453139,dirichlet_0.03,0,0,0,ok,T10,s10-19
fcm_obj,GF-PFedFCM (L=5),14,0.1626903251404355,1.133153564104399,quantity_skew_extreme,0,0,0,ok,T10,s10-19
fcm_obj,ungated PRE (L=1),14,0.043608991320300376,0.43560394466929053,quantity_skew_extreme,0,0,0,ok,T10,s10-19
fcm_obj,pre_mass_off (L=1),14,0.07195480853579551,0.6787371234378201,quantity_skew_extreme,0,0,0,ok,T10,s10-19
fcm_obj,pre_mass_off (L=5),14,0.24648255354282764,0.8785987825714725,quantity_skew_extreme,0,0,0,ok,T10,s10-19
fcm_obj,SC-FFCM (L=5),14,0.012870901287342315,0.05959744578674693,wine,1,1,0,ok,T10,s10-19
fcm_obj,"SC-FFCM (L=1, R=50)",14,0.014225227055449699,0.05965887882238146,wine,0,0,0,ok,T10,s10-19
upload_numbers,"F-FCM (post_none_off, L=5)",14,0.38190433337457647,1.3584905660377358,overlap_noise,0,0,0,ok,T10,s10-19
upload_numbers,GF-PFedFCM (L=5),14,0.03303571428571429,0.4625000000000001,cluster_skew_hard,1,1,0,ok,T10,s10-19
upload_numbers,ungated PRE (L=1),14,0.38190433337457647,1.3584905660377358,overlap_noise,0,0,0,ok,T10,s10-19
upload_numbers,pre_mass_off (L=1),14,0.38190433337457647,1.3584905660377358,overlap_noise,0,0,0,ok,T10,s10-19
upload_numbers,pre_mass_off (L=5),14,0.38190433337457647,1.3584905660377358,overlap_noise,0,0,0,ok,T10,s10-19
upload_numbers,SC-FFCM (L=5),14,0.8456885341183068,1.8202115158636898,satimage,0,0,0,ok,T10,s10-19
upload_numbers,"SC-FFCM (L=1, R=50)",14,0.7966180961245978,1.8202115158636898,satimage,0,0,0,ok,T10,s10-19
mean_acc,"F-FCM (post_none_off, L=5)",14,0.15953705769350354,0.4335818187361332,digits_pca32,0,0,0,ok,T10,s20-29
mean_acc,GF-PFedFCM (L=5),14,0.08771564674907542,0.24611268746417592,digits_pca32,0,0,0,ok,T10,s20-29
mean_acc,ungated PRE (L=1),14,0.025180435593040045,0.11060134693152346,mnist784_pca32 (20c),0,0,0,ok,T10,s20-29
mean_acc,pre_mass_off (L=1),14,0.012726017137814087,0.05760523626819669,quantity_skew_extreme,1,1,0,ok,T10,s20-29
mean_acc,pre_mass_off (L=5),14,0.0629085451235656,0.13841234673254776,digits_pca32,0,0,0,ok,T10,s20-29
mean_acc,SC-FFCM (L=5),14,0.02062202706797835,0.09685095268137345,mnist784_pca32 (20c),0,0,0,ok,T10,s20-29
mean_acc,"SC-FFCM (L=1, R=50)",14,0.01976464921495993,0.08592764609391801,mnist784_pca32 (20c),0,0,0,ok,T10,s20-29
worst_acc,"F-FCM (post_none_off, L=5)",14,0.19053120949644425,0.38636363636363635,cluster_skew_hard,0,0,0,ok,T10,s20-29
worst_acc,GF-PFedFCM (L=5),14,0.10202582562450112,0.38283348171652676,quantity_skew_extreme,0,0,0,ok,T10,s20-29
worst_acc,ungated PRE (L=1),14,0.02837254445373268,0.1331138907175774,quantity_skew_extreme,0,0,0,ok,T10,s20-29
worst_acc,pre_mass_off (L=1),14,0.032049690538725244,0.13329519186315308,quantity_skew_extreme,0,0,0,ok,T10,s20-29
worst_acc,pre_mass_off (L=5),14,0.08215379668862306,0.269576341365523,quantity_skew_extreme,0,0,0,ok,T10,s20-29
worst_acc,SC-FFCM (L=5),14,0.015293469790488191,0.07104438390922313,mnist784_pca32 (20c),1,0,0,ok,T10,s20-29
worst_acc,"SC-FFCM (L=1, R=50)",14,0.015508799831733902,0.057569970737234466,mnist784_pca32 (20c),0,1,0,ok,T10,s20-29
gacc,"F-FCM (post_none_off, L=5)",14,0.18030274183835143,0.4035614913745131,digits_pca32,0,0,0,ok,T10,s20-29
gacc,GF-PFedFCM (L=5),14,0.11090904158765547,0.2537562604340568,digits_pca32,0,0,0,ok,T10,s20-29
gacc,ungated PRE (L=1),14,0.024562300020258488,0.09880104908205323,quantity_skew_extreme,0,0,0,ok,T10,s20-29
gacc,pre_mass_off (L=1),14,0.01962507346022865,0.09100786811539885,quantity_skew_extreme,0,0,0,ok,T10,s20-29
gacc,pre_mass_off (L=5),14,0.08896300713105146,0.18718621206444364,quantity_skew_extreme,0,0,0,ok,T10,s20-29
gacc,SC-FFCM (L=5),14,0.018475523654306065,0.06735142857142856,mnist784_pca32 (20c),0,0,0,ok,T10,s20-29
gacc,"SC-FFCM (L=1, R=50)",14,0.018095675108406258,0.058659999999999934,mnist784_pca32 (20c),1,1,0,ok,T10,s20-29
fcm_obj,"F-FCM (post_none_off, L=5)",14,1.7482993188418534,7.717111841764171,dirichlet_0.03,0,0,0,ok,T10,s20-29
fcm_obj,GF-PFedFCM (L=5),14,0.20527837684651798,1.298468494980893,quantity_skew_extreme,0,0,0,ok,T10,s20-29
fcm_obj,ungated PRE (L=1),14,0.04484377964819449,0.45147679748216535,quantity_skew_extreme,0,0,0,ok,T10,s20-29
fcm_obj,pre_mass_off (L=1),14,0.07827181804324723,0.5911069804664493,quantity_skew_extreme,0,0,0,ok,T10,s20-29
fcm_obj,pre_mass_off (L=5),14,0.3875744725550601,1.6618944713269295,quantity_skew_extreme,0,0,0,ok,T10,s20-29
fcm_obj,SC-FFCM (L=5),14,0.013464238291553113,0.0585749793725599,wine,1,1,0,ok,T10,s20-29
fcm_obj,"SC-FFCM (L=1, R=50)",14,0.014702577666271295,0.05898699338018881,wine,0,0,0,ok,T10,s20-29
upload_numbers,"F-FCM (post_none_off, L=5)",14,0.38965426881311716,1.262443438914027,overlap_noise,0,0,0,ok,T10,s20-29
upload_numbers,GF-PFedFCM (L=5),14,0.02702702702702703,0.3783783783783784,cluster_skew_hard,1,1,0,ok,T10,s20-29
upload_numbers,ungated PRE (L=1),14,0.38965426881311716,1.262443438914027,overlap_noise,0,0,0,ok,T10,s20-29
upload_numbers,pre_mass_off (L=1),14,0.38965426881311716,1.262443438914027,overlap_noise,0,0,0,ok,T10,s20-29
upload_numbers,pre_mass_off (L=5),14,0.38965426881311716,1.262443438914027,overlap_noise,0,0,0,ok,T10,s20-29
upload_numbers,SC-FFCM (L=5),14,0.875827764175423,2.439153439153439,wine,0,0,0,ok,T10,s20-29
upload_numbers,"SC-FFCM (L=1, R=50)",14,0.8241883224738841,2.439153439153439,wine,0,0,0,ok,T10,s20-29
mean_acc,"F-FCM (post_none_off, L=5)",14,0.15889323079710435,0.43465735077603673,digits_pca32,0,0,0,ok,U,s10-29
mean_acc,GF-PFedFCM (L=5),14,0.08206090397126566,0.23011702773840037,digits_pca32,0,0,0,ok,U,s10-29
mean_acc,ungated PRE (L=1),14,0.02387267302929952,0.09281243690424579,mnist784_pca32 (50c),0,0,0,ok,U,s10-29
mean_acc,pre_mass_off (L=1),14,0.010728765015677972,0.08049547895179265,quantity_skew_extreme,1,0,0,ok,U,s10-29
mean_acc,pre_mass_off (L=5),14,0.0567371620532399,0.13864815717350154,digits_pca32,0,0,0,ok,U,s10-29
mean_acc,SC-FFCM (L=5),14,0.01807780648639559,0.0806841089908934,mnist784_pca32 (50c),0,0,0,ok,U,s10-29
mean_acc,"SC-FFCM (L=1, R=50)",14,0.017634152599363063,0.07684412748368274,mnist784_pca32 (50c),0,1,0,ok,U,s10-29
worst_acc,"F-FCM (post_none_off, L=5)",14,0.18922572943004476,0.3461363636363636,cluster_skew_hard,0,0,0,ok,U,s10-29
worst_acc,GF-PFedFCM (L=5),14,0.09530108854154766,0.3445387337206375,quantity_skew_extreme,0,0,0,ok,U,s10-29
worst_acc,ungated PRE (L=1),14,0.030676787660896505,0.17183813550475002,quantity_skew_extreme,0,0,0,ok,U,s10-29
worst_acc,pre_mass_off (L=1),14,0.031238235199886714,0.189254177399115,quantity_skew_extreme,0,0,0,ok,U,s10-29
worst_acc,pre_mass_off (L=5),14,0.07177431312836073,0.27206937156753797,quantity_skew_extreme,0,0,0,ok,U,s10-29
worst_acc,SC-FFCM (L=5),14,0.015247386002223468,0.06019676620058473,mnist784_pca32 (20c),0,0,0,ok,U,s10-29
worst_acc,"SC-FFCM (L=1, R=50)",14,0.014046792212082933,0.051697610750984835,mnist784_pca32 (20c),1,1,0,ok,U,s10-29
gacc,"F-FCM (post_none_off, L=5)",14,0.17975868665274583,0.391151919866444,digits_pca32,0,0,0,ok,U,s10-29
gacc,GF-PFedFCM (L=5),14,0.10371682731861188,0.23786867000556472,digits_pca32,0,0,0,ok,U,s10-29
gacc,ungated PRE (L=1),14,0.023380023648918242,0.12146871487448474,quantity_skew_extreme,0,0,0,ok,U,s10-29
gacc,pre_mass_off (L=1),14,0.019007719908760174,0.1315473960284752,quantity_skew_extreme,0,0,0,ok,U,s10-29
gacc,pre_mass_off (L=5),14,0.07957307182369923,0.1857062570251029,quantity_skew_extreme,0,0,0,ok,U,s10-29
gacc,SC-FFCM (L=5),14,0.014677966696056362,0.05159071428571427,mnist784_pca32 (50c),1,1,0,ok,U,s10-29
gacc,"SC-FFCM (L=1, R=50)",14,0.015230423677355942,0.05630499999999988,mnist784_pca32 (50c),0,0,0,ok,U,s10-29
fcm_obj,"F-FCM (post_none_off, L=5)",14,1.6728984129090663,7.471630009777947,dirichlet_0.03,0,0,0,ok,U,s10-29
fcm_obj,GF-PFedFCM (L=5),14,0.18316722070246771,1.215562794249271,quantity_skew_extreme,0,0,0,ok,U,s10-29
fcm_obj,ungated PRE (L=1),14,0.04420199920987209,0.44351654419831743,quantity_skew_extreme,0,0,0,ok,U,s10-29
fcm_obj,pre_mass_off (L=1),14,0.07490862478372648,0.6350536358192327,quantity_skew_extreme,0,0,0,ok,U,s10-29
fcm_obj,pre_mass_off (L=5),14,0.3170352644118525,1.2690705665580437,quantity_skew_extreme,0,0,0,ok,U,s10-29
fcm_obj,SC-FFCM (L=5),14,0.013144843587659957,0.05908604870934056,wine,1,1,0,ok,U,s10-29
fcm_obj,"SC-FFCM (L=1, R=50)",14,0.014440502916482837,0.05932282841845479,wine,0,0,0,ok,U,s10-29
upload_numbers,"F-FCM (post_none_off, L=5)",14,0.42010952845388766,1.3223684210526312,cluster_skew_hard,0,0,0,ok,U,s10-29
upload_numbers,GF-PFedFCM (L=5),14,0.281866899882483,1.1447368421052628,cluster_skew_hard,0,0,0,ok,U,s10-29
upload_numbers,ungated PRE (L=1),14,0.17024918985313583,0.7093235831809872,cluster_skew_overlap,0,0,0,ok,U,s10-29
upload_numbers,pre_mass_off (L=1),14,0.10895681307095306,0.42653352353780316,satimage,1,1,0,ok,U,s10-29
upload_numbers,pre_mass_off (L=5),14,0.24124435569368274,1.3177083333333333,dirichlet_0.03,0,0,0,ok,U,s10-29
upload_numbers,SC-FFCM (L=5),14,1.1976464638420221,3.0906230333543108,wine,0,0,0,ok,U,s10-29
upload_numbers,"SC-FFCM (L=1, R=50)",14,1.1560341527626734,3.0906230333543108,wine,0,0,0,ok,U,s10-29
mean_acc,"F-FCM (post_none_off, L=5)",14,0.1609069773380438,0.43573288281594047,digits_pca32,0,0,0,ok,U,s10-19
mean_acc,GF-PFedFCM (L=5),14,0.0790637346307944,0.2141213680126245,digits_pca32,0,0,0,ok,U,s10-19
mean_acc,ungated PRE (L=1),14,0.025222483902897507,0.09605126487072391,mnist784_pca32 (50c),0,0,0,ok,U,s10-19
mean_acc,pre_mass_off (L=1),14,0.011389086330880363,0.10338572163538873,quantity_skew_extreme,1,0,0,ok,U,s10-19
mean_acc,pre_mass_off (L=5),14,0.05322255965031453,0.13888396761445543,digits_pca32,0,0,0,ok,U,s10-19
mean_acc,SC-FFCM (L=5),14,0.01819115934215129,0.07525454304648238,mnist784_pca32 (50c),0,1,0,ok,U,s10-19
mean_acc,"SC-FFCM (L=1, R=50)",14,0.018161229421104708,0.08235460555671026,mnist784_pca32 (50c),0,0,0,ok,U,s10-19
worst_acc,"F-FCM (post_none_off, L=5)",14,0.1913879559787613,0.3333917832868132,quantity_skew_extreme,0,0,0,ok,U,s10-19
worst_acc,GF-PFedFCM (L=5),14,0.09204405807371026,0.3062439857247483,quantity_skew_extreme,0,0,0,ok,U,s10-19
worst_acc,ungated PRE (L=1),14,0.03644873748317628,0.21056238029192254,quantity_skew_extreme,0,0,0,ok,U,s10-19
worst_acc,pre_mass_off (L=1),14,0.033894486476164117,0.2452131629350769,quantity_skew_extreme,0,0,0,ok,U,s10-19
worst_acc,pre_mass_off (L=5),14,0.06486253618321432,0.27456240176955304,quantity_skew_extreme,0,0,0,ok,U,s10-19
worst_acc,SC-FFCM (L=5),14,0.018669008829074765,0.049349148491946215,mnist784_pca32 (20c),0,1,0,ok,U,s10-19
worst_acc,"SC-FFCM (L=1, R=50)",14,0.016052491207548,0.05827600890830159,mnist784_pca32 (50c),1,0,0,ok,U,s10-19
gacc,"F-FCM (post_none_off, L=5)",14,0.18120345237884594,0.37874234835837495,digits_pca32,0,0,0,ok,U,s10-19
gacc,GF-PFedFCM (L=5),14,0.09851343396127413,0.2219810795770728,digits_pca32,0,0,0,ok,U,s10-19
gacc,ungated PRE (L=1),14,0.024186568189283757,0.14413638066691647,quantity_skew_extreme,0,0,0,ok,U,s10-19
gacc,pre_mass_off (L=1),14,0.02037918726899744,0.17208692394155123,quantity_skew_extreme,0,0,0,ok,U,s10-19
gacc,pre_mass_off (L=5),14,0.07217084656380038,0.18422630198576262,quantity_skew_extreme,0,0,0,ok,U,s10-19
gacc,SC-FFCM (L=5),14,0.012869230649512366,0.05135142857142849,mnist784_pca32 (50c),1,1,0,ok,U,s10-19
gacc,"SC-FFCM (L=1, R=50)",14,0.014353993158011336,0.06222428571428562,mnist784_pca32 (50c),0,0,0,ok,U,s10-19
fcm_obj,"F-FCM (post_none_off, L=5)",14,1.6006682848614147,7.221751761347586,dirichlet_0.03,0,0,0,ok,U,s10-19
fcm_obj,GF-PFedFCM (L=5),14,0.16269032513993234,1.133153564104399,quantity_skew_extreme,0,0,0,ok,U,s10-19
fcm_obj,ungated PRE (L=1),14,0.04360899291220308,0.43560395272032204,quantity_skew_extreme,0,0,0,ok,U,s10-19
fcm_obj,pre_mass_off (L=1),14,0.07195480449485514,0.6787371217513443,quantity_skew_extreme,0,0,0,ok,U,s10-19
fcm_obj,pre_mass_off (L=5),14,0.2464825498603173,0.8785988686684584,quantity_skew_extreme,0,0,0,ok,U,s10-19
fcm_obj,SC-FFCM (L=5),14,0.012870901286879443,0.05959744578674693,wine,1,1,0,ok,U,s10-19
fcm_obj,"SC-FFCM (L=1, R=50)",14,0.014225227054986578,0.05965887882238146,wine,0,0,0,ok,U,s10-19
upload_numbers,"F-FCM (post_none_off, L=5)",14,0.4581050442493447,1.5804195804195809,cluster_skew_hard,0,0,0,ok,U,s10-19
upload_numbers,GF-PFedFCM (L=5),14,0.333319396073891,1.5126582278481016,dirichlet_0.03,0,0,0,ok,U,s10-19
upload_numbers,ungated PRE (L=1),14,0.19887467761477254,0.818181818181818,overlap_noise,0,0,0,ok,U,s10-19
upload_numbers,pre_mass_off (L=1),14,0.12362936814407902,0.5294117647058821,overlap_noise,1,1,0,ok,U,s10-19
upload_numbers,pre_mass_off (L=5),14,0.26977003760526336,1.848101265822785,dirichlet_0.03,0,0,0,ok,U,s10-19
upload_numbers,SC-FFCM (L=5),14,1.2755300152658577,3.4642857142857144,wine,0,0,0,ok,U,s10-19
upload_numbers,"SC-FFCM (L=1, R=50)",14,1.241963996222536,3.4642857142857144,wine,0,0,0,ok,U,s10-19
mean_acc,"F-FCM (post_none_off, L=5)",14,0.15953705769350354,0.4335818187361332,digits_pca32,0,0,0,ok,U,s20-29
mean_acc,GF-PFedFCM (L=5),14,0.08771564674907542,0.24611268746417592,digits_pca32,0,0,0,ok,U,s20-29
mean_acc,ungated PRE (L=1),14,0.025180435593040045,0.11060134693152346,mnist784_pca32 (20c),0,0,0,ok,U,s20-29
mean_acc,pre_mass_off (L=1),14,0.012726017137814087,0.05760523626819669,quantity_skew_extreme,1,1,0,ok,U,s20-29
mean_acc,pre_mass_off (L=5),14,0.06290933789350375,0.13841234673254776,digits_pca32,0,0,0,ok,U,s20-29
mean_acc,SC-FFCM (L=5),14,0.02062202706797835,0.09685095268137345,mnist784_pca32 (20c),0,0,0,ok,U,s20-29
mean_acc,"SC-FFCM (L=1, R=50)",14,0.01976464921495993,0.08592764609391801,mnist784_pca32 (20c),0,0,0,ok,U,s20-29
worst_acc,"F-FCM (post_none_off, L=5)",14,0.19053120949644425,0.38636363636363635,cluster_skew_hard,0,0,0,ok,U,s20-29
worst_acc,GF-PFedFCM (L=5),14,0.10202582562450112,0.38283348171652676,quantity_skew_extreme,0,0,0,ok,U,s20-29
worst_acc,ungated PRE (L=1),14,0.02837254445373268,0.1331138907175774,quantity_skew_extreme,0,0,0,ok,U,s20-29
worst_acc,pre_mass_off (L=1),14,0.032049690538725244,0.13329519186315308,quantity_skew_extreme,0,0,0,ok,U,s20-29
worst_acc,pre_mass_off (L=5),14,0.08215379668862306,0.269576341365523,quantity_skew_extreme,0,0,0,ok,U,s20-29
worst_acc,SC-FFCM (L=5),14,0.015293469790488191,0.07104438390922313,mnist784_pca32 (20c),1,0,0,ok,U,s20-29
worst_acc,"SC-FFCM (L=1, R=50)",14,0.015508799831733902,0.057569970737234466,mnist784_pca32 (20c),0,1,0,ok,U,s20-29
gacc,"F-FCM (post_none_off, L=5)",14,0.18030274183835143,0.4035614913745131,digits_pca32,0,0,0,ok,U,s20-29
gacc,GF-PFedFCM (L=5),14,0.11090904158765547,0.2537562604340568,digits_pca32,0,0,0,ok,U,s20-29
gacc,ungated PRE (L=1),14,0.024562300020258488,0.09880104908205323,quantity_skew_extreme,0,0,0,ok,U,s20-29
gacc,pre_mass_off (L=1),14,0.01962507346022865,0.09100786811539885,quantity_skew_extreme,0,0,0,ok,U,s20-29
gacc,pre_mass_off (L=5),14,0.08896411799530383,0.18718621206444364,quantity_skew_extreme,0,0,0,ok,U,s20-29
gacc,SC-FFCM (L=5),14,0.018475523654306065,0.06735142857142856,mnist784_pca32 (20c),0,0,0,ok,U,s20-29
gacc,"SC-FFCM (L=1, R=50)",14,0.018095675108406258,0.058659999999999934,mnist784_pca32 (20c),1,1,0,ok,U,s20-29
fcm_obj,"F-FCM (post_none_off, L=5)",14,1.7482994496125461,7.717112039936603,dirichlet_0.03,0,0,0,ok,U,s20-29
fcm_obj,GF-PFedFCM (L=5),14,0.2052783768462807,1.298468494980893,quantity_skew_extreme,0,0,0,ok,U,s20-29
fcm_obj,ungated PRE (L=1),14,0.04484378152070093,0.45147680471686574,quantity_skew_extreme,0,0,0,ok,U,s20-29
fcm_obj,pre_mass_off (L=1),14,0.07827181633437172,0.5911069807511646,quantity_skew_extreme,0,0,0,ok,U,s20-29
fcm_obj,pre_mass_off (L=5),14,0.3875744442332399,1.661894643090408,quantity_skew_extreme,0,0,0,ok,U,s20-29
fcm_obj,SC-FFCM (L=5),14,0.013464238291377618,0.0585749793725599,wine,1,1,0,ok,U,s20-29
fcm_obj,"SC-FFCM (L=1, R=50)",14,0.014702577666095748,0.05898699338018881,wine,0,0,0,ok,U,s20-29
upload_numbers,"F-FCM (post_none_off, L=5)",14,0.43767643986588844,1.093167701863354,cluster_skew_hard,0,0,0,ok,U,s20-29
upload_numbers,GF-PFedFCM (L=5),14,0.279286198570259,1.1445783132530118,dirichlet_0.1,0,0,0,ok,U,s20-29
upload_numbers,ungated PRE (L=1),14,0.1748785806924857,0.7636363636363637,cluster_skew_overlap,0,0,0,ok,U,s20-29
upload_numbers,pre_mass_off (L=1),14,0.12337783331279024,0.42857142857142855,satimage,1,1,0,ok,U,s20-29
upload_numbers,pre_mass_off (L=5),14,0.2579951652866842,1.180722891566265,dirichlet_0.1,0,0,0,ok,U,s20-29
upload_numbers,SC-FFCM (L=5),14,1.1902172964620417,2.7746806039488967,wine,0,0,0,ok,U,s20-29
upload_numbers,"SC-FFCM (L=1, R=50)",14,1.1390434556892528,2.7746806039488967,wine,0,0,0,ok,U,s20-29
mean_acc,"F-FCM (post_none_off, L=5)",14,0.15774260332885667,0.43278689827713673,digits_pca32,0,0,0,ok,C,s10-29
mean_acc,GF-PFedFCM (L=5),14,0.08360331492953799,0.23715918142455328,digits_pca32,0,0,0,ok,C,s10-29
mean_acc,ungated PRE (L=1),14,0.022974408191183116,0.09087025872005505,mnist784_pca32 (20c),0,0,0,ok,C,s10-29
mean_acc,pre_mass_off (L=1),14,0.017032908747578204,0.08076047273787312,quantity_skew_extreme,1,0,0,ok,C,s10-29
mean_acc,pre_mass_off (L=5),14,0.05746265663475474,0.13464445659872926,digits_pca32,0,0,0,ok,C,s10-29
mean_acc,SC-FFCM (L=5),14,0.017625688141489602,0.07898029899676529,mnist784_pca32 (20c),0,0,0,ok,C,s10-29
mean_acc,"SC-FFCM (L=1, R=50)",14,0.017182034254457076,0.06886143682925683,mnist784_pca32 (20c),0,1,0,ok,C,s10-29
worst_acc,"F-FCM (post_none_off, L=5)",14,0.19232557895355315,0.3461363636363636,cluster_skew_hard,0,0,0,ok,C,s10-29
worst_acc,GF-PFedFCM (L=5),14,0.10452317947241792,0.38159193364138244,quantity_skew_extreme,0,0,0,ok,C,s10-29
worst_acc,ungated PRE (L=1),14,0.033485747453846734,0.17041311670299186,quantity_skew_extreme,0,0,0,ok,C,s10-29
worst_acc,pre_mass_off (L=1),14,0.04443487504912369,0.18928406313981905,quantity_skew_extreme,0,0,0,ok,C,s10-29
worst_acc,pre_mass_off (L=5),14,0.08075028354107927,0.29273108119841185,quantity_skew_extreme,0,0,0,ok,C,s10-29
worst_acc,SC-FFCM (L=5),14,0.01812036545713844,0.05862376897650362,mnist784_pca32 (20c),0,0,0,ok,C,s10-29
worst_acc,"SC-FFCM (L=1, R=50)",14,0.01691977166699791,0.05635401207505342,digits_pca32,1,1,0,ok,C,s10-29
gacc,"F-FCM (post_none_off, L=5)",14,0.1787882850048492,0.3832498608792432,digits_pca32,0,0,0,ok,C,s10-29
gacc,GF-PFedFCM (L=5),14,0.10742367991352711,0.25260397152491554,quantity_skew_extreme,0,0,0,ok,C,s10-29
gacc,ungated PRE (L=1),14,0.021366229829984446,0.12182465342825033,quantity_skew_extreme,0,0,0,ok,C,s10-29
gacc,pre_mass_off (L=1),14,0.02993086110894206,0.131584863244661,quantity_skew_extreme,0,0,0,ok,C,s10-29
gacc,pre_mass_off (L=5),14,0.08211829764316228,0.18956538029224423,quantity_skew_extreme,0,0,0,ok,C,s10-29
gacc,SC-FFCM (L=5),14,0.013656210547628108,0.04579785714285722,mnist784_pca32 (20c),1,0,0,ok,C,s10-29
gacc,"SC-FFCM (L=1, R=50)",14,0.014208667528927688,0.04042499999999999,mnist784_pca32 (50c),0,1,0,ok,C,s10-29
fcm_obj,"F-FCM (post_none_off, L=5)",14,1.6733733157638209,7.471642511675901,dirichlet_0.03,0,0,0,ok,C,s10-29
fcm_obj,GF-PFedFCM (L=5),14,0.19476591560232312,1.2318347309140374,quantity_skew_extreme,0,0,0,ok,C,s10-29
fcm_obj,ungated PRE (L=1),14,0.04454319266007114,0.44341401416567106,quantity_skew_extreme,0,0,0,ok,C,s10-29
fcm_obj,pre_mass_off (L=1),14,0.1622429363476189,0.6347548830972999,quantity_skew_extreme,0,0,0,ok,C,s10-29
fcm_obj,pre_mass_off (L=5),14,0.3409660823417028,1.1986553373192144,dirichlet_0.03,0,0,0,ok,C,s10-29
fcm_obj,SC-FFCM (L=5),14,0.01370016428753871,0.05794818046447248,wine,1,1,0,ok,C,s10-29
fcm_obj,"SC-FFCM (L=1, R=50)",14,0.014996363383169956,0.05818470578055381,wine,0,0,0,ok,C,s10-29
upload_numbers,"F-FCM (post_none_off, L=5)",14,0.8196598568169222,2.816216216216216,cluster_skew_hard,0,0,0,ok,C,s10-29
upload_numbers,GF-PFedFCM (L=5),14,0.8137824366716906,3.0594594594594593,cluster_skew_hard,0,0,0,ok,C,s10-29
upload_numbers,ungated PRE (L=1),14,0.1817515322000034,0.8939393939393939,satimage,1,1,0,ok,C,s10-29
upload_numbers,pre_mass_off (L=1),14,1.152468405926586,4.216216216216216,cluster_skew_hard,0,0,0,ok,C,s10-29
upload_numbers,pre_mass_off (L=5),14,0.6701003887306627,4.405405405405405,cluster_skew_hard,0,0,0,ok,C,s10-29
upload_numbers,SC-FFCM (L=5),14,1.6987234063825096,4.877034358047016,wine,0,0,0,ok,C,s10-29
upload_numbers,"SC-FFCM (L=1, R=50)",14,1.6458959353629297,4.877034358047016,wine,0,0,0,ok,C,s10-29
mean_acc,"F-FCM (post_none_off, L=5)",14,0.1593567109314993,0.4348552219271722,digits_pca32,0,0,0,ok,C,s10-19
mean_acc,GF-PFedFCM (L=5),14,0.0820373362853217,0.22159533468016124,digits_pca32,0,0,0,ok,C,s10-19
mean_acc,ungated PRE (L=1),14,0.024161205307161777,0.08583615254985,quantity_skew_extreme,0,0,0,ok,C,s10-19
mean_acc,pre_mass_off (L=1),14,0.015942765220587518,0.10383241123165932,quantity_skew_extreme,1,0,0,ok,C,s10-19
mean_acc,pre_mass_off (L=5),14,0.05533083634815909,0.13952485763073552,digits_pca32,0,0,0,ok,C,s10-19
mean_acc,SC-FFCM (L=5),14,0.017542083133620812,0.0666486309711537,mnist784_pca32 (50c),0,1,0,ok,C,s10-19
mean_acc,"SC-FFCM (L=1, R=50)",14,0.01751215321257423,0.07374869348138158,mnist784_pca32 (50c),0,0,0,ok,C,s10-19
worst_acc,"F-FCM (post_none_off, L=5)",14,0.1919231227116492,0.33123967972694257,quantity_skew_extreme,0,0,0,ok,C,s10-19
worst_acc,GF-PFedFCM (L=5),14,0.10053339285009961,0.36073378164311565,quantity_skew_extreme,0,0,0,ok,C,s10-19
worst_acc,ungated PRE (L=1),14,0.03875286421156547,0.21062215177333066,quantity_skew_extreme,0,0,0,ok,C,s10-19
worst_acc,pre_mass_off (L=1),14,0.04227421628954871,0.24494930982101581,quantity_skew_extreme,0,0,0,ok,C,s10-19
worst_acc,pre_mass_off (L=5),14,0.07252735015295471,0.3192998669601521,quantity_skew_extreme,0,0,0,ok,C,s10-19
worst_acc,SC-FFCM (L=5),14,0.019918694311752118,0.07141542662319422,digits_pca32,0,0,0,ok,C,s10-19
worst_acc,"SC-FFCM (L=1, R=50)",14,0.01730217669022536,0.060188335740587906,digits_pca32,1,1,0,ok,C,s10-19
gacc,"F-FCM (post_none_off, L=5)",14,0.1795950344303011,0.37195325542570956,digits_pca32,0,0,0,ok,C,s10-19
gacc,GF-PFedFCM (L=5),14,0.10334827333480572,0.2448107905582615,quantity_skew_extreme,0,0,0,ok,C,s10-19
gacc,ungated PRE (L=1),14,0.022683431024926926,0.1442862495316598,quantity_skew_extreme,0,0,0,ok,C,s10-19
gacc,pre_mass_off (L=1),14,0.02731544073832303,0.1720494567253652,quantity_skew_extreme,0,0,0,ok,C,s10-19
gacc,pre_mass_off (L=5),14,0.07566782078760946,0.21940801798426368,quantity_skew_extreme,0,0,0,ok,C,s10-19
gacc,SC-FFCM (L=5),14,0.01162430997415467,0.04485142857142854,mnist784_pca32 (50c),1,1,0,ok,C,s10-19
gacc,"SC-FFCM (L=1, R=50)",14,0.013109072482653639,0.05572428571428567,mnist784_pca32 (50c),0,0,0,ok,C,s10-19
fcm_obj,"F-FCM (post_none_off, L=5)",14,1.6007963507132998,7.2217517613517765,dirichlet_0.03,0,0,0,ok,C,s10-19
fcm_obj,GF-PFedFCM (L=5),14,0.18214068727619664,1.290669917928217,quantity_skew_extreme,0,0,0,ok,C,s10-19
fcm_obj,ungated PRE (L=1),14,0.04357371597532783,0.4355172839594596,quantity_skew_extreme,0,0,0,ok,C,s10-19
fcm_obj,pre_mass_off (L=1),14,0.11739462412671889,0.6781852786557868,quantity_skew_extreme,0,0,0,ok,C,s10-19
fcm_obj,pre_mass_off (L=5),14,0.2821495399095289,1.163852197673241,quantity_skew_extreme,0,0,0,ok,C,s10-19
fcm_obj,SC-FFCM (L=5),14,0.013100289265635376,0.056955161997014135,wine,1,1,0,ok,C,s10-19
fcm_obj,"SC-FFCM (L=1, R=50)",14,0.01445553231419098,0.05701644183907987,wine,0,0,0,ok,C,s10-19
upload_numbers,"F-FCM (post_none_off, L=5)",14,0.8853742827709865,3.3411764705882354,cluster_skew_hard,0,0,0,ok,C,s10-19
upload_numbers,GF-PFedFCM (L=5),14,0.8600651850203225,3.3176470588235296,cluster_skew_hard,0,0,0,ok,C,s10-19
upload_numbers,ungated PRE (L=1),14,0.2090365735405504,0.8867924528301887,satimage,1,1,0,ok,C,s10-19
upload_numbers,pre_mass_off (L=1),14,1.2649094593740124,4.611764705882353,cluster_skew_hard,0,0,0,ok,C,s10-19
upload_numbers,pre_mass_off (L=5),14,0.7168983801822396,4.882352941176471,cluster_skew_hard,0,0,0,ok,C,s10-19
upload_numbers,SC-FFCM (L=5),14,1.8152520761266355,5.680369989722507,wine,0,0,0,ok,C,s10-19
upload_numbers,"SC-FFCM (L=1, R=50)",14,1.7696064548498949,5.680369989722507,wine,0,0,0,ok,C,s10-19
mean_acc,"F-FCM (post_none_off, L=5)",14,0.15783431155964364,0.43071857462710117,digits_pca32,0,0,0,ok,C,s20-29
mean_acc,GF-PFedFCM (L=5),14,0.08687510940718388,0.25272302816894543,digits_pca32,0,0,0,ok,C,s20-29
mean_acc,ungated PRE (L=1),14,0.023493426908634034,0.1126692743052361,mnist784_pca32 (20c),0,0,0,ok,C,s20-29
mean_acc,pre_mass_off (L=1),14,0.019828868107998412,0.05768853424408693,quantity_skew_extreme,0,1,0,ok,C,s20-29
mean_acc,pre_mass_off (L=5),14,0.06130029275477986,0.12976405556672288,digits_pca32,0,0,0,ok,C,s20-29
mean_acc,SC-FFCM (L=5),14,0.019415108982787872,0.09918756272548523,mnist784_pca32 (20c),0,0,0,ok,C,s20-29
mean_acc,"SC-FFCM (L=1, R=50)",14,0.018557731129769457,0.0882642561380298,mnist784_pca32 (20c),1,0,0,ok,C,s20-29
worst_acc,"F-FCM (post_none_off, L=5)",14,0.1944794848528108,0.38636363636363635,cluster_skew_hard,0,0,0,ok,C,s20-29
worst_acc,GF-PFedFCM (L=5),14,0.1102644157520899,0.40245008563964935,quantity_skew_extreme,0,0,0,ok,C,s20-29
worst_acc,ungated PRE (L=1),14,0.029970080353481626,0.13020408163265296,quantity_skew_extreme,0,0,0,ok,C,s20-29
worst_acc,pre_mass_off (L=1),14,0.04834698346605236,0.1336188164586224,quantity_skew_extreme,0,0,0,ok,C,s20-29
worst_acc,pre_mass_off (L=5),14,0.09072466658655749,0.2661622954366716,quantity_skew_extreme,0,0,0,ok,C,s20-29
worst_acc,SC-FFCM (L=5),14,0.0180734862598785,0.06926377557298918,mnist784_pca32 (20c),1,0,0,ok,C,s20-29
worst_acc,"SC-FFCM (L=1, R=50)",14,0.018288816301124212,0.05578936240100052,mnist784_pca32 (20c),0,1,0,ok,C,s20-29
gacc,"F-FCM (post_none_off, L=5)",14,0.17917151554121133,0.3945464663327768,digits_pca32,0,0,0,ok,C,s20-29
gacc,GF-PFedFCM (L=5),14,0.11268906645406256,0.26560934891485805,digits_pca32,0,0,0,ok,C,s20-29
gacc,ungated PRE (L=1),14,0.021239008596856006,0.09936305732484063,quantity_skew_extreme,0,0,0,ok,C,s20-29
gacc,pre_mass_off (L=1),14,0.03373626144137519,0.10227272727272751,dirichlet_0.03,0,0,0,ok,C,s20-29
gacc,pre_mass_off (L=5),14,0.08975875446052912,0.1597227426002249,quantity_skew_extreme,0,0,0,ok,C,s20-29
gacc,SC-FFCM (L=5),14,0.01687809108291553,0.06810571428571427,mnist784_pca32 (20c),0,0,0,ok,C,s20-29
gacc,"SC-FFCM (L=1, R=50)",14,0.016498242537015727,0.05941428571428564,mnist784_pca32 (20c),1,1,0,ok,C,s20-29
fcm_obj,"F-FCM (post_none_off, L=5)",14,1.7490813325629255,7.717137541974025,dirichlet_0.03,0,0,0,ok,C,s20-29
fcm_obj,GF-PFedFCM (L=5),14,0.20856688978185728,1.1726450940431223,quantity_skew_extreme,0,0,0,ok,C,s20-29
fcm_obj,ungated PRE (L=1),14,0.045526326905931606,0.4513583178569393,quantity_skew_extreme,0,0,0,ok,C,s20-29
fcm_obj,pre_mass_off (L=1),14,0.20641150188323015,1.0852495949499905,dirichlet_0.03,0,0,0,ok,C,s20-29
fcm_obj,pre_mass_off (L=5),14,0.39923231976496304,1.7076804657185842,dirichlet_0.03,0,0,0,ok,C,s20-29
fcm_obj,SC-FFCM (L=5),14,0.014310419849342578,0.05894338962741799,wine,1,1,0,ok,C,s20-29
fcm_obj,"SC-FFCM (L=1, R=50)",14,0.015548682885033551,0.059355547026104225,wine,0,0,0,ok,C,s20-29
upload_numbers,"F-FCM (post_none_off, L=5)",14,0.8220840165895231,2.37,cluster_skew_hard,0,0,0,ok,C,s20-29
upload_numbers,GF-PFedFCM (L=5),14,0.8377674550512015,3.7572815533980584,dirichlet_0.1,0,0,0,ok,C,s20-29
upload_numbers,ungated PRE (L=1),14,0.17986200098077637,0.9011406844106464,satimage,1,1,0,ok,C,s20-29
upload_numbers,pre_mass_off (L=1),14,1.1141474713905317,3.88,cluster_skew_hard,0,0,0,ok,C,s20-29
upload_numbers,pre_mass_off (L=5),14,0.6882607505892135,4.0,cluster_skew_hard,0,0,0,ok,C,s20-29
upload_numbers,SC-FFCM (L=5),14,1.6748792981701601,4.246166263115415,wine,0,0,0,ok,C,s20-29
upload_numbers,"SC-FFCM (L=1, R=50)",14,1.611224060555185,4.246166263115415,wine,0,0,0,ok,C,s20-29
