dataset,seed,method,max_iter,n_iter,m,min_dist,mean_acc,worst_acc,fcm_obj,gacc,xb,hnorm,error,runtime_s
cluster_skew_hard,0,cfcm,150,14,2.0,7.458306325890748,1.0,1.0,1.032892785883056,1.0,0.018568414014019055,0.12347799260640166,,0.051
cluster_skew_hard,1,cfcm,150,7,2.0,7.4819968500154745,1.0,1.0,1.02005575218478,1.0,0.018221698950676213,0.12264923638123934,,0.019
cluster_skew_overlap,0,cfcm,150,43,2.0,3.7656795190361296,0.8632575757575757,0.8090909090909091,2.091747830964793,0.8632575757575758,0.1475103911844504,0.548096289649497,,0.162
cluster_skew_overlap,1,cfcm,150,37,2.0,3.844777902605076,0.8681818181818183,0.8227272727272728,2.0536480832853523,0.8681818181818182,0.1389259928984191,0.5436193456700643,,0.081
dirichlet_0.03,0,cfcm,150,8,2.0,7.506963620546736,1.0,1.0,1.0312732688110051,1.0,0.01829974922264992,0.11982060315808452,,0.024
dirichlet_0.03,1,cfcm,150,6,2.0,7.523151706637584,1.0,1.0,1.0246956245552938,1.0,0.018104862989714393,0.12364832464606841,,0.017
dirichlet_0.1,0,cfcm,150,8,2.0,7.475030394219819,1.0,1.0,1.0323901159454447,1.0,0.018476423670607044,0.12411508962203997,,0.02
dirichlet_0.1,1,cfcm,150,8,2.0,7.55494915989428,1.0,1.0,1.010215014161464,1.0,0.01769908139680387,0.12232867319541006,,0.017
overlap_noise,0,cfcm,150,26,2.0,4.660032941630361,0.8981060606060606,0.8636363636363636,2.3081884719794266,0.8981060606060606,0.10629021712811616,0.46252088169554423,,0.044
overlap_noise,1,cfcm,150,19,2.0,4.829997390169938,0.9083333333333332,0.8909090909090909,2.349811844709269,0.9083333333333333,0.10072546858592483,0.4447944673111585,,0.072
quantity_skew_extreme,0,cfcm,150,11,2.0,7.456303945611686,1.0,1.0,1.0294546064232517,1.0,0.01851654670979497,0.1265048716610893,,0.048
quantity_skew_extreme,1,cfcm,150,10,2.0,7.4607391730886485,1.0,1.0,1.015513581510719,1.0,0.0182440822432064,0.12670585589949904,,0.067
wine,0,cfcm,150,26,2.0,2.93957555558066,0.9678070175438597,0.8888888888888888,4.051781931094646,0.9662921348314607,0.46889630324010784,0.8141357029920576,,0.019
wine,1,cfcm,150,21,2.0,2.9395770869080513,0.9672222222222222,0.8333333333333334,4.051781931091869,0.9662921348314607,0.46889581471130454,0.8141355028616011,,0.01
satimage,0,cfcm,150,73,2.0,3.983150594372322,0.7167747165423917,0.58157602663707,3.7201183195829324,0.6917573872472784,0.23447864732715926,0.6176083161350062,,1.686
satimage,1,cfcm,150,58,2.0,3.983152024743928,0.7171765738829207,0.5893451720310766,3.72011831958534,0.6917573872472784,0.23447847892222037,0.617608315486129,,1.261
pendigits,0,cfcm,150,46,1.5,1.9040742415192373,0.7388928207261785,0.5525830258302583,3.8326286542091883,0.738901018922853,1.0571314329828596,0.4614766888076389,,1.659
pendigits,1,cfcm,150,47,1.5,1.9040738272371096,0.7389130703156842,0.5627306273062731,3.832628654206216,0.738901018922853,1.057131892996458,0.461476430453032,,1.435
digits_pca16,0,cfcm,150,112,1.3,1.8772533890733514,0.7605637762488786,0.35,7.703756168568997,0.7590428491930996,2.186033104141303,0.5432570758504476,,1.372
digits_pca16,1,cfcm,150,122,1.3,1.8772534666230392,0.7628305380190044,0.42777777777777776,7.703756168565848,0.7590428491930996,2.18603292352955,0.5432570802585314,,1.365
digits_pca32,0,cfcm,150,128,1.1,2.3701476704314213,0.747917174266647,0.46111111111111114,23.959307073239337,0.6382860322760155,4.265043285393514,0.2870102951316375,,1.774
digits_pca32,1,cfcm,150,150,1.1,2.5694680547665705,0.7875364242086438,0.65,23.901983634803322,0.7479131886477463,3.6203245009303524,0.28598018715764306,,2.094
letter,0,cfcm,150,150,1.3,1.03787691100856,0.2958580967513839,0.17718446601941748,4.980633025368527,0.2598,4.6237340138004175,0.506541318510556,,20.876
letter,1,cfcm,150,150,1.3,1.0012904125575064,0.3221744008343803,0.19599514563106796,4.9043214696299255,0.2855,4.8916887310313015,0.47822256508564814,,21.057
mnist784_pca32 (20c),0,cfcm,150,150,1.1,2.279066907891318,0.5099773099207365,0.44403091898081876,24.276804287400935,0.4897714285714286,4.673877943477379,0.3484791880349073,,54.078
mnist784_pca32 (20c),1,cfcm,150,135,1.1,2.321822304235255,0.5584085490189807,0.5230460921843687,24.257081368386206,0.48142857142857143,4.4996692015734,0.3488402013049854,,49.356
mnist784_pca32 (50c),0,cfcm,150,150,1.1,2.279480325861814,0.5517935033783017,0.4693314955203308,24.23487139845247,0.4823571428571429,4.664112563870395,0.36835785841360713,,54.185
mnist784_pca32 (50c),1,cfcm,150,150,1.1,2.2271962267249235,0.5694032201060639,0.5146743020758768,24.286391737653215,0.5139714285714285,4.896052110952673,0.37215306637829615,,54.221
