dataset,seed,cell,mass_point,gate,personalize,L,rounds,participation,n_part,n_clients,split,m,min_dist,mean_acc,worst_acc,fcm_obj,gacc,xb,hnorm,runtime_s
cluster_skew_hard,10,post_none_off,post,none,off,1,50,1.0,12,12,0.0,2.0,0.7362970304006456,0.9022727272727272,0.6272727272727273,9.44788205684904,0.9022727272727272,17.427230094499407,0.8485162977612243,0.176
cluster_skew_hard,10,post_none_on,post,none,on,1,50,1.0,12,12,0.0,2.0,2.1395351716795323,0.5950757575757576,0.4818181818181818,0.5693221996631826,0.5757575757575758,1.6949556815079003,0.4964318664209713,0.175
cluster_skew_hard,10,post_footprint_off,post,footprint,off,1,50,1.0,12,12,0.0,2.0,7.316096388672329,1.0,1.0,1.1227575258143432,1.0,0.020976215570565754,0.13386516077129096,0.949
cluster_skew_hard,10,post_footprint_on,post,footprint,on,1,50,1.0,12,12,0.0,2.0,1.0413575598563245,0.8647727272727272,0.5454545454545454,1.6087697372714136,0.625,5.16679965358977,0.21938697855266492,0.937
cluster_skew_hard,10,post_mass_off,post,mass,off,1,50,1.0,12,12,0.0,2.0,7.315120118871587,1.0,1.0,1.1229174563872595,1.0,0.02098480362346396,0.13388402687635761,0.182
cluster_skew_hard,10,post_mass_on,post,mass,on,1,50,1.0,12,12,0.0,2.0,1.0328649076028686,0.8636363636363636,0.5454545454545454,1.6058665118166084,0.6246212121212121,5.253995944916075,0.21866738848025533,0.182
cluster_skew_hard,10,pre_none_off,pre,none,off,1,50,1.0,12,12,0.0,2.0,7.484541603377713,1.0,1.0,1.0250295329177903,1.0,0.01829809865535617,0.12316139046062825,0.175
cluster_skew_hard,10,pre_none_on,pre,none,on,1,50,1.0,12,12,0.0,2.0,7.3114538410473155,0.702651515151515,0.6363636363636364,0.5332749904629939,0.6367424242424242,0.04833363480454627,0.43939040767673615,0.191
cluster_skew_hard,10,pre_footprint_off,pre,footprint,off,1,50,1.0,12,12,0.0,2.0,7.500924159422099,1.0,1.0,1.025095651786584,1.0,0.018219432379100883,0.12312968230514523,0.905
cluster_skew_hard,10,pre_footprint_on,pre,footprint,on,1,50,1.0,12,12,0.0,2.0,1.1757143504468184,0.868939393939394,0.55,1.5894712828242814,0.6306818181818182,4.0018364423368595,0.21906227850462867,0.832
cluster_skew_hard,10,pre_mass_off,pre,mass,off,1,50,1.0,12,12,0.0,2.0,7.500908260231681,1.0,1.0,1.0250959778696913,1.0,0.018219515411918373,0.12312964751054602,0.185
cluster_skew_hard,10,pre_mass_on,pre,mass,on,1,50,1.0,12,12,0.0,2.0,1.0977985587770152,0.8674242424242425,0.5590909090909091,1.5923580704514357,0.6276515151515152,4.604747093587742,0.21785467501645697,0.186
cluster_skew_hard,10,post_fpmask_off,post,fpmask,off,1,50,1.0,12,12,0.0,2.0,7.333900892115246,1.0,1.0,1.0981656706576832,1.0,0.020417275537592528,0.13130420338678567,0.887
cluster_skew_hard,10,post_massmask_off,post,massmask,off,1,50,1.0,12,12,0.0,2.0,7.3339008921156745,1.0,1.0,1.0981656706571716,1.0,0.020417275537580635,0.13130420338673207,0.156
cluster_skew_hard,10,pre_fpmask_off,pre,fpmask,off,1,50,1.0,12,12,0.0,2.0,7.489759650396374,1.0,1.0,1.0250448855121672,1.0,0.01827288498289501,0.12314313039808082,0.757
cluster_skew_hard,10,pre_massmask_off,pre,massmask,off,1,50,1.0,12,12,0.0,2.0,7.489759650396416,1.0,1.0,1.0250448855121697,1.0,0.01827288498289485,0.12314313039808039,0.142
cluster_skew_hard,11,post_none_off,post,none,off,1,50,1.0,12,12,0.0,2.0,6.079158004707745e-12,1.0,1.0,8.287962883285187,1.0,2.242647078158076e+23,0.8352329108251234,0.176
cluster_skew_hard,11,post_none_on,post,none,on,1,50,1.0,12,12,0.0,2.0,2.232272218100516,0.6738636363636363,0.5136363636363637,0.7282099707965553,0.47575757575757577,1.8272075970363377,0.5266109630032798,0.176
cluster_skew_hard,11,post_footprint_off,post,footprint,off,1,50,1.0,12,12,0.0,2.0,7.077491971098127,1.0,1.0,1.099176863100269,1.0,0.02194364695907289,0.13089997814634782,0.949
cluster_skew_hard,11,post_footprint_on,post,footprint,on,1,50,1.0,12,12,0.0,2.0,7.266843305575084,1.0,1.0,1.0232595330997833,1.0,0.01995634007991904,0.12993387279110608,0.442
cluster_skew_hard,11,post_mass_off,post,mass,off,1,50,1.0,12,12,0.0,2.0,7.076820620094545,1.0,1.0,1.0994057727675015,1.0,0.021952381329947947,0.13092500419532696,0.186
cluster_skew_hard,11,post_mass_on,post,mass,on,1,50,1.0,12,12,0.0,2.0,7.266651519205643,1.0,1.0,1.0232995723287468,1.0,0.019957918574588392,0.12994022030256838,0.084
cluster_skew_hard,11,pre_none_off,pre,none,off,1,50,1.0,12,12,0.0,2.0,7.516614236386613,1.0,1.0,1.0294671964487632,1.0,0.018220822951253338,0.12263712920087586,0.185
cluster_skew_hard,11,pre_none_on,pre,none,on,1,50,1.0,12,12,0.0,2.0,8.063430794552868,0.7545454545454545,0.6545454545454545,0.5742974082582759,0.7545454545454545,0.016864697012436244,0.3990163452855048,0.132
cluster_skew_hard,11,pre_footprint_off,pre,footprint,off,1,50,1.0,12,12,0.0,2.0,7.524217088923759,1.0,1.0,1.029526914590569,1.0,0.0181850738909353,0.12262027670750093,0.961
cluster_skew_hard,11,pre_footprint_on,pre,footprint,on,1,50,1.0,12,12,0.0,2.0,7.526418420197904,1.0,1.0,1.0224352467263402,1.0,0.018174554359437427,0.12745347879555213,0.288
cluster_skew_hard,11,pre_mass_off,pre,mass,off,1,50,1.0,12,12,0.0,2.0,7.524206346942545,1.0,1.0,1.0295274442206503,1.0,0.01818513517020661,0.12262031029930373,0.162
cluster_skew_hard,11,pre_mass_on,pre,mass,on,1,50,1.0,12,12,0.0,2.0,7.5264105840353706,1.0,1.0,1.0224609795759287,1.0,0.018174600839917333,0.12745552305720972,0.051
cluster_skew_hard,11,post_fpmask_off,post,fpmask,off,1,50,1.0,12,12,0.0,2.0,6.764165321960921e-15,0.9924242424242423,0.95,5.11903559063649,0.9924242424242424,1.1188187136310372e+29,0.5757677182086057,0.824
cluster_skew_hard,11,post_massmask_off,post,massmask,off,1,50,1.0,12,12,0.0,2.0,2.5121479338940403e-15,0.9958333333333335,0.9681818181818181,4.93027649648919,0.9958333333333333,7.812334950082069e+29,0.560952641068558,0.185
cluster_skew_hard,11,pre_fpmask_off,pre,fpmask,off,1,50,1.0,12,12,0.0,2.0,7.527742195368974,1.0,1.0,1.0294894207493086,1.0,0.01816738473856733,0.122614775182685,0.918
cluster_skew_hard,11,pre_massmask_off,pre,massmask,off,1,50,1.0,12,12,0.0,2.0,7.527742195368974,1.0,1.0,1.0294894207493086,1.0,0.01816738473856733,0.122614775182685,0.167
wine,10,post_none_off,post,none,off,1,50,1.0,10,10,0.0,2.0,1.9489029966078948,0.903654970760234,0.75,4.119564024876528,0.898876404494382,1.084603021986805,0.8897178980585607,0.058
wine,10,post_none_on,post,none,on,1,50,1.0,10,10,0.0,2.0,1.0531326858343066,0.7281987444100447,0.631578947368421,3.1960720845959707,0.6348314606741573,3.7679885099706865,0.7958976607068751,0.065
wine,10,post_footprint_off,post,footprint,off,1,50,1.0,10,10,0.0,2.0,3.4018076531150485,0.9680701754385964,0.8888888888888888,4.081569312254247,0.9662921348314607,0.3527017936669186,0.7796451783608496,0.481
wine,10,post_footprint_on,post,footprint,on,1,50,1.0,10,10,0.0,2.0,3.4711752415491426,0.9355211558307535,0.8,3.806487448581233,0.9325842696629213,0.3397821521647555,0.7564146146845655,0.247
wine,10,post_mass_off,post,mass,off,1,50,1.0,10,10,0.0,2.0,3.2415379550997376,0.9680701754385964,0.8888888888888888,4.065384964455863,0.9662921348314607,0.3869006455949462,0.7894543299081941,0.061
wine,10,post_mass_on,post,mass,on,1,50,1.0,10,10,0.0,2.0,3.373668294209731,0.9341176470588236,0.8333333333333334,3.720937927299736,0.9325842696629213,0.3584844833901668,0.7652960782756786,0.034
wine,10,pre_none_off,pre,none,off,1,50,1.0,10,10,0.0,2.0,2.9193135112289195,0.9680701754385964,0.8888888888888888,4.052362106377239,0.9662921348314607,0.475495893956238,0.8165754584880024,0.058
wine,10,pre_none_on,pre,none,on,1,50,1.0,10,10,0.0,2.0,2.412691607093286,0.7285663914688683,0.631578947368421,3.2000122882129745,0.6853932584269663,0.7060302585330914,0.7955877840121681,0.061
wine,10,pre_footprint_off,pre,footprint,off,1,50,1.0,10,10,0.0,2.0,3.463492725814625,0.9625146198830409,0.8888888888888888,4.088781775235329,0.9606741573033708,0.34085162787644613,0.775860369367473,0.486
wine,10,pre_footprint_on,pre,footprint,on,1,50,1.0,10,10,0.0,2.0,3.512420236550874,0.9355211558307535,0.8,3.8114018496382727,0.9325842696629213,0.3322472573310562,0.7550261195409962,0.25
wine,10,pre_mass_off,pre,mass,off,1,50,1.0,10,10,0.0,2.0,3.3998565453605245,0.9680701754385964,0.8888888888888888,4.0804692137808845,0.9662921348314607,0.3530115541785274,0.7789709690978217,0.062
wine,10,pre_mass_on,pre,mass,on,1,50,1.0,10,10,0.0,2.0,3.480360073375041,0.9291176470588235,0.8333333333333334,3.736736229067035,0.9269662921348315,0.3378982949384581,0.7620687807461486,0.042
wine,10,post_fpmask_off,post,fpmask,off,1,50,1.0,10,10,0.0,2.0,2.107704901436695,0.9136549707602339,0.7777777777777778,4.111195389341941,0.9101123595505618,0.9254405108451116,0.8808522100009161,0.497
wine,10,post_massmask_off,post,massmask,off,1,50,1.0,10,10,0.0,2.0,1.9489029966078948,0.903654970760234,0.75,4.119564024876528,0.898876404494382,1.084603021986805,0.8897178980585607,0.063
wine,10,pre_fpmask_off,pre,fpmask,off,1,50,1.0,10,10,0.0,2.0,3.1553231625458866,0.9628070175438597,0.8888888888888888,4.05612162368007,0.9606741573033708,0.40740211369828094,0.80551084159483,0.473
wine,10,pre_massmask_off,pre,massmask,off,1,50,1.0,10,10,0.0,2.0,2.9193135112289195,0.9680701754385964,0.8888888888888888,4.052362106377239,0.9662921348314607,0.475495893956238,0.8165754584880024,0.07
wine,11,post_none_off,post,none,off,1,50,1.0,10,10,0.0,2.0,1.9705930893795132,0.9075438596491228,0.7777777777777778,4.1135588592681245,0.9044943820224719,1.0593117875649847,0.8824536696213301,0.059
wine,11,post_none_on,post,none,on,1,50,1.0,10,10,0.0,2.0,1.113394106936732,0.7554962160302717,0.6842105263157895,3.2746119406107446,0.6629213483146067,3.354537193058777,0.7836673859234934,0.066
wine,11,post_footprint_off,post,footprint,off,1,50,1.0,10,10,0.0,2.0,3.3318844986316964,0.967514619883041,0.8888888888888888,4.077995837319614,0.9662921348314607,0.3673388839541437,0.7819373942304109,0.468
wine,11,post_footprint_on,post,footprint,on,1,50,1.0,10,10,0.0,2.0,3.4341451093889357,0.9668201754385966,0.8888888888888888,3.866795148466346,0.9662921348314607,0.3468503094124261,0.7596036230799498,0.222
wine,11,post_mass_off,post,mass,off,1,50,1.0,10,10,0.0,2.0,3.228949089648466,0.967514619883041,0.8888888888888888,4.063247856913649,0.9662921348314607,0.38971840795450396,0.7912977305917172,0.062
wine,11,post_mass_on,post,mass,on,1,50,1.0,10,10,0.0,2.0,3.404811826309721,0.9444590643274854,0.8888888888888888,3.7707301077904645,0.9438202247191011,0.35183999116018094,0.7663768346649417,0.034
wine,11,pre_none_off,pre,none,off,1,50,1.0,10,10,0.0,2.0,2.935795497133881,0.9619590643274855,0.8333333333333334,4.0523206738705,0.9606741573033708,0.4701670665869444,0.8159917677549616,0.059
wine,11,pre_none_on,pre,none,on,1,50,1.0,10,10,0.0,2.0,3.080196531594639,0.7384275025799794,0.631578947368421,3.27605757759777,0.6853932584269663,0.4303996823173927,0.7785309171904505,0.061
wine,11,pre_footprint_off,pre,footprint,off,1,50,1.0,10,10,0.0,2.0,3.4102338806752446,0.967514619883041,0.8888888888888888,4.087923956450238,0.9662921348314607,0.3515074053060821,0.7768401084247244,0.463
wine,11,pre_footprint_on,pre,footprint,on,1,50,1.0,10,10,0.0,2.0,3.4796349787081464,0.9668201754385966,0.8888888888888888,3.875763948633609,0.9662921348314607,0.3385931930565947,0.7576891527947607,0.214
wine,11,pre_mass_off,pre,mass,off,1,50,1.0,10,10,0.0,2.0,3.395863843995255,0.967514619883041,0.8888888888888888,4.08099356766213,0.9662921348314607,0.35388762174981403,0.7794665768127471,0.068
wine,11,pre_mass_on,pre,mass,on,1,50,1.0,10,10,0.0,2.0,3.5141362115613215,0.950014619883041,0.8888888888888888,3.7915596135048615,0.949438202247191,0.331732291371617,0.7626470190139372,0.032
wine,11,post_fpmask_off,post,fpmask,off,1,50,1.0,10,10,0.0,2.0,2.1500198378339905,0.9186549707602338,0.7777777777777778,4.10545426966001,0.9157303370786517,0.8881294774430315,0.8737680070937037,0.478
wine,11,post_massmask_off,post,massmask,off,1,50,1.0,10,10,0.0,2.0,1.9705930893795132,0.9075438596491228,0.7777777777777778,4.1135588592681245,0.9044943820224719,1.0593117875649847,0.8824536696213301,0.063
wine,11,pre_fpmask_off,pre,fpmask,off,1,50,1.0,10,10,0.0,2.0,3.0040478352146573,0.967514619883041,0.8888888888888888,4.053747438909041,0.9662921348314607,0.4492033635072618,0.8061157013400673,0.463
wine,11,pre_massmask_off,pre,massmask,off,1,50,1.0,10,10,0.0,2.0,2.935795497133881,0.9619590643274855,0.8333333333333334,4.0523206738705,0.9606741573033708,0.4701670665869444,0.8159917677549616,0.066
digits_pca16,10,post_none_off,post,none,off,1,50,1.0,10,10,0.0,1.3,0.07129175883560365,0.6287965134946785,0.4350282485875706,7.837917335114309,0.5481357818586533,1542.1336726894315,0.683513402239341,0.383
digits_pca16,10,post_none_on,post,none,on,1,50,1.0,10,10,0.0,1.3,1.0211378740697217,0.293751831509874,0.24444444444444444,4.779173149024794,0.2570951585976628,7.913680227258643,0.2937137710391998,0.391
digits_pca16,10,post_footprint_off,post,footprint,off,1,50,1.0,10,10,0.0,1.3,2.42154132820822,0.7667545687454318,0.519774011299435,7.820384720698361,0.7340011129660545,1.3336576102245767,0.4703522407855913,1.999
digits_pca16,10,post_footprint_on,post,footprint,on,1,50,1.0,10,10,0.0,1.3,2.598287210802481,0.7981593362274885,0.5611111111111111,7.57106270874135,0.7518085698386199,1.154448927950262,0.4509502875069065,1.86
digits_pca16,10,post_mass_off,post,mass,off,1,50,1.0,10,10,0.0,1.3,2.390222353980477,0.7662144291829458,0.519774011299435,7.803149844482383,0.7306622148024485,1.3658195957404609,0.47244548728024904,0.421
digits_pca16,10,post_mass_on,post,mass,on,1,50,1.0,10,10,0.0,1.3,2.3877146899615886,0.6817216984037111,0.480225988700565,7.640804004653136,0.6099053978853645,1.3969642212556508,0.49277710078547965,0.395
digits_pca16,10,pre_none_off,pre,none,off,1,50,1.0,10,10,0.0,1.3,1.8621989704692117,0.7171435902919382,0.4888888888888889,7.700860579304271,0.6772398441847524,2.220685701919694,0.533248869787518,0.402
digits_pca16,10,pre_none_on,pre,none,on,1,50,1.0,10,10,0.0,1.3,1.8354789127829987,0.30387345849972147,0.25274725274725274,4.606378540477894,0.24485253199777407,2.3877908559943615,0.2918464046536478,0.36
digits_pca16,10,pre_footprint_off,pre,footprint,off,1,50,1.0,10,10,0.0,1.3,2.556938214893045,0.7778469474583088,0.5028248587570622,7.852885825690776,0.7417918753478019,1.201126683909895,0.46280481657316513,1.583
digits_pca16,10,pre_footprint_on,pre,footprint,on,1,50,1.0,10,10,0.0,1.3,2.7208092182258077,0.8109758193822522,0.5722222222222222,7.601948910160787,0.763494713411241,1.0574784619816888,0.442407623103655,1.64
digits_pca16,10,pre_mass_off,pre,mass,off,1,50,1.0,10,10,0.0,1.3,2.5253441963113574,0.7641858391203814,0.5084745762711864,7.9174466512324715,0.7267668336115748,1.241492175773003,0.48240178853799315,0.352
digits_pca16,10,pre_mass_on,pre,mass,on,1,50,1.0,10,10,0.0,1.3,2.6947837027739596,0.8054037363257877,0.5777777777777777,7.565720548747798,0.7595993322203672,1.077955768078032,0.44403578230424934,0.352
digits_pca16,10,post_fpmask_off,post,fpmask,off,1,50,1.0,10,10,0.0,1.3,0.0038403426801502318,0.6342380061066857,0.4350282485875706,7.8129142329363725,0.535336672231497,529752.6025757283,0.6497496111151968,1.509
digits_pca16,10,post_massmask_off,post,massmask,off,1,50,1.0,10,10,0.0,1.3,0.2041610335482837,0.6243645499625956,0.4419889502762431,7.780835153000672,0.5486922648859209,186.67256847002471,0.6391280768948333,0.307
digits_pca16,10,pre_fpmask_off,pre,fpmask,off,1,50,1.0,10,10,0.0,1.3,2.1396230152982083,0.798417686581955,0.5833333333333334,7.759844662551429,0.7540345019476906,1.6950343589643333,0.4725200368711588,1.331
digits_pca16,10,pre_massmask_off,pre,massmask,off,1,50,1.0,10,10,0.0,1.3,0.22907542906613168,0.6857435411359765,0.48333333333333334,7.739554714393458,0.6243739565943238,147.48877124009022,0.556448441645127,0.28
digits_pca16,11,post_none_off,post,none,off,1,50,1.0,10,10,0.0,1.3,0.0005169244048680995,0.6669655459593742,0.45,7.8914246315557195,0.5153032832498609,29532576.67717121,0.8070214232974113,0.387
digits_pca16,11,post_none_on,post,none,on,1,50,1.0,10,10,0.0,1.3,1.0612756418829463,0.28935005993099894,0.23333333333333334,4.481003140248357,0.24707846410684475,7.328447354539623,0.2918146589477793,0.405
digits_pca16,11,post_footprint_off,post,footprint,off,1,50,1.0,10,10,0.0,1.3,2.4146923128064253,0.812451696415631,0.5444444444444444,7.814586227865171,0.8124652198107958,1.3402394231791186,0.4814841885174543,1.981
digits_pca16,11,post_footprint_on,post,footprint,on,1,50,1.0,10,10,0.0,1.3,2.464195263876085,0.7667373558844937,0.4111111111111111,7.64440367989786,0.7646076794657763,1.2860484491279185,0.47657170657091835,1.863
digits_pca16,11,post_mass_off,post,mass,off,1,50,1.0,10,10,0.0,1.3,2.3493560971140917,0.7885750175389522,0.4388888888888889,7.785331775332565,0.7885364496382861,1.4105205813305914,0.47885737243967896,0.436
digits_pca16,11,post_mass_on,post,mass,on,1,50,1.0,10,10,0.0,1.3,2.4382962224743387,0.7539949931214126,0.4,7.573122244826164,0.7495826377295493,1.3109280874961686,0.4767681522145332,0.342
digits_pca16,11,pre_none_off,pre,none,off,1,50,1.0,10,10,0.0,1.3,1.9628071221613783,0.810049483846418,0.6333333333333333,7.737396430993278,0.8102392877017252,2.008350914926952,0.5544929143371119,0.405
digits_pca16,11,pre_none_on,pre,none,on,1,50,1.0,10,10,0.0,1.3,1.922648256813927,0.31980661917899467,0.2711864406779661,4.458933626883568,0.2626599888703395,2.189702265534555,0.28599795803070627,0.359
digits_pca16,11,pre_footprint_off,pre,footprint,off,1,50,1.0,10,10,0.0,1.3,2.480844074006591,0.8063409678256207,0.5166666666666667,7.842997352690939,0.8063439065108514,1.2743335898084658,0.4710553893550787,1.559
digits_pca16,11,pre_footprint_on,pre,footprint,on,1,50,1.0,10,10,0.0,1.3,2.550561293562046,0.775055758629692,0.4111111111111111,7.679589726212801,0.7707289927657206,1.2052056967166587,0.4705029243311119,1.598
digits_pca16,11,pre_mass_off,pre,mass,off,1,50,1.0,10,10,0.0,1.3,2.438526363974228,0.7969216352073698,0.4666666666666667,7.825740639614587,0.796883695047301,1.3160443948864105,0.4691723015191041,0.356
digits_pca16,11,pre_mass_on,pre,mass,on,1,50,1.0,10,10,0.0,1.3,2.544239772507871,0.7661974622299591,0.39444444444444443,7.628859504338509,0.7607122982749026,1.2104779392670668,0.47065000646764626,0.308
digits_pca16,11,post_fpmask_off,post,fpmask,off,1,50,1.0,10,10,0.0,1.3,1.0649849032588918,0.5865709477163266,0.4124293785310734,7.848345500040555,0.5358931552587646,6.919762843141942,0.593637915989601,1.508
digits_pca16,11,post_massmask_off,post,massmask,off,1,50,1.0,10,10,0.0,1.3,0.003895369454048287,0.6802862912806742,0.4915254237288136,7.84860949657062,0.5826377295492488,517243.94189415686,0.7357309561340017,0.299
digits_pca16,11,pre_fpmask_off,pre,fpmask,off,1,50,1.0,10,10,0.0,1.3,2.1112821909410244,0.7790764760863923,0.42777777777777776,7.785688277353236,0.7790762381747357,1.7466441866838671,0.48498976896659485,1.336
digits_pca16,11,pre_massmask_off,pre,massmask,off,1,50,1.0,10,10,0.0,1.3,1.8788954078878006,0.7689851741422882,0.40555555555555556,7.716049916018307,0.766833611574847,2.1856963071821345,0.5247082787580493,0.286
