dataset,seed,cell,mass_point,gate,personalize,L,rounds,participation,n_part,n_clients,split,m,min_dist,mean_acc,worst_acc,fcm_obj,gacc,xb,hnorm,no_earlystop,runtime_s
dirichlet_0.03,11,post_none_off,post,none,off,5,50,1.0,12,12,0.0,2.0,7.039277728428327e-10,0.8693181818181818,0.5636363636363636,8.464116522177473,0.8693181818181818,1.7081477491088065e+19,0.9724553088189004,0,1.047
dirichlet_0.03,11,post_none_on,post,none,on,5,50,1.0,12,12,0.0,2.0,0.8519118380697173,0.45075757575757575,0.37272727272727274,0.3543515868066001,0.3549242424242424,11.63981773687141,0.5938104736681215,0,0.771
dirichlet_0.03,11,post_footprint_off,post,footprint,off,5,50,1.0,12,12,0.0,2.0,6.568549838304572,1.0,1.0,2.351435435252339,1.0,0.05449969348001144,0.2496379914334337,0,3.08
dirichlet_0.03,11,post_footprint_on,post,footprint,on,5,50,1.0,12,12,0.0,2.0,7.3837233163545255,1.0,1.0,1.3279730185051188,1.0,0.0255387261070856,0.18407683919343953,0,2.6
dirichlet_0.03,11,post_mass_off,post,mass,off,5,50,1.0,12,12,0.0,2.0,6.679413198062516,1.0,1.0,2.16302775252797,1.0,0.04848255188491739,0.22773619013387206,0,1.468
dirichlet_0.03,11,post_mass_on,post,mass,on,5,50,1.0,12,12,0.0,2.0,7.419681866492624,1.0,1.0,1.3722680618802214,1.0,0.02820904687557098,0.18945141857324477,0,1.456
dirichlet_0.03,11,pre_none_off,pre,none,off,5,50,1.0,12,12,0.0,2.0,8.189452301126126,1.0,1.0,1.355397891886692,1.0,0.02020957080241023,0.155373729967793,0,0.989
dirichlet_0.03,11,pre_none_on,pre,none,on,5,50,1.0,12,12,0.0,2.0,8.066171515835968,0.5113636363636364,0.4,0.36421411604690396,0.5011363636363636,0.01855559404500815,0.5525837475629377,0,1.255
dirichlet_0.03,11,pre_footprint_off,pre,footprint,off,5,50,1.0,12,12,0.0,2.0,8.191824722394744,1.0,1.0,1.3728128166425027,1.0,0.02045738048048774,0.15417682609201752,0,2.936
dirichlet_0.03,11,pre_footprint_on,pre,footprint,on,5,50,1.0,12,12,0.0,2.0,8.132512119990311,1.0,1.0,1.371537363259404,1.0,0.02048155917008247,0.16371506149523468,0,2.266
dirichlet_0.03,11,pre_mass_off,pre,mass,off,5,50,1.0,12,12,0.0,2.0,8.19188996320609,1.0,1.0,1.372845655308122,1.0,0.02045754398102961,0.1541799696031243,0,1.583
dirichlet_0.03,11,pre_mass_on,pre,mass,on,5,50,1.0,12,12,0.0,2.0,8.13276318911351,1.0,1.0,1.3715717147253172,1.0,0.020481215586692077,0.1637152679212854,0,1.18
dirichlet_0.03,11,post_fpmask_off,post,fpmask,off,5,50,1.0,12,12,0.0,2.0,2.1245942871043932,0.8681818181818182,0.6909090909090909,6.436976790930459,0.7965909090909091,1.4260341454574226,0.743444625805225,0,2.774
dirichlet_0.03,11,post_massmask_off,post,massmask,off,5,50,1.0,12,12,0.0,2.0,2.29440869883641,0.8386363636363635,0.5136363636363637,6.449616946853909,0.7878787878787878,1.2251587353258693,0.747449238985324,0,1.071
dirichlet_0.03,11,pre_fpmask_off,pre,fpmask,off,5,50,1.0,12,12,0.0,2.0,8.211777375117,1.0,1.0,1.3619838320547784,1.0,0.02019750006780863,0.1556422447543802,0,1.992
dirichlet_0.03,11,pre_massmask_off,pre,massmask,off,5,50,1.0,12,12,0.0,2.0,8.211777455555445,1.0,1.0,1.3619840182297223,1.0,0.02019750243299543,0.15564229324272988,0,1.148
satimage,11,post_none_off,post,none,off,5,50,1.0,10,10,0.0,2.0,2.570179319643561,0.6502719298396132,0.434991974317817,4.175534740429999,0.6147744945567651,0.6320992160942674,0.7221341496178701,0,11.256
satimage,11,post_none_on,post,none,on,5,50,1.0,10,10,0.0,2.0,1.674314036593166,0.49111094504508596,0.35691318327974275,2.7305284256010633,0.4609642301710731,1.5521068438512893,0.6628887291981305,0,4.773
satimage,11,post_footprint_off,post,footprint,off,5,50,1.0,10,10,0.0,2.0,2.1534291478143377,0.6515869719242153,0.4510433386837881,3.869152253174509,0.6001555209953344,0.8343622478108921,0.6267131932364944,0,13.74
satimage,11,post_footprint_on,post,footprint,on,5,50,1.0,10,10,0.0,2.0,0.7493398097515586,0.6497567453560298,0.5008025682182986,3.844517844102383,0.6306376360808709,7.002289818156358,0.639720228758478,0,4.942
satimage,11,post_mass_off,post,mass,off,5,50,1.0,10,10,0.0,2.0,2.160380069959567,0.6477420034227149,0.4510433386837881,3.862280619889281,0.6017107309486781,0.8275295305581842,0.6275980382307754,0,6.81
satimage,11,post_mass_on,post,mass,on,5,50,1.0,10,10,0.0,2.0,0.8286863634664999,0.6497151540730587,0.5040128410914928,3.817070620267146,0.6303265940902022,5.7181297004233125,0.6394386358269095,0,2.72
satimage,11,pre_none_off,pre,none,off,5,50,1.0,10,10,0.0,2.0,2.4332555324833782,0.6362849872704424,0.4565916398713826,3.843901792339238,0.6046656298600311,0.6492274057634037,0.6334286835041486,0,5.81
satimage,11,pre_none_on,pre,none,on,5,50,1.0,10,10,0.0,2.0,1.7597671136086805,0.4845671020703775,0.364951768488746,2.7289922924716628,0.45629860031104197,1.2629506882262018,0.6531355933371956,0,3.519
satimage,11,pre_footprint_off,pre,footprint,off,5,50,1.0,10,10,0.0,2.0,2.0608091542898412,0.6495416705674815,0.4590690208667737,3.9388363439458236,0.6024883359253499,0.9274540175129621,0.6246986277653249,0,7.472
satimage,11,pre_footprint_on,pre,footprint,on,5,50,1.0,10,10,0.0,2.0,0.9372038828096995,0.6457370089941006,0.5056179775280899,3.8901108459241978,0.6241057542768274,4.530494171352186,0.6369123478193172,0,3.926
satimage,11,pre_mass_off,pre,mass,off,5,50,1.0,10,10,0.0,2.0,2.052485627071742,0.6477370551634327,0.4606741573033708,3.937809679903955,0.6052877138413686,0.9347478460562411,0.6251520707031643,0,5.674
satimage,11,pre_mass_on,pre,mass,on,5,50,1.0,10,10,0.0,2.0,0.7149732728786292,0.6403593728360831,0.5056179775280899,3.8683759039587815,0.5947122861586314,7.797983802685279,0.6369046887367086,0,3.496
satimage,11,post_fpmask_off,post,fpmask,off,5,50,1.0,10,10,0.0,2.0,2.818617786902284,0.6294366539111719,0.42375601926163725,3.8161510041576365,0.5973561430793157,0.4803448898951886,0.637894826404214,0,9.127
satimage,11,post_massmask_off,post,massmask,off,5,50,1.0,10,10,0.0,2.0,2.572075395013501,0.6294197189820236,0.42696629213483145,3.9426284811728047,0.592846034214619,0.5959618575592304,0.6926514272552079,0,8.133
satimage,11,pre_fpmask_off,pre,fpmask,off,5,50,1.0,10,10,0.0,2.0,2.543425367020615,0.6306447855031261,0.45746388443017655,3.8734816858021546,0.6024883359253499,0.5987747940445887,0.628384260963302,0,8.758
satimage,11,pre_massmask_off,pre,massmask,off,5,50,1.0,10,10,0.0,2.0,2.4725990251891337,0.6350126372716611,0.45585874799357945,3.8553753048141295,0.6027993779160187,0.6306077064781946,0.6303728758862917,0,6.552
pendigits,11,post_none_off,post,none,off,5,50,1.0,10,10,0.0,1.5,1.6676853850115945,0.4897246100205079,0.43911439114391143,4.46444965296207,0.4893558951965066,1.6052389317264222,0.6698328795979652,0,21.115
pendigits,11,post_none_on,post,none,on,5,50,1.0,10,10,0.0,1.5,1.4078835038426563,0.3803377128135158,0.30251346499102333,2.440308989866205,0.31277292576419213,2.3203680956583286,0.38266551792460796,0,15.167
pendigits,11,post_footprint_off,post,footprint,off,5,50,1.0,10,10,0.0,1.5,1.9363755280116972,0.6195240768737383,0.531895777178796,4.508877050733558,0.5773289665211062,1.2025114554249527,0.5202113059584736,0,15.314
pendigits,11,post_footprint_on,post,footprint,on,5,50,1.0,10,10,0.0,1.5,1.9555603334734866,0.6128337580763532,0.5437062937062938,4.36044196855804,0.5585880640465793,1.179552257745751,0.5170211863969045,0,14.191
pendigits,11,post_mass_off,post,mass,off,5,50,1.0,10,10,0.0,1.5,2.389553937123886,0.6382865600573513,0.5525830258302583,4.436381418003899,0.5953420669577875,0.7769538119458982,0.5110738693531717,0,10.582
pendigits,11,post_mass_on,post,mass,on,5,50,1.0,10,10,0.0,1.5,2.292884776603761,0.6396573676947283,0.5249077490774908,4.1419729287800875,0.5768740902474527,0.8437124431085578,0.49854155569656555,0,13.581
pendigits,11,pre_none_off,pre,none,off,5,50,1.0,10,10,0.0,1.5,1.935390155437396,0.6463500536956105,0.5156826568265682,4.111800252017286,0.6447416302765647,1.0977285347198942,0.504640094350329,0,12.006
pendigits,11,pre_none_on,pre,none,on,5,50,1.0,10,10,0.0,1.5,1.8611754195780779,0.38345952753039025,0.2989228007181329,2.4614556776534466,0.3263282387190684,1.2707614663796043,0.38010796474666775,0,12.338
pendigits,11,pre_footprint_off,pre,footprint,off,5,50,1.0,10,10,0.0,1.5,1.4121870979345061,0.6600093303002478,0.5244239631336406,5.163613317488205,0.5393922852983989,2.5892216723225094,0.548636448804182,0,14.51
pendigits,11,pre_footprint_on,pre,footprint,on,5,50,1.0,10,10,0.0,1.5,2.0267172064212042,0.6359644955776609,0.5152073732718894,4.648991852237402,0.56122634643377,1.1765712535854942,0.5262733108181162,0,9.53
pendigits,11,pre_mass_off,pre,mass,off,5,50,1.0,10,10,0.0,1.5,2.0140406498208985,0.6422135271326254,0.5198156682027649,4.774576045512722,0.5899745269286754,1.177059322291667,0.5279580989916234,0,8.236
pendigits,11,pre_mass_on,pre,mass,on,5,50,1.0,10,10,0.0,1.5,2.0079853343011624,0.6337580019857664,0.5322878228782287,4.483794546756637,0.5502183406113537,1.1929066818523408,0.5188921382518347,0,8.877
pendigits,11,post_fpmask_off,post,fpmask,off,5,50,1.0,10,10,0.0,1.5,1.6272405851393046,0.5585212492952815,0.470479704797048,4.297381943790882,0.5102802037845706,1.6229323597242382,0.554027699395688,0,12.918
pendigits,11,post_massmask_off,post,massmask,off,5,50,1.0,10,10,0.0,1.5,1.6813264456337522,0.47103016773075357,0.44003690036900367,4.463237210514772,0.4697962154294032,1.5788682122302256,0.6540572685369951,0,11.962
pendigits,11,pre_fpmask_off,pre,fpmask,off,5,50,1.0,10,10,0.0,1.5,2.2920295446352177,0.6564580190928326,0.5212177121771218,4.336800724974886,0.5813318777292577,0.8255227457740577,0.49349808139668705,0,11.942
pendigits,11,pre_massmask_off,pre,massmask,off,5,50,1.0,10,10,0.0,1.5,1.7837296372380107,0.6939776735253077,0.5516621743036837,4.2206819149167885,0.6558406113537117,1.3265528800275865,0.48871206644277904,0,7.337
