dataset,seed,arm,min_dist,mean_acc,worst_acc
digits_pca16,0,POST,5.4638991785330605e-08,0.5684672771347763,0.4388888888888889
digits_pca16,0,PRE,1.724121673607379e-07,0.556964805655251,0.4222222222222222
digits_pca16,0,GF,0.3417988202686992,0.6374050979917203,0.4111111111111111
digits_pca16,0,PEDRYCZ,0.14639332694725637,0.48948193556462094,0.3277777777777778
digits_pca16,0,GATE_ONLY,6.104145910588144e-07,0.6808463425212165,0.5084745762711864
digits_pca16,1,POST,2.711165639924745e-06,0.5392885278038742,0.3611111111111111
digits_pca16,1,PRE,0.0002846823617990582,0.6508294878093492,0.4388888888888889
digits_pca16,1,GF,0.003655715617199395,0.5938984028853451,0.4666666666666667
digits_pca16,1,PEDRYCZ,0.27809693159364085,0.45636733488305986,0.35
digits_pca16,1,GATE_ONLY,3.5362987664444696e-07,0.6583069302514255,0.5310734463276836
digits_pca16,2,POST,1.6472223275342772e-08,0.5319885368497652,0.3388888888888889
digits_pca16,2,PRE,8.177048738629951e-06,0.6680944563463248,0.4745762711864407
digits_pca16,2,GF,0.019409550191703328,0.6535457323261443,0.4659090909090909
digits_pca16,2,PEDRYCZ,0.237039907292871,0.40263366746681584,0.3111111111111111
digits_pca16,2,GATE_ONLY,7.800585285665232e-07,0.7059839585627241,0.5055555555555555
digits_pca16,3,POST,1.1115591540749541e-05,0.5386295077553654,0.3867403314917127
digits_pca16,3,PRE,3.056963548460905e-05,0.6084862074933104,0.4180790960451977
digits_pca16,3,GF,0.12271559518294789,0.6093854859022576,0.47513812154696133
digits_pca16,3,PEDRYCZ,0.23416054579346257,0.5071225687610641,0.28888888888888886
digits_pca16,3,GATE_ONLY,1.0162022358844965e-07,0.7078840153004146,0.5388888888888889
digits_pca16,4,POST,9.210390534356125e-06,0.5781760792999695,0.3812154696132597
digits_pca16,4,PRE,0.0004580355331755711,0.6928318081165569,0.4519774011299435
digits_pca16,4,GF,0.12049364583159561,0.6550078968342905,0.4585635359116022
digits_pca16,4,PEDRYCZ,0.2191038526400858,0.46944628818381207,0.3107344632768362
digits_pca16,4,GATE_ONLY,8.879474200730974e-07,0.6663777559159924,0.4519774011299435
digits_pca16,5,POST,2.3370366193525744e-07,0.5879447792330953,0.4011299435028249
digits_pca16,5,PRE,0.00032497570877721083,0.6766103751491535,0.4124293785310734
digits_pca16,5,GF,0.03153712605178088,0.6566767218972593,0.4722222222222222
digits_pca16,5,PEDRYCZ,0.29863912432806133,0.5143906261124188,0.27071823204419887
digits_pca16,5,GATE_ONLY,5.036646463112972e-07,0.679437918361714,0.4632768361581921
digits_pca16,6,POST,3.0856391724978842e-06,0.5798418751572876,0.37777777777777777
digits_pca16,6,PRE,8.709076411215256e-05,0.6675692520685453,0.4293785310734463
digits_pca16,6,GF,0.014314835273108567,0.6107168696390266,0.45
digits_pca16,6,PEDRYCZ,0.27213613074861026,0.5288996508819952,0.3502824858757062
digits_pca16,6,GATE_ONLY,4.534199847869945e-06,0.669588060356549,0.4659090909090909
digits_pca16,7,POST,1.5265838015413645e-06,0.5293662706276769,0.34065934065934067
digits_pca16,7,PRE,6.687725444421034e-06,0.6222694654048153,0.4777777777777778
digits_pca16,7,GF,0.06643685355767669,0.673208269037027,0.5027624309392266
digits_pca16,7,PEDRYCZ,0.1640932985671427,0.47580397132921515,0.36666666666666664
digits_pca16,7,GATE_ONLY,2.0796404302082162e-06,0.6644184638869522,0.4632768361581921
digits_pca16,8,POST,4.385918378159864e-06,0.5510692814895347,0.3107344632768362
digits_pca16,8,PRE,4.341438225233079e-06,0.6686170265016345,0.4666666666666667
digits_pca16,8,GF,0.01683987574202641,0.5954261400055951,0.4444444444444444
digits_pca16,8,PEDRYCZ,0.11008026442973785,0.5194889924835437,0.3
digits_pca16,8,GATE_ONLY,9.721954889396498e-07,0.6612460067800059,0.4745762711864407
digits_pca16,9,POST,4.1127309265791615e-06,0.6070778196689425,0.4696132596685083
digits_pca16,9,PRE,3.619652753979053e-05,0.6845687092945516,0.45555555555555555
digits_pca16,9,GF,0.03688273354365375,0.6297500614947023,0.43333333333333335
digits_pca16,9,PEDRYCZ,0.37463900265103434,0.4784814562718346,0.3370165745856354
digits_pca16,9,GATE_ONLY,3.2864577090634123e-06,0.662314592323644,0.45555555555555555
digits_pca32,0,POST,5.1194130932267795e-17,0.49799411913072894,0.48295454545454547
digits_pca32,0,PRE,5.801666397982208e-17,0.4925188326999117,0.4725274725274725
digits_pca32,0,GF,2.872936040020081e-05,0.5745210590012891,0.39226519337016574
digits_pca32,0,PEDRYCZ,0.446055432347134,0.27511635848737437,0.2087912087912088
digits_pca32,0,GATE_ONLY,6.096860225034118e-17,0.49365571547052556,0.4725274725274725
digits_pca32,1,POST,5.558093078924333e-17,0.48189077266709457,0.4581005586592179
digits_pca32,1,PRE,4.921977663890897e-17,0.4829562484497057,0.46111111111111114
digits_pca32,1,GF,3.16980786723149e-08,0.6756635060737457,0.5082872928176796
digits_pca32,1,PEDRYCZ,0.3288416300490155,0.32081420332158805,0.23626373626373626
digits_pca32,1,GATE_ONLY,5.887820648017466e-17,0.48903380128300816,0.4632768361581921
digits_pca32,2,POST,4.5181450725247685e-17,0.5018901495983357,0.4777777777777778
digits_pca32,2,PRE,4.7223554804859275e-17,0.4985724042953354,0.4666666666666667
digits_pca32,2,GF,7.880587033713316e-07,0.7061538222678488,0.5469613259668509
digits_pca32,2,PEDRYCZ,0.43554286052985536,0.31218651055070334,0.2111111111111111
digits_pca32,2,GATE_ONLY,6.1332215819656e-17,0.4957767649346244,0.4722222222222222
digits_pca32,3,POST,5.69257238549001e-17,0.507499454500813,0.4777777777777778
digits_pca32,3,PRE,4.382114879408182e-17,0.49686099872515443,0.4696132596685083
digits_pca32,3,GF,0.00014237750908656596,0.6035976570532969,0.3516483516483517
digits_pca32,3,PEDRYCZ,0.43887121743619223,0.333267689535624,0.25555555555555554
digits_pca32,3,GATE_ONLY,7.096842870170741e-17,0.47179615368647737,0.4350282485875706
digits_pca32,4,POST,4.640463717389679e-17,0.4734983459370262,0.4444444444444444
digits_pca32,4,PRE,5.686223726417924e-17,0.4985478889297301,0.46111111111111114
digits_pca32,4,GF,3.3845380625206203e-07,0.668696540408472,0.4340659340659341
digits_pca32,4,PEDRYCZ,0.3862981509158992,0.28728455445019463,0.24022346368715083
digits_pca32,4,GATE_ONLY,5.966056954181656e-17,0.4896918253109653,0.43333333333333335
digits_pca32,5,POST,4.854449582988949e-17,0.49364315603627035,0.48333333333333334
digits_pca32,5,PRE,5.165784262639969e-17,0.5003638359076936,0.48333333333333334
digits_pca32,5,GF,4.326094055906186e-09,0.6972060547114423,0.5604395604395604
digits_pca32,5,PEDRYCZ,0.39655402095007053,0.33511068749640344,0.25555555555555554
digits_pca32,5,GATE_ONLY,5.2460423433479266e-17,0.4964284654554265,0.4692737430167598
digits_pca32,6,POST,6.266349807904433e-17,0.4747113192169229,0.4340659340659341
digits_pca32,6,PRE,5.66817575236144e-17,0.4879494500119927,0.45054945054945056
digits_pca32,6,GF,4.199473400405512e-08,0.6915877584696231,0.5083798882681564
digits_pca32,6,PEDRYCZ,0.3596019660486364,0.3229508124382149,0.21787709497206703
digits_pca32,6,GATE_ONLY,6.486528040939776e-17,0.4834642672644479,0.4602272727272727
digits_pca32,7,POST,5.0767795669555887e-17,0.49141713187293234,0.4725274725274725
digits_pca32,7,PRE,4.7741161765431886e-17,0.4848391735394584,0.45555555555555555
digits_pca32,7,GF,6.033913761930466e-07,0.5323430635501453,0.34806629834254144
digits_pca32,7,PEDRYCZ,0.3782137250880219,0.3366994812061875,0.19444444444444445
digits_pca32,7,GATE_ONLY,6.128576555675178e-17,0.4758734771138782,0.46111111111111114
digits_pca32,8,POST,5.09182008421835e-17,0.4964526052123198,0.4666666666666667
digits_pca32,8,PRE,4.328021137492525e-17,0.5197213220195248,0.489010989010989
digits_pca32,8,GF,7.306968062640472e-06,0.6351964821512277,0.4175824175824176
digits_pca32,8,PEDRYCZ,0.48423704923234734,0.3421821009558089,0.20555555555555555
digits_pca32,8,GATE_ONLY,4.7862355185692696e-17,0.4768434049432625,0.45054945054945056
digits_pca32,9,POST,4.801529358020162e-17,0.4791790414178143,0.4666666666666667
digits_pca32,9,PRE,5.599418119314083e-17,0.48526159289983084,0.4722222222222222
digits_pca32,9,GF,1.4760933825802352e-08,0.6758518143315075,0.5027932960893855
digits_pca32,9,PEDRYCZ,0.24602821872642108,0.3523022783340271,0.24444444444444444
digits_pca32,9,GATE_ONLY,5.852930892962974e-17,0.4896471578870275,0.4715909090909091
pendigits,0,POST,0.0036905581847831337,0.5491271073437736,0.4714022140221402
pendigits,0,PRE,0.037479118105958435,0.6897061249970652,0.5309973045822103
pendigits,0,GF,0.9896004956962708,0.6129020575804304,0.4870848708487085
pendigits,0,PEDRYCZ,8.120862998023476e-07,0.34681315093500165,0.3339160839160839
pendigits,0,GATE_ONLY,0.959134419895578,0.6321532100913106,0.5129151291512916
pendigits,1,POST,0.009093417878574405,0.5455812764768062,0.47878228782287824
pendigits,1,PRE,0.0019046231416056253,0.6617336165379923,0.5046125461254612
pendigits,1,GF,0.8114793100576179,0.6116239636618728,0.49723247232472323
pendigits,1,PEDRYCZ,0.02315470401912094,0.34681315093500165,0.3339160839160839
pendigits,1,GATE_ONLY,0.6866773767434814,0.5404436198999119,0.42435424354243545
pendigits,2,POST,0.058021819562548364,0.5560663619879185,0.43357933579335795
pendigits,2,PRE,0.020472011219106342,0.6884607505844483,0.48154981549815495
pendigits,2,GF,0.9017114925407903,0.5461009704836567,0.4589861751152074
pendigits,2,PEDRYCZ,0.00034563173461162847,0.34681315093500165,0.3339160839160839
pendigits,2,GATE_ONLY,0.8725955940677782,0.5581212783724138,0.4552995391705069
pendigits,3,POST,0.0140107672336926,0.5585642437634987,0.514760147601476
pendigits,3,PRE,0.006477191271764745,0.6767265974297126,0.5239852398523985
pendigits,3,GF,1.2292512216221831,0.6596559929535141,0.4396313364055299
pendigits,3,PEDRYCZ,1.8187079149107475e-05,0.34681315093500165,0.3339160839160839
pendigits,3,GATE_ONLY,1.18915299991302,0.6616885521845024,0.4599078341013825
pendigits,4,POST,0.00034595492634542153,0.5731484690830082,0.4944649446494465
pendigits,4,PRE,0.16390773341132156,0.6326684028524735,0.3726937269372694
pendigits,4,GF,0.8517986700937576,0.6388717917102553,0.40313653136531363
pendigits,4,PEDRYCZ,0.7662532046004094,0.34681315093500165,0.3339160839160839
pendigits,4,GATE_ONLY,0.9241774609967582,0.6364958798038474,0.5193726937269373
pendigits,5,POST,0.0010883277747061775,0.5389677409446891,0.41789667896678967
pendigits,5,PRE,0.09438792031434419,0.6229846034804186,0.4215867158671587
pendigits,5,GF,0.8401589678723684,0.6332850158303676,0.37822878228782286
pendigits,5,PEDRYCZ,0.0019912497717599485,0.34681315093500165,0.3339160839160839
pendigits,5,GATE_ONLY,0.8025454584567354,0.6421883377778526,0.3865313653136531
pendigits,6,POST,0.008271566330868575,0.5586518751967064,0.477859778597786
pendigits,6,PRE,0.002299429562640782,0.6467887756845374,0.4455719557195572
pendigits,6,GF,0.7676390759469535,0.6161483734254681,0.5166083916083916
pendigits,6,PEDRYCZ,5.951255309346861e-06,0.34681315093500165,0.3339160839160839
pendigits,6,GATE_ONLY,0.3764635984463664,0.48319648010589555,0.39391143911439114
pendigits,7,POST,0.037922141721738745,0.5484213699466425,0.43726937269372695
pendigits,7,PRE,0.01866739701237699,0.6580665195840263,0.5064575645756457
pendigits,7,GF,0.7220153925078047,0.5704888231675539,0.3892988929889299
pendigits,7,PEDRYCZ,6.314249713534735e-05,0.34681315093500165,0.3339160839160839
pendigits,7,GATE_ONLY,0.6244442952256631,0.5776180270915383,0.40184331797235023
pendigits,8,POST,0.00967529413480273,0.5712774015223043,0.46586715867158673
pendigits,8,PRE,0.040275702321591056,0.6768998149013958,0.4935424354243542
pendigits,8,GF,0.6240167537351631,0.5892354279143,0.45152603231597843
pendigits,8,PEDRYCZ,0.0009607269209529421,0.34681315093500165,0.3339160839160839
pendigits,8,GATE_ONLY,0.6216483810806422,0.5934006249368915,0.49907749077490776
pendigits,9,POST,0.009441714739876865,0.5745225246053941,0.4944649446494465
pendigits,9,PRE,0.009439584858208,0.6772379018445733,0.5267527675276753
pendigits,9,GF,0.6301594113038856,0.6282588099595496,0.5391705069124424
pendigits,9,PEDRYCZ,1.0945151740019983,0.34681315093500165,0.3339160839160839
pendigits,9,GATE_ONLY,0.5929829514296446,0.6438809848554491,0.5244239631336406
satimage,0,POST,2.6477686383017627,0.7324792424257718,0.5993340732519423
satimage,0,PRE,2.433780778752992,0.6367154646951327,0.4510433386837881
satimage,0,GF,2.8844838653929368,0.6829613239863099,0.4678456591639871
satimage,0,PEDRYCZ,2.6617760993325046,0.6843526921486769,0.5904550499445061
satimage,0,GATE_ONLY,2.993247725959449,0.6896013444491167,0.4983922829581994
satimage,1,POST,2.604970080136424,0.7330963826310983,0.6215316315205327
satimage,1,PRE,3.701472917658008,0.7089368664520845,0.5858747993579454
satimage,1,GF,2.1834461086350623,0.6520527349618577,0.449438202247191
satimage,1,PEDRYCZ,1.9912893164574712,0.6356980264470172,0.43086816720257237
satimage,1,GATE_ONLY,3.1849025485963476,0.6915322258490612,0.522508038585209
satimage,2,POST,2.38589108782467,0.6458877512720128,0.4446227929373997
satimage,2,PRE,2.3371649944181088,0.6340318848708636,0.4533762057877814
satimage,2,GF,2.09499984102135,0.6525142352872975,0.49517684887459806
satimage,2,PEDRYCZ,1.976907483087035,0.5923376010946362,0.46141479099678456
satimage,2,GATE_ONLY,2.1739164185127153,0.6554025067542393,0.4630225080385852
satimage,3,POST,2.606445467284727,0.7290091999379784,0.6059933407325194
satimage,3,PRE,3.6085199702279334,0.7053672526850283,0.5601926163723917
satimage,3,GF,2.907221696914804,0.6846061482908705,0.48231511254019294
satimage,3,PEDRYCZ,2.458433169476991,0.6868357232030697,0.5726970033296337
satimage,3,GATE_ONLY,2.9919727041560127,0.6868799573192905,0.48314606741573035
satimage,4,POST,2.4503468884492148,0.7172125472990802,0.594855305466238
satimage,4,PRE,3.7229068722439616,0.7085513941270662,0.5482315112540193
satimage,4,GF,2.965079764532845,0.685128806264117,0.4742765273311897
satimage,4,PEDRYCZ,2.487614613841991,0.648638685132154,0.5402542372881356
satimage,4,GATE_ONLY,3.1267895582928267,0.6927437072034033,0.4887459807073955
satimage,5,POST,2.6126227589559963,0.7256644953703559,0.5803858520900321
satimage,5,PRE,2.414658750933429,0.639061705399968,0.454983922829582
satimage,5,GF,2.129061086915709,0.6614829216815191,0.4959871589085072
satimage,5,PEDRYCZ,2.3986543697597265,0.7167149513878468,0.5321543408360129
satimage,5,GATE_ONLY,2.250248697757974,0.6582092248924742,0.48475120385232745
satimage,6,POST,2.6284154763303578,0.7308887856374249,0.6026637069922308
satimage,6,PRE,3.596784810643335,0.7052821327328707,0.5571587125416204
satimage,6,GF,2.8617524375128336,0.6811021135215095,0.4678456591639871
satimage,6,PEDRYCZ,2.366291544125063,0.6473301541099806,0.562708102108768
satimage,6,GATE_ONLY,2.9831269580424964,0.6868168287948226,0.5024077046548957
satimage,7,POST,2.5607306961893883,0.727750731992213,0.6037735849056604
satimage,7,PRE,3.486111934442791,0.7029839628723109,0.5530546623794212
satimage,7,GF,2.7185655697143796,0.6829411904303277,0.47030497592295345
satimage,7,PEDRYCZ,1.9447876957972507,0.6582783875376269,0.48475120385232745
satimage,7,GATE_ONLY,2.798910405320685,0.6878851232209917,0.5064308681672026
satimage,8,POST,2.628755372275716,0.7190512792342847,0.6003210272873194
satimage,8,PRE,3.691083068336333,0.7014507632903151,0.5441412520064205
satimage,8,GF,2.895043364598432,0.6802855637670938,0.4565916398713826
satimage,8,PEDRYCZ,2.4546264241429694,0.6980265308007667,0.6170921198668147
satimage,8,GATE_ONLY,3.0629353170560147,0.6859212191458602,0.48635634028892455
satimage,9,POST,2.668115393404984,0.728858127690196,0.5882352941176471
satimage,9,PRE,3.6373889622114457,0.7032916433911129,0.5329052969502408
satimage,9,GF,2.8465343621861843,0.6859283301092781,0.47266881028938906
satimage,9,PEDRYCZ,1.8042260481631898,0.6531732156766347,0.5127635960044395
satimage,9,GATE_ONLY,2.9247622538437974,0.6876201316797008,0.47030497592295345
wine,0,POST,2.064425568440772,0.9300292397660821,0.8333333333333334
wine,0,PRE,3.208697436486975,0.9672514619883043,0.8888888888888888
wine,0,GF,3.5139968683817893,0.9405847953216375,0.8333333333333334
wine,0,PEDRYCZ,1.5617069160976962,0.8420175438596491,0.6666666666666666
wine,0,GATE_ONLY,3.496606598173491,0.9728070175438598,0.8888888888888888
wine,1,POST,2.525221432965331,0.9402923976608187,0.7777777777777778
wine,1,PRE,3.126172909685257,0.9550898692810458,0.8333333333333334
wine,1,GF,3.576641186042609,0.9264787581699346,0.8333333333333334
wine,1,PEDRYCZ,2.007601456437904,0.8916959064327485,0.7222222222222222
wine,1,GATE_ONLY,3.5630105111713117,0.9609722222222222,0.8333333333333334
wine,2,POST,1.6237229614934832,0.9341812865497076,0.8333333333333334
wine,2,PRE,3.1626103334811755,0.967514619883041,0.8888888888888888
wine,2,GF,3.5972581278448548,0.9197368421052632,0.75
wine,2,PEDRYCZ,1.7265030223999407,0.8911403508771929,0.7777777777777778
wine,2,GATE_ONLY,3.589211772996619,0.967514619883041,0.8888888888888888
wine,3,POST,2.3162275985138097,0.9501535087719299,0.8888888888888888
wine,3,PRE,3.2973919010191635,0.9662646198830409,0.8888888888888888
wine,3,GF,3.680217335314034,0.9492711558307534,0.8333333333333334
wine,3,PEDRYCZ,1.2661459827032842,0.8689473684210526,0.7777777777777778
wine,3,GATE_ONLY,3.6699449354164475,0.9770833333333334,0.9375
wine,4,POST,2.5897592269875296,0.9390423976608187,0.7777777777777778
wine,4,PRE,3.297126361674804,0.9662646198830409,0.8888888888888888
wine,4,GF,3.6896134173768185,0.9228332473340213,0.8333333333333334
wine,4,PEDRYCZ,1.9276863128192783,0.9017251461988305,0.7222222222222222
wine,4,GATE_ONLY,3.6977067412815012,0.9662646198830409,0.8888888888888888
wine,5,POST,1.5419227984827897,0.9241812865497077,0.7777777777777778
wine,5,PRE,3.014621333633545,0.9619590643274852,0.8333333333333334
wine,5,GF,3.5230742159174886,0.9241468868249054,0.8333333333333334
wine,5,PEDRYCZ,1.538603461624748,0.8478018575851394,0.7368421052631579
wine,5,GATE_ONLY,3.573985002196976,0.9671878224974201,0.9411764705882353
wine,6,POST,1.8267773185534997,0.9241812865497077,0.7777777777777778
wine,6,PRE,3.2161751652253816,0.9677777777777778,0.9
wine,6,GF,3.5702882514369976,0.9395343137254903,0.8333333333333334
wine,6,PEDRYCZ,1.3683040189454327,0.8910014619883043,0.7777777777777778
wine,6,GATE_ONLY,3.6175409910169365,0.9788888888888889,0.9
wine,7,POST,2.3173555435367788,0.9166468868249055,0.8333333333333334
wine,7,PRE,3.0947433038624093,0.961264619883041,0.8888888888888888
wine,7,GF,3.4828180085020115,0.9259640522875818,0.8235294117647058
wine,7,PEDRYCZ,1.6682851129119474,0.9030994152046784,0.8
wine,7,GATE_ONLY,3.4466733562768264,0.9665277777777778,0.8888888888888888
wine,8,POST,2.2892711669844643,0.8833427932576539,0.7222222222222222
wine,8,PRE,2.950665805340708,0.9430211558307533,0.8888888888888888
wine,8,GF,3.2832044011977852,0.9160569315445477,0.8333333333333334
wine,8,PEDRYCZ,0.9721755363043295,0.8853216374269006,0.7222222222222222
wine,8,GATE_ONLY,3.2784013569649613,0.9485767113863088,0.8888888888888888
wine,9,POST,2.3905585643328897,0.9186549707602341,0.8333333333333334
wine,9,PRE,3.078315130554624,0.9669590643274854,0.8888888888888888
wine,9,GF,3.3294626179089115,0.9495979532163743,0.8888888888888888
wine,9,PEDRYCZ,0.9300373604444503,0.8500094599243206,0.6111111111111112
wine,9,GATE_ONLY,3.346444657629154,0.9777777777777776,0.9444444444444444
