dataset,seed,cell,mass_point,gate,personalize,min_dist,mean_acc,worst_acc,pearson_end,spearman_end,pearson_all,spearman_all
wine,0,post_none_off,post,none,off,2.064425568440772,0.9300292397660821,0.8333333333333334,0.9766373399508428,1.0,0.9646227855352333,0.9771418178821092
wine,0,post_none_on,post,none,on,0.8255651873747998,0.7487659098727211,0.6666666666666666,0.9766373399508428,1.0,0.9646227855352333,0.9771418178821092
wine,0,post_footprint_off,post,footprint,off,3.496606598173491,0.9728070175438598,0.8888888888888888,0.9766373399508428,1.0,0.9646227855352333,0.9771418178821092
wine,0,post_footprint_on,post,footprint,on,3.5139968683817893,0.9405847953216375,0.8333333333333334,0.9766373399508428,1.0,0.9646227855352333,0.9771418178821092
wine,0,post_mass_off,post,mass,off,3.4255967691809723,0.9728070175438598,0.8888888888888888,0.9766373399508428,1.0,0.9646227855352333,0.9771418178821092
wine,0,post_mass_on,post,mass,on,3.447480163786319,0.8957039043687651,0.7894736842105263,0.9766373399508428,1.0,0.9646227855352333,0.9771418178821092
wine,0,pre_none_off,pre,none,off,3.208697436486975,0.9672514619883043,0.8888888888888888,0.9766373399508428,1.0,0.9646227855352333,0.9771418178821092
wine,0,pre_none_on,pre,none,on,1.6796466264950742,0.7490290677674578,0.6666666666666666,0.9766373399508428,1.0,0.9646227855352333,0.9771418178821092
wine,0,pre_footprint_off,pre,footprint,off,3.517965508891141,0.9733625730994152,0.8947368421052632,0.9766373399508428,1.0,0.9646227855352333,0.9771418178821092
wine,0,pre_footprint_on,pre,footprint,on,3.5265591937063223,0.935029239766082,0.8333333333333334,0.9766373399508428,1.0,0.9646227855352333,0.9771418178821092
wine,0,pre_mass_off,pre,mass,off,3.529594151017587,0.9783625730994153,0.8947368421052632,0.9766373399508428,1.0,0.9646227855352333,0.9771418178821092
wine,0,pre_mass_on,pre,mass,on,3.532118666564874,0.9009670622635019,0.8333333333333334,0.9766373399508428,1.0,0.9646227855352333,0.9771418178821092
wine,1,post_none_off,post,none,off,2.525221432965331,0.9402923976608187,0.7777777777777778,0.9835637846833464,1.0,0.9739657876941707,0.9577109161549062
wine,1,post_none_on,post,none,on,2.489400051476647,0.7658346233230134,0.6666666666666666,0.9835637846833464,1.0,0.9739657876941707,0.9577109161549062
wine,1,post_footprint_off,post,footprint,off,3.5630105111713117,0.9609722222222222,0.8333333333333334,0.9835637846833464,1.0,0.9739657876941707,0.9577109161549062
wine,1,post_footprint_on,post,footprint,on,3.576641186042609,0.9264787581699346,0.8333333333333334,0.9835637846833464,1.0,0.9739657876941707,0.9577109161549062
wine,1,post_mass_off,post,mass,off,3.379832478372053,0.9550898692810458,0.8333333333333334,0.9835637846833464,1.0,0.9739657876941707,0.9577109161549062
wine,1,post_mass_on,post,mass,on,3.3904830243985162,0.9001044891640868,0.7777777777777778,0.9835637846833464,1.0,0.9739657876941707,0.9577109161549062
wine,1,pre_none_off,pre,none,off,3.126172909685257,0.9550898692810458,0.8333333333333334,0.9835637846833464,1.0,0.9739657876941707,0.9577109161549062
wine,1,pre_none_on,pre,none,on,3.241913215236045,0.7602790677674579,0.6666666666666666,0.9835637846833464,1.0,0.9739657876941707,0.9577109161549062
wine,1,pre_footprint_off,pre,footprint,off,3.583518416443846,0.9609722222222222,0.8333333333333334,0.9835637846833464,1.0,0.9739657876941707,0.9577109161549062
wine,1,pre_footprint_on,pre,footprint,on,3.5685831749184733,0.9320343137254902,0.8333333333333334,0.9835637846833464,1.0,0.9739657876941707,0.9577109161549062
wine,1,pre_mass_off,pre,mass,off,3.473897157403718,0.9550898692810458,0.8333333333333334,0.9835637846833464,1.0,0.9739657876941707,0.9577109161549062
wine,1,pre_mass_on,pre,mass,on,3.4578893454306123,0.9106600447196422,0.7777777777777778,0.9835637846833464,1.0,0.9739657876941707,0.9577109161549062
