dataset,seed,cell,mass_point,gate,personalize,min_dist,mean_acc,worst_acc,pearson_end,spearman_end,pearson_all,spearman_all,fcm_obj
cluster_skew_hard,0,post_none_off,post,none,off,2.9838153096233713,0.9609848484848484,0.8727272727272727,0.9998317367155091,1.0,0.9972648931729972,0.9932100543382515,16.03170674683257
cluster_skew_hard,0,post_footprint_off,post,footprint,off,6.697793739355296,1.0,1.0,0.9998317367155091,1.0,0.9972648931729972,0.9932100543382515,1.799395894294723
cluster_skew_hard,0,post_footprint_on,post,footprint,on,7.991186872789944,1.0,1.0,0.9998317367155091,1.0,0.9972648931729972,0.9932100543382515,1.4337484539021135
cluster_skew_hard,0,pre_none_off,pre,none,off,1.0944842919834663,0.8795454545454547,0.55,0.9998317367155091,1.0,0.9972648931729972,0.9932100543382515,9.256815586206121
cluster_skew_hard,0,pre_footprint_off,pre,footprint,off,1.115725640612623,0.8803030303030303,0.5454545454545454,0.9998317367155091,1.0,0.9972648931729972,0.9932100543382515,9.28644479664476
cluster_skew_hard,0,pre_mass_off,pre,mass,off,1.118374210880589,0.8814393939393939,0.55,0.9998317367155091,1.0,0.9972648931729972,0.9932100543382515,9.285286661504701
cluster_skew_hard,1,post_none_off,post,none,off,0.062019404605039824,0.9462121212121212,0.85,0.9998962857286265,1.0,0.99985300204004,0.9939546966643787,16.94637430652239
cluster_skew_hard,1,post_footprint_off,post,footprint,off,7.93385228566002,1.0,1.0,0.9998962857286265,1.0,0.99985300204004,0.9939546966643787,1.219488714143475
cluster_skew_hard,1,post_footprint_on,post,footprint,on,7.905933574511279,1.0,1.0,0.9998962857286265,1.0,0.99985300204004,0.9939546966643787,1.3806400697463452
cluster_skew_hard,1,pre_none_off,pre,none,off,8.229763283876409,1.0,1.0,0.9998962857286265,1.0,0.99985300204004,0.9939546966643787,1.3832089767887545
cluster_skew_hard,1,pre_footprint_off,pre,footprint,off,8.2903224433783,1.0,1.0,0.9998962857286265,1.0,0.99985300204004,0.9939546966643787,1.4251867948798191
cluster_skew_hard,1,pre_mass_off,pre,mass,off,8.289865982229177,1.0,1.0,0.9998962857286265,1.0,0.99985300204004,0.9939546966643787,1.4254258658890515
cluster_skew_hard,2,post_none_off,post,none,off,1.687721540496728,0.9761363636363636,0.9090909090909091,0.9998566953514763,1.0,0.9987895145759272,0.9927991654052191,12.905784268532127
cluster_skew_hard,2,post_footprint_off,post,footprint,off,7.714382794301996,1.0,1.0,0.9998566953514763,1.0,0.9987895145759272,0.9927991654052191,1.9549889911464071
cluster_skew_hard,2,post_footprint_on,post,footprint,on,7.677170130843003,1.0,1.0,0.9998566953514763,1.0,0.9987895145759272,0.9927991654052191,1.4733734628583133
cluster_skew_hard,2,pre_none_off,pre,none,off,8.361464841997776,1.0,1.0,0.9998566953514763,1.0,0.9987895145759272,0.9927991654052191,1.4468599875212715
cluster_skew_hard,2,pre_footprint_off,pre,footprint,off,8.428288065602835,1.0,1.0,0.9998566953514763,1.0,0.9987895145759272,0.9927991654052191,1.4892251287759593
cluster_skew_hard,2,pre_mass_off,pre,mass,off,8.42868028025842,1.0,1.0,0.9998566953514763,1.0,0.9987895145759272,0.9927991654052191,1.4894832450806128
cluster_skew_hard,3,post_none_off,post,none,off,0.9496329537532918,0.9280303030303031,0.7818181818181819,0.9999328595725182,1.0,0.9949392494865571,0.9963120966311925,13.882689055053902
cluster_skew_hard,3,post_footprint_off,post,footprint,off,6.849673736356378,1.0,1.0,0.9999328595725182,1.0,0.9949392494865571,0.9963120966311925,1.5413848792658122
cluster_skew_hard,3,post_footprint_on,post,footprint,on,7.75534567750363,1.0,1.0,0.9999328595725182,1.0,0.9949392494865571,0.9963120966311925,1.4335875393167004
cluster_skew_hard,3,pre_none_off,pre,none,off,8.457483751920751,1.0,1.0,0.9999328595725182,1.0,0.9949392494865571,0.9963120966311925,1.401801302011058
cluster_skew_hard,3,pre_footprint_off,pre,footprint,off,8.490693794902537,1.0,1.0,0.9999328595725182,1.0,0.9949392494865571,0.9963120966311925,1.4386606961649666
cluster_skew_hard,3,pre_mass_off,pre,mass,off,8.49088790111117,1.0,1.0,0.9999328595725182,1.0,0.9949392494865571,0.9963120966311925,1.4388856305349065
cluster_skew_hard,4,post_none_off,post,none,off,0.4750826450005753,0.9227272727272727,0.7454545454545455,0.9999641468095124,1.0,0.9980218117005906,0.993791680530838,13.748860786209653
cluster_skew_hard,4,post_footprint_off,post,footprint,off,7.900415147831569,1.0,1.0,0.9999641468095124,1.0,0.9980218117005906,0.993791680530838,1.4410498627216801
cluster_skew_hard,4,post_footprint_on,post,footprint,on,7.581437039321073,1.0,1.0,0.9999641468095124,1.0,0.9980218117005906,0.993791680530838,1.4545907055480645
cluster_skew_hard,4,pre_none_off,pre,none,off,8.36018626809122,1.0,1.0,0.9999641468095124,1.0,0.9980218117005906,0.993791680530838,1.4589918902554917
cluster_skew_hard,4,pre_footprint_off,pre,footprint,off,1.2467522754973237,0.8696969696969696,0.5590909090909091,0.9999641468095124,1.0,0.9980218117005906,0.993791680530838,8.068593385176815
cluster_skew_hard,4,pre_mass_off,pre,mass,off,1.241338954023876,0.8693181818181818,0.5545454545454546,0.9999641468095124,1.0,0.9980218117005906,0.993791680530838,8.066869712482326
cluster_skew_hard,5,post_none_off,post,none,off,2.0052542332475087,0.9511363636363638,0.7863636363636364,0.999975334475883,1.0,0.9987428877211973,0.9975300947408224,15.101635557842995
cluster_skew_hard,5,post_footprint_off,post,footprint,off,7.975771131483439,1.0,1.0,0.999975334475883,1.0,0.9987428877211973,0.9975300947408224,1.221618484556354
cluster_skew_hard,5,post_footprint_on,post,footprint,on,7.957433572637586,1.0,1.0,0.999975334475883,1.0,0.9987428877211973,0.9975300947408224,1.4231175742457718
cluster_skew_hard,5,pre_none_off,pre,none,off,8.340217684550321,1.0,1.0,0.999975334475883,1.0,0.9987428877211973,0.9975300947408224,1.418739420831605
cluster_skew_hard,5,pre_footprint_off,pre,footprint,off,8.417399767464904,1.0,1.0,0.999975334475883,1.0,0.9987428877211973,0.9975300947408224,1.45660755514399
cluster_skew_hard,5,pre_mass_off,pre,mass,off,8.41781915239989,1.0,1.0,0.999975334475883,1.0,0.9987428877211973,0.9975300947408224,1.4568834150328558
cluster_skew_hard,6,post_none_off,post,none,off,1.6123563818993207,0.9416666666666668,0.7772727272727272,0.9999149834017497,1.0,0.9948140405890655,0.9938943325277331,16.77216456315352
cluster_skew_hard,6,post_footprint_off,post,footprint,off,7.949110162083822,1.0,1.0,0.9999149834017497,1.0,0.9948140405890655,0.9938943325277331,1.7374280220861738
cluster_skew_hard,6,post_footprint_on,post,footprint,on,7.895298224851941,1.0,1.0,0.9999149834017497,1.0,0.9948140405890655,0.9938943325277331,1.3741542951794434
cluster_skew_hard,6,pre_none_off,pre,none,off,8.360035147186087,1.0,1.0,0.9999149834017497,1.0,0.9948140405890655,0.9938943325277331,1.3550006078170393
cluster_skew_hard,6,pre_footprint_off,pre,footprint,off,8.396295195876306,1.0,1.0,0.9999149834017497,1.0,0.9948140405890655,0.9938943325277331,1.3908111692859415
cluster_skew_hard,6,pre_mass_off,pre,mass,off,8.396464064469894,1.0,1.0,0.9999149834017497,1.0,0.9948140405890655,0.9938943325277331,1.3910461656626243
cluster_skew_hard,7,post_none_off,post,none,off,0.9224683067834366,0.8170454545454545,0.5272727272727272,0.9999203458598412,1.0,0.9946297348989327,0.996324628876823,14.817481035520089
cluster_skew_hard,7,post_footprint_off,post,footprint,off,8.06533976473646,1.0,1.0,0.9999203458598412,1.0,0.9946297348989327,0.996324628876823,1.5275311319652187
cluster_skew_hard,7,post_footprint_on,post,footprint,on,7.883681499695765,1.0,1.0,0.9999203458598412,1.0,0.9946297348989327,0.996324628876823,1.4315456090950742
cluster_skew_hard,7,pre_none_off,pre,none,off,8.183852866456673,1.0,1.0,0.9999203458598412,1.0,0.9946297348989327,0.996324628876823,1.4119236541483045
cluster_skew_hard,7,pre_footprint_off,pre,footprint,off,8.25376541338758,1.0,1.0,0.9999203458598412,1.0,0.9946297348989327,0.996324628876823,1.448760158231729
cluster_skew_hard,7,pre_mass_off,pre,mass,off,8.254609796502331,1.0,1.0,0.9999203458598412,1.0,0.9946297348989327,0.996324628876823,1.4491056361937105
cluster_skew_hard,8,post_none_off,post,none,off,0.8403256066807027,0.9140151515151516,0.7045454545454546,0.9998231727029,0.9847080484106439,0.9942069125147996,0.9704031030293778,15.747275015685517
cluster_skew_hard,8,post_footprint_off,post,footprint,off,6.997598547095673,1.0,1.0,0.9998231727029,0.9847080484106439,0.9942069125147996,0.9704031030293778,1.5900061803661392
cluster_skew_hard,8,post_footprint_on,post,footprint,on,7.710902162785401,1.0,1.0,0.9998231727029,0.9847080484106439,0.9942069125147996,0.9704031030293778,1.4268717722187134
cluster_skew_hard,8,pre_none_off,pre,none,off,1.2174725100940402,0.8753787878787879,0.5545454545454546,0.9998231727029,0.9847080484106439,0.9942069125147996,0.9704031030293778,8.287751111946134
cluster_skew_hard,8,pre_footprint_off,pre,footprint,off,8.437297262877358,1.0,1.0,0.9998231727029,0.9847080484106439,0.9942069125147996,0.9704031030293778,1.446208272474298
cluster_skew_hard,8,pre_mass_off,pre,mass,off,8.437916683948343,1.0,1.0,0.9998231727029,0.9847080484106439,0.9942069125147996,0.9704031030293778,1.4466765621347513
cluster_skew_hard,9,post_none_off,post,none,off,1.6327009890991817,0.7363636363636364,0.5636363636363636,0.9999179672181638,1.0,0.9999170718563007,0.9980120655561651,14.07968218149804
cluster_skew_hard,9,post_footprint_off,post,footprint,off,7.997004217956749,1.0,1.0,0.9999179672181638,1.0,0.9999170718563007,0.9980120655561651,1.4951330548892185
cluster_skew_hard,9,post_footprint_on,post,footprint,on,7.896199774790627,1.0,1.0,0.9999179672181638,1.0,0.9999170718563007,0.9980120655561651,1.4677933755314578
cluster_skew_hard,9,pre_none_off,pre,none,off,8.335383957687858,1.0,1.0,0.9999179672181638,1.0,0.9999170718563007,0.9980120655561651,1.4633741102417719
cluster_skew_hard,9,pre_footprint_off,pre,footprint,off,8.372800033611846,1.0,1.0,0.9999179672181638,1.0,0.9999170718563007,0.9980120655561651,1.5016519575900222
cluster_skew_hard,9,pre_mass_off,pre,mass,off,8.373438009922324,1.0,1.0,0.9999179672181638,1.0,0.9999170718563007,0.9980120655561651,1.5019243406239997
cluster_skew_overlap,0,post_none_off,post,none,off,2.9271755334759058,0.8045454545454546,0.6545454545454545,0.9994425790332572,0.9290569415042095,0.9985604741391239,0.9805772188348402,3.722948886544496
cluster_skew_overlap,0,post_footprint_off,post,footprint,off,4.767742647402134,0.8640151515151514,0.7909090909090909,0.9994425790332572,0.9290569415042095,0.9985604741391239,0.9805772188348402,3.4459438715212354
cluster_skew_overlap,0,post_footprint_on,post,footprint,on,4.759475253332599,0.8011363636363638,0.7,0.9994425790332572,0.9290569415042095,0.9985604741391239,0.9805772188348402,3.5808440302983517
cluster_skew_overlap,0,pre_none_off,pre,none,off,4.661305238829278,0.8632575757575759,0.7954545454545454,0.9994425790332572,0.9290569415042095,0.9985604741391239,0.9805772188348402,3.3819792643687676
cluster_skew_overlap,0,pre_footprint_off,pre,footprint,off,5.248020313431736,0.8636363636363636,0.7909090909090909,0.9994425790332572,0.9290569415042095,0.9985604741391239,0.9805772188348402,3.8961296849216613
cluster_skew_overlap,0,pre_mass_off,pre,mass,off,5.26482906168962,0.8632575757575758,0.7909090909090909,0.9994425790332572,0.9290569415042095,0.9985604741391239,0.9805772188348402,3.902072889586839
cluster_skew_overlap,1,post_none_off,post,none,off,2.7019599798975915,0.7594696969696968,0.5818181818181818,0.999477629494448,0.9914472163417521,0.9990946559624515,0.9881012937503615,4.0203589449733075
cluster_skew_overlap,1,post_footprint_off,post,footprint,off,4.578301866676784,0.8624999999999999,0.8090909090909091,0.999477629494448,0.9914472163417521,0.9990946559624515,0.9881012937503615,3.2905302716376963
cluster_skew_overlap,1,post_footprint_on,post,footprint,on,4.655917859750547,0.8079545454545456,0.7454545454545455,0.999477629494448,0.9914472163417521,0.9990946559624515,0.9881012937503615,3.3635797603202513
cluster_skew_overlap,1,pre_none_off,pre,none,off,4.492189095866168,0.8636363636363638,0.8136363636363636,0.999477629494448,0.9914472163417521,0.9990946559624515,0.9881012937503615,3.2355521135425374
cluster_skew_overlap,1,pre_footprint_off,pre,footprint,off,4.992275576574205,0.8655303030303031,0.8227272727272728,0.999477629494448,0.9914472163417521,0.9990946559624515,0.9881012937503615,3.6603792525251015
cluster_skew_overlap,1,pre_mass_off,pre,mass,off,5.005421923161549,0.8655303030303031,0.8181818181818182,0.999477629494448,0.9914472163417521,0.9990946559624515,0.9881012937503615,3.666064636237228
cluster_skew_overlap,2,post_none_off,post,none,off,2.7809938485501777,0.6606060606060606,0.5454545454545454,0.9992402811313482,0.9747805496750855,0.9988013753904268,0.9854963277537753,4.197687170910992
cluster_skew_overlap,2,post_footprint_off,post,footprint,off,4.70942333335948,0.8571969696969698,0.7954545454545454,0.9992402811313482,0.9747805496750855,0.9988013753904268,0.9854963277537753,3.43546250149746
cluster_skew_overlap,2,post_footprint_on,post,footprint,on,4.824302992328068,0.7973484848484848,0.6954545454545454,0.9992402811313482,0.9747805496750855,0.9988013753904268,0.9854963277537753,3.5714676574687685
cluster_skew_overlap,2,pre_none_off,pre,none,off,4.73240352435922,0.8583333333333334,0.8,0.9992402811313482,0.9747805496750855,0.9988013753904268,0.9854963277537753,3.4036903792857567
cluster_skew_overlap,2,pre_footprint_off,pre,footprint,off,5.382682467203737,0.8571969696969696,0.7954545454545454,0.9992402811313482,0.9747805496750855,0.9988013753904268,0.9854963277537753,3.9193278267166787
cluster_skew_overlap,2,pre_mass_off,pre,mass,off,5.40596264828499,0.8579545454545454,0.7954545454545454,0.9992402811313482,0.9747805496750855,0.9988013753904268,0.9854963277537753,3.9265142767574472
cluster_skew_overlap,3,post_none_off,post,none,off,2.7080282028562475,0.7435606060606061,0.6272727272727273,0.9993056120568226,0.9500000000000001,0.998608789547595,0.9830273161667703,4.225644150175893
cluster_skew_overlap,3,post_footprint_off,post,footprint,off,5.022746669374045,0.8409090909090909,0.8,0.9993056120568226,0.9500000000000001,0.998608789547595,0.9830273161667703,3.3447278290000573
cluster_skew_overlap,3,post_footprint_on,post,footprint,on,5.074728206220822,0.7916666666666666,0.7454545454545455,0.9993056120568226,0.9500000000000001,0.998608789547595,0.9830273161667703,3.3900892789594996
cluster_skew_overlap,3,pre_none_off,pre,none,off,4.916095476104321,0.8397727272727273,0.8045454545454546,0.9993056120568226,0.9500000000000001,0.998608789547595,0.9830273161667703,3.310925100085905
cluster_skew_overlap,3,pre_footprint_off,pre,footprint,off,5.4676566803137145,0.8435606060606059,0.8090909090909091,0.9993056120568226,0.9500000000000001,0.998608789547595,0.9830273161667703,3.7136902347042877
cluster_skew_overlap,3,pre_mass_off,pre,mass,off,5.4743249106777006,0.8431818181818181,0.8045454545454546,0.9993056120568226,0.9500000000000001,0.998608789547595,0.9830273161667703,3.722096905859846
cluster_skew_overlap,4,post_none_off,post,none,off,2.5809219871644977,0.5821969696969698,0.5181818181818182,0.9994918478618805,0.9914472163417524,0.9973504455470336,0.9900998728237201,4.305692816355115
cluster_skew_overlap,4,post_footprint_off,post,footprint,off,5.032234050336892,0.859469696969697,0.7863636363636364,0.9994918478618805,0.9914472163417524,0.9973504455470336,0.9900998728237201,3.4518299198254936
cluster_skew_overlap,4,post_footprint_on,post,footprint,on,5.043399369305663,0.7912878787878789,0.7227272727272728,0.9994918478618805,0.9914472163417524,0.9973504455470336,0.9900998728237201,3.559729603527566
cluster_skew_overlap,4,pre_none_off,pre,none,off,4.9370838681144305,0.8515151515151514,0.7954545454545454,0.9994918478618805,0.9914472163417524,0.9973504455470336,0.9900998728237201,3.4355577385905627
cluster_skew_overlap,4,pre_footprint_off,pre,footprint,off,5.609653419633361,0.8587121212121213,0.7818181818181819,0.9994918478618805,0.9914472163417524,0.9973504455470336,0.9900998728237201,3.8346209542525314
cluster_skew_overlap,4,pre_mass_off,pre,mass,off,5.602522385299887,0.8579545454545454,0.7818181818181819,0.9994918478618805,0.9914472163417524,0.9973504455470336,0.9900998728237201,3.832605628124146
cluster_skew_overlap,5,post_none_off,post,none,off,2.9428106604593207,0.7492424242424242,0.6636363636363637,0.9992906498437488,0.8957236081708762,0.9987457979121523,0.9909103103633082,4.102225755884945
cluster_skew_overlap,5,post_footprint_off,post,footprint,off,4.634860772229444,0.8575757575757574,0.7227272727272728,0.9992906498437488,0.8957236081708762,0.9987457979121523,0.9909103103633082,3.4036898580297352
cluster_skew_overlap,5,post_footprint_on,post,footprint,on,4.825247803447033,0.7946969696969698,0.6272727272727273,0.9992906498437488,0.8957236081708762,0.9987457979121523,0.9909103103633082,3.5382377831469416
cluster_skew_overlap,5,pre_none_off,pre,none,off,4.775431368362525,0.8526515151515152,0.7636363636363637,0.9992906498437488,0.8957236081708762,0.9987457979121523,0.9909103103633082,3.4194537022590192
cluster_skew_overlap,5,pre_footprint_off,pre,footprint,off,5.244260359716746,0.8587121212121213,0.740909090909091,0.9992906498437488,0.8957236081708762,0.9987457979121523,0.9909103103633082,3.861411826213097
cluster_skew_overlap,5,pre_mass_off,pre,mass,off,5.263505642905623,0.8583333333333335,0.740909090909091,0.9992906498437488,0.8957236081708762,0.9987457979121523,0.9909103103633082,3.8663360895810786
cluster_skew_overlap,6,post_none_off,post,none,off,2.91280417410739,0.8185606060606062,0.7318181818181818,0.9991483364678757,0.9833333333333334,0.998781184529104,0.9931633877252772,4.07421343039973
cluster_skew_overlap,6,post_footprint_off,post,footprint,off,4.828553673018318,0.8549242424242424,0.7636363636363637,0.9991483364678757,0.9833333333333334,0.998781184529104,0.9931633877252772,3.37607989129307
cluster_skew_overlap,6,post_footprint_on,post,footprint,on,4.911418326552238,0.8045454545454546,0.6954545454545454,0.9991483364678757,0.9833333333333334,0.998781184529104,0.9931633877252772,3.4061460797803895
cluster_skew_overlap,6,pre_none_off,pre,none,off,4.878954902196877,0.859469696969697,0.7863636363636364,0.9991483364678757,0.9833333333333334,0.998781184529104,0.9931633877252772,3.3868616477089595
cluster_skew_overlap,6,pre_footprint_off,pre,footprint,off,5.4192561243600625,0.8761363636363636,0.8181818181818182,0.9991483364678757,0.9833333333333334,0.998781184529104,0.9931633877252772,3.7656650696655567
cluster_skew_overlap,6,pre_mass_off,pre,mass,off,5.438415917513934,0.8757575757575758,0.8181818181818182,0.9991483364678757,0.9833333333333334,0.998781184529104,0.9931633877252772,3.775515862570941
cluster_skew_overlap,7,post_none_off,post,none,off,2.8631793494973143,0.5806818181818182,0.4909090909090909,0.9991922168585771,0.9790569415042095,0.99800657369332,0.9889330481249462,4.240626738958598
cluster_skew_overlap,7,post_footprint_off,post,footprint,off,4.329209759232748,0.8628787878787878,0.7727272727272727,0.9991922168585771,0.9790569415042095,0.99800657369332,0.9889330481249462,3.356987707460187
cluster_skew_overlap,7,post_footprint_on,post,footprint,on,4.401406757133626,0.8087121212121212,0.6636363636363637,0.9991922168585771,0.9790569415042095,0.99800657369332,0.9889330481249462,3.454620990037266
cluster_skew_overlap,7,pre_none_off,pre,none,off,4.290631854755255,0.8628787878787878,0.7818181818181819,0.9991922168585771,0.9790569415042095,0.99800657369332,0.9889330481249462,3.347248440383848
cluster_skew_overlap,7,pre_footprint_off,pre,footprint,off,4.727787910840418,0.8640151515151514,0.7954545454545454,0.9991922168585771,0.9790569415042095,0.99800657369332,0.9889330481249462,3.7670908544547665
cluster_skew_overlap,7,pre_mass_off,pre,mass,off,4.751926234445965,0.8640151515151514,0.7954545454545454,0.9991922168585771,0.9790569415042095,0.99800657369332,0.9889330481249462,3.7729261905244407
cluster_skew_overlap,8,post_none_off,post,none,off,2.8891201426920357,0.7314393939393938,0.6272727272727273,0.9995920116069016,0.9623902748375429,0.9988278951241722,0.9813791272889258,4.255047917797001
cluster_skew_overlap,8,post_footprint_off,post,footprint,off,4.824935113329133,0.8628787878787879,0.8272727272727273,0.9995920116069016,0.9623902748375429,0.9988278951241722,0.9813791272889258,3.383136736527775
cluster_skew_overlap,8,post_footprint_on,post,footprint,on,4.883860762499417,0.8056818181818183,0.7727272727272727,0.9995920116069016,0.9623902748375429,0.9988278951241722,0.9813791272889258,3.489695559378755
cluster_skew_overlap,8,pre_none_off,pre,none,off,4.842340257115474,0.8678030303030303,0.8318181818181818,0.9995920116069016,0.9623902748375429,0.9988278951241722,0.9813791272889258,3.3438114044181426
cluster_skew_overlap,8,pre_footprint_off,pre,footprint,off,5.385881268000786,0.8659090909090909,0.8272727272727273,0.9995920116069016,0.9623902748375429,0.9988278951241722,0.9813791272889258,3.7942732276959354
cluster_skew_overlap,8,pre_mass_off,pre,mass,off,5.396126899423403,0.8659090909090909,0.8318181818181818,0.9995920116069016,0.9623902748375429,0.9988278951241722,0.9813791272889258,3.8029930198594593
cluster_skew_overlap,9,post_none_off,post,none,off,3.1766334650014265,0.834469696969697,0.7318181818181818,0.9995074525935711,0.9666666666666668,0.9993159072558105,0.9826369980290801,3.8652606695477703
cluster_skew_overlap,9,post_footprint_off,post,footprint,off,4.9875992228517925,0.8549242424242425,0.8136363636363636,0.9995074525935711,0.9666666666666668,0.9993159072558105,0.9826369980290801,3.469665743281314
cluster_skew_overlap,9,post_footprint_on,post,footprint,on,5.002295503583115,0.7950757575757575,0.7272727272727273,0.9995074525935711,0.9666666666666668,0.9993159072558105,0.9826369980290801,3.6092126488774903
cluster_skew_overlap,9,pre_none_off,pre,none,off,4.828008422962158,0.8537878787878787,0.8136363636363636,0.9995074525935711,0.9666666666666668,0.9993159072558105,0.9826369980290801,3.432782272039171
cluster_skew_overlap,9,pre_footprint_off,pre,footprint,off,5.370730479046298,0.8568181818181819,0.8136363636363636,0.9995074525935711,0.9666666666666668,0.9993159072558105,0.9826369980290801,3.932091914592501
cluster_skew_overlap,9,pre_mass_off,pre,mass,off,5.376700322383088,0.8571969696969698,0.8136363636363636,0.9995074525935711,0.9666666666666668,0.9993159072558105,0.9826369980290801,3.933896258572811
dirichlet_0.03,0,post_none_off,post,none,off,0.5773068394606425,0.9397727272727273,0.6181818181818182,0.9997539532345504,1.0,0.9978042187203118,0.9979646354719325,17.311692154068684
dirichlet_0.03,0,post_footprint_off,post,footprint,off,6.442309767417159,1.0,1.0,0.9997539532345504,1.0,0.9978042187203118,0.9979646354719325,1.9925678067331043
dirichlet_0.03,0,post_footprint_on,post,footprint,on,6.732418857924707,1.0,1.0,0.9997539532345504,1.0,0.9978042187203118,0.9979646354719325,1.4903860957653081
dirichlet_0.03,0,pre_none_off,pre,none,off,8.63527867507981,1.0,1.0,0.9997539532345504,1.0,0.9978042187203118,0.9979646354719325,1.4882351819253707
dirichlet_0.03,0,pre_footprint_off,pre,footprint,off,8.637374141793828,1.0,1.0,0.9997539532345504,1.0,0.9978042187203118,0.9979646354719325,1.5149193997720087
dirichlet_0.03,0,pre_mass_off,pre,mass,off,8.637340398962639,1.0,1.0,0.9997539532345504,1.0,0.9978042187203118,0.9979646354719325,1.5155035679524986
dirichlet_0.03,1,post_none_off,post,none,off,0.5388079373755994,0.8977272727272726,0.7181818181818181,0.9999058690644856,1.0,0.9998861008504686,0.9999873929818157,18.366747686199805
dirichlet_0.03,1,post_footprint_off,post,footprint,off,5.981074758804179,1.0,1.0,0.9999058690644856,1.0,0.9998861008504686,0.9999873929818157,2.734070650081221
dirichlet_0.03,1,post_footprint_on,post,footprint,on,7.314232535399743,1.0,1.0,0.9999058690644856,1.0,0.9998861008504686,0.9999873929818157,1.5020868424600935
dirichlet_0.03,1,pre_none_off,pre,none,off,8.459333482686542,1.0,1.0,0.9999058690644856,1.0,0.9998861008504686,0.9999873929818157,1.529944314389683
dirichlet_0.03,1,pre_footprint_off,pre,footprint,off,7.530238507125576,1.0,1.0,0.9999058690644856,1.0,0.9998861008504686,0.9999873929818157,1.5315136940348488
dirichlet_0.03,1,pre_mass_off,pre,mass,off,7.529857642277915,1.0,1.0,0.9999058690644856,1.0,0.9998861008504686,0.9999873929818157,1.5318755334565268
dirichlet_0.03,2,post_none_off,post,none,off,0.43094362226283084,0.9037878787878788,0.7454545454545455,0.9969353003706183,0.9957236081708761,0.9946347850479275,0.9859268090148312,14.609915535212483
dirichlet_0.03,2,post_footprint_off,post,footprint,off,1.1403149099895225,0.799621212121212,0.509090909090909,0.9969353003706183,0.9957236081708761,0.9946347850479275,0.9859268090148312,5.774803119144737
dirichlet_0.03,2,post_footprint_on,post,footprint,on,0.8748814549160288,0.796969696969697,0.5318181818181819,0.9969353003706183,0.9957236081708761,0.9946347850479275,0.9859268090148312,1.5278808949154343
dirichlet_0.03,2,pre_none_off,pre,none,off,8.355564348181304,1.0,1.0,0.9969353003706183,0.9957236081708761,0.9946347850479275,0.9859268090148312,1.492367559358676
dirichlet_0.03,2,pre_footprint_off,pre,footprint,off,8.371985025542726,1.0,1.0,0.9969353003706183,0.9957236081708761,0.9946347850479275,0.9859268090148312,1.5071952952490038
dirichlet_0.03,2,pre_mass_off,pre,mass,off,8.366862562080874,1.0,1.0,0.9969353003706183,0.9957236081708761,0.9946347850479275,0.9859268090148312,1.5057424288374774
dirichlet_0.03,3,post_none_off,post,none,off,0.702203371479717,0.9757575757575757,0.9227272727272727,0.9998275185818786,1.0,0.9996854587678231,0.980867641535826,17.397848062920445
dirichlet_0.03,3,post_footprint_off,post,footprint,off,6.032325673140961,1.0,1.0,0.9998275185818786,1.0,0.9996854587678231,0.980867641535826,1.9323757856870891
dirichlet_0.03,3,post_footprint_on,post,footprint,on,7.0432123472514645,1.0,1.0,0.9998275185818786,1.0,0.9996854587678231,0.980867641535826,1.5584187195275427
dirichlet_0.03,3,pre_none_off,pre,none,off,7.784418017389747,1.0,1.0,0.9998275185818786,1.0,0.9996854587678231,0.980867641535826,1.502505644185238
dirichlet_0.03,3,pre_footprint_off,pre,footprint,off,7.7547100726309255,1.0,1.0,0.9998275185818786,1.0,0.9996854587678231,0.980867641535826,1.5304252238134657
dirichlet_0.03,3,pre_mass_off,pre,mass,off,7.753933926444601,1.0,1.0,0.9998275185818786,1.0,0.9996854587678231,0.980867641535826,1.5304570939913154
dirichlet_0.03,4,post_none_off,post,none,off,0.5285691275445932,0.8337121212121211,0.5,0.9996414796444285,0.9694160968212877,0.9939404043267711,0.9548352209730725,16.481038048957963
dirichlet_0.03,4,post_footprint_off,post,footprint,off,7.507929368303631,1.0,1.0,0.9996414796444285,0.9694160968212877,0.9939404043267711,0.9548352209730725,1.8169817490308504
dirichlet_0.03,4,post_footprint_on,post,footprint,on,1.1720371394846738,0.8037878787878788,0.5181818181818182,0.9996414796444285,0.9694160968212877,0.9939404043267711,0.9548352209730725,1.4174792191538976
dirichlet_0.03,4,pre_none_off,pre,none,off,8.394233695170232,1.0,1.0,0.9996414796444285,0.9694160968212877,0.9939404043267711,0.9548352209730725,1.563212786651948
dirichlet_0.03,4,pre_footprint_off,pre,footprint,off,8.413168575351238,1.0,1.0,0.9996414796444285,0.9694160968212877,0.9939404043267711,0.9548352209730725,1.5820515699449016
dirichlet_0.03,4,pre_mass_off,pre,mass,off,8.413206534549756,1.0,1.0,0.9996414796444285,0.9694160968212877,0.9939404043267711,0.9548352209730725,1.5822038505459894
dirichlet_0.03,5,post_none_off,post,none,off,0.7682321838426489,0.9962121212121212,0.9818181818181818,0.9929839940020537,1.0,0.9913562703242095,0.999458238474162,21.012596125131704
dirichlet_0.03,5,post_footprint_off,post,footprint,off,1.888256807127867,0.9340909090909091,0.7272727272727273,0.9929839940020537,1.0,0.9913562703242095,0.999458238474162,5.788589200653818
dirichlet_0.03,5,post_footprint_on,post,footprint,on,1.6987739334919325,0.8943181818181817,0.509090909090909,0.9929839940020537,1.0,0.9913562703242095,0.999458238474162,1.3251699041585874
dirichlet_0.03,5,pre_none_off,pre,none,off,1.077204689411945,0.8693181818181818,0.5227272727272727,0.9929839940020537,1.0,0.9913562703242095,0.999458238474162,3.5619483037838315
dirichlet_0.03,5,pre_footprint_off,pre,footprint,off,1.095890333001307,0.8647727272727274,0.5045454545454545,0.9929839940020537,1.0,0.9913562703242095,0.999458238474162,3.589282231449313
dirichlet_0.03,5,pre_mass_off,pre,mass,off,1.094829001473129,0.8666666666666668,0.5,0.9929839940020537,1.0,0.9913562703242095,0.999458238474162,3.5643875512840113
dirichlet_0.03,6,post_none_off,post,none,off,0.8555599513222436,0.9931818181818182,0.9681818181818181,0.9993288408695422,1.0,0.9989292612745518,0.9991182475510719,20.631946347546354
dirichlet_0.03,6,post_footprint_off,post,footprint,off,6.548339694772428,1.0,1.0,0.9993288408695422,1.0,0.9989292612745518,0.9991182475510719,2.086227617554953
dirichlet_0.03,6,post_footprint_on,post,footprint,on,7.542018576764319,1.0,1.0,0.9993288408695422,1.0,0.9989292612745518,0.9991182475510719,1.468780923571439
dirichlet_0.03,6,pre_none_off,pre,none,off,8.615141267920508,1.0,1.0,0.9993288408695422,1.0,0.9989292612745518,0.9991182475510719,1.47583363461413
dirichlet_0.03,6,pre_footprint_off,pre,footprint,off,8.594434154720675,1.0,1.0,0.9993288408695422,1.0,0.9989292612745518,0.9991182475510719,1.4879156757986565
dirichlet_0.03,6,pre_mass_off,pre,mass,off,8.594410727009283,1.0,1.0,0.9993288408695422,1.0,0.9989292612745518,0.9991182475510719,1.487856839913489
dirichlet_0.03,7,post_none_off,post,none,off,0.6946707535071965,0.896590909090909,0.5954545454545455,0.9993100309708693,1.0,0.9991079679387025,0.9998381888747494,16.9097768741092
dirichlet_0.03,7,post_footprint_off,post,footprint,off,7.238593385709837,1.0,1.0,0.9993100309708693,1.0,0.9991079679387025,0.9998381888747494,1.6647941577218413
dirichlet_0.03,7,post_footprint_on,post,footprint,on,7.437707436627577,1.0,1.0,0.9993100309708693,1.0,0.9991079679387025,0.9998381888747494,1.3911919223047455
dirichlet_0.03,7,pre_none_off,pre,none,off,8.2028180102553,1.0,1.0,0.9993100309708693,1.0,0.9991079679387025,0.9998381888747494,1.377764872028744
dirichlet_0.03,7,pre_footprint_off,pre,footprint,off,8.274768483666385,1.0,1.0,0.9993100309708693,1.0,0.9991079679387025,0.9998381888747494,1.4054175640346989
dirichlet_0.03,7,pre_mass_off,pre,mass,off,8.278333055186815,1.0,1.0,0.9993100309708693,1.0,0.9991079679387025,0.9998381888747494,1.4059465283750572
dirichlet_0.03,8,post_none_off,post,none,off,0.47140628982348326,0.8306818181818181,0.5818181818181818,0.9993615458166479,1.0,0.9969463979759527,0.9954397385832605,20.130358492201616
dirichlet_0.03,8,post_footprint_off,post,footprint,off,6.906013254853016,1.0,1.0,0.9993615458166479,1.0,0.9969463979759527,0.9954397385832605,2.2335899502892067
dirichlet_0.03,8,post_footprint_on,post,footprint,on,7.577494966542126,1.0,1.0,0.9993615458166479,1.0,0.9969463979759527,0.9954397385832605,1.464130043160024
dirichlet_0.03,8,pre_none_off,pre,none,off,8.41344990035875,1.0,1.0,0.9993615458166479,1.0,0.9969463979759527,0.9954397385832605,1.4840158103926315
dirichlet_0.03,8,pre_footprint_off,pre,footprint,off,1.3266193143971265,0.8708333333333335,0.5045454545454545,0.9993615458166479,1.0,0.9969463979759527,0.9954397385832605,5.407485555830819
dirichlet_0.03,8,pre_mass_off,pre,mass,off,1.3209209650961806,0.8700757575757576,0.5045454545454545,0.9993615458166479,1.0,0.9969463979759527,0.9954397385832605,5.404548108588431
dirichlet_0.03,9,post_none_off,post,none,off,1.4685138755435885,0.7170454545454547,0.5045454545454545,0.9998641875916895,0.9847080484106439,0.9990897782907278,0.9815335111170621,21.265941744937376
dirichlet_0.03,9,post_footprint_off,post,footprint,off,6.026189166918313,1.0,1.0,0.9998641875916895,0.9847080484106439,0.9990897782907278,0.9815335111170621,2.122788255101117
dirichlet_0.03,9,post_footprint_on,post,footprint,on,7.525875728692606,1.0,1.0,0.9998641875916895,0.9847080484106439,0.9990897782907278,0.9815335111170621,1.5132172841430644
dirichlet_0.03,9,pre_none_off,pre,none,off,8.27152564236157,1.0,1.0,0.9998641875916895,0.9847080484106439,0.9990897782907278,0.9815335111170621,1.5225781083775836
dirichlet_0.03,9,pre_footprint_off,pre,footprint,off,8.317480299543941,1.0,1.0,0.9998641875916895,0.9847080484106439,0.9990897782907278,0.9815335111170621,1.5572007522790954
dirichlet_0.03,9,pre_mass_off,pre,mass,off,8.31816272731549,1.0,1.0,0.9998641875916895,0.9847080484106439,0.9990897782907278,0.9815335111170621,1.5575369039622218
dirichlet_0.1,0,post_none_off,post,none,off,0.445547369272364,0.9670454545454547,0.8409090909090909,0.9999425444363137,0.9694160968212877,0.9991281175730719,0.975133379280675,10.728054165291582
dirichlet_0.1,0,post_footprint_off,post,footprint,off,7.190713794708642,1.0,1.0,0.9999425444363137,0.9694160968212877,0.9991281175730719,0.975133379280675,1.250762735981487
dirichlet_0.1,0,post_footprint_on,post,footprint,on,7.482422738234376,1.0,1.0,0.9999425444363137,0.9694160968212877,0.9991281175730719,0.975133379280675,1.3923069245407143
dirichlet_0.1,0,pre_none_off,pre,none,off,8.168484494519591,1.0,1.0,0.9999425444363137,0.9694160968212877,0.9991281175730719,0.975133379280675,1.3392159858635244
dirichlet_0.1,0,pre_footprint_off,pre,footprint,off,8.170272646981811,1.0,1.0,0.9999425444363137,0.9694160968212877,0.9991281175730719,0.975133379280675,1.369555169650838
dirichlet_0.1,0,pre_mass_off,pre,mass,off,8.170504479674092,1.0,1.0,0.9999425444363137,0.9694160968212877,0.9991281175730719,0.975133379280675,1.3697957885491556
dirichlet_0.1,1,post_none_off,post,none,off,2.167418583685165,0.9969696969696971,0.9818181818181818,0.9997124411887479,0.9680413817439772,0.9992199988687339,0.9899699091188181,8.854756176084814
dirichlet_0.1,1,post_footprint_off,post,footprint,off,7.771236635629457,1.0,1.0,0.9997124411887479,0.9680413817439772,0.9992199988687339,0.9899699091188181,1.1505407971759116
dirichlet_0.1,1,post_footprint_on,post,footprint,on,7.778842233929098,1.0,1.0,0.9997124411887479,0.9680413817439772,0.9992199988687339,0.9899699091188181,1.2205110883944772
dirichlet_0.1,1,pre_none_off,pre,none,off,8.069643436598637,1.0,1.0,0.9997124411887479,0.9680413817439772,0.9992199988687339,0.9899699091188181,1.2123460966539399
dirichlet_0.1,1,pre_footprint_off,pre,footprint,off,8.126425445574968,1.0,1.0,0.9997124411887479,0.9680413817439772,0.9992199988687339,0.9899699091188181,1.233785039499925
dirichlet_0.1,1,pre_mass_off,pre,mass,off,8.12321205820898,1.0,1.0,0.9997124411887479,0.9680413817439772,0.9992199988687339,0.9899699091188181,1.2321363585004688
dirichlet_0.1,2,post_none_off,post,none,off,1.0166685312347397,0.9647727272727273,0.9,0.9879224067604296,0.9666666666666667,0.9815875838075218,0.9739760499473813,12.940780237253911
dirichlet_0.1,2,post_footprint_off,post,footprint,off,1.4383452188456507,0.8731060606060606,0.6590909090909091,0.9879224067604296,0.9666666666666667,0.9815875838075218,0.9739760499473813,6.301637356822912
dirichlet_0.1,2,post_footprint_on,post,footprint,on,1.1680411420445784,0.8321969696969699,0.5545454545454546,0.9879224067604296,0.9666666666666667,0.9815875838075218,0.9739760499473813,2.4488837827911887
dirichlet_0.1,2,pre_none_off,pre,none,off,1.2592840562497865,0.8166666666666668,0.5409090909090909,0.9879224067604296,0.9666666666666667,0.9815875838075218,0.9739760499473813,6.23565119567152
dirichlet_0.1,2,pre_footprint_off,pre,footprint,off,1.2619045723092104,0.8113636363636364,0.5045454545454545,0.9879224067604296,0.9666666666666667,0.9815875838075218,0.9739760499473813,6.308481119279774
dirichlet_0.1,2,pre_mass_off,pre,mass,off,1.2590753594559385,0.8140151515151515,0.509090909090909,0.9879224067604296,0.9666666666666667,0.9815875838075218,0.9739760499473813,6.310921641763449
dirichlet_0.1,3,post_none_off,post,none,off,2.0325655312814024,0.8212121212121213,0.6,0.9997979453081106,0.9847080484106439,0.9979336108268433,0.9791498263523708,9.663357587866974
dirichlet_0.1,3,post_footprint_off,post,footprint,off,7.51242017581698,1.0,1.0,0.9997979453081106,0.9847080484106439,0.9979336108268433,0.9791498263523708,1.3438124989533344
dirichlet_0.1,3,post_footprint_on,post,footprint,on,8.017786317801441,1.0,1.0,0.9997979453081106,0.9847080484106439,0.9979336108268433,0.9791498263523708,1.3921216318772878
dirichlet_0.1,3,pre_none_off,pre,none,off,8.447128627441478,1.0,1.0,0.9997979453081106,0.9847080484106439,0.9979336108268433,0.9791498263523708,1.3635952555845468
dirichlet_0.1,3,pre_footprint_off,pre,footprint,off,8.492873038148595,1.0,1.0,0.9997979453081106,0.9847080484106439,0.9979336108268433,0.9791498263523708,1.3754787539900764
dirichlet_0.1,3,pre_mass_off,pre,mass,off,8.49330787936422,1.0,1.0,0.9997979453081106,0.9847080484106439,0.9979336108268433,0.9791498263523708,1.375731104282368
dirichlet_0.1,4,post_none_off,post,none,off,0.9917492121260236,0.9409090909090908,0.6590909090909091,0.9978667876644883,0.9666666666666668,0.9975254866642574,0.9854843518988294,6.750034527588361
dirichlet_0.1,4,post_footprint_off,post,footprint,off,1.21201127532635,0.7818181818181816,0.509090909090909,0.9978667876644883,0.9666666666666668,0.9975254866642574,0.9854843518988294,2.157948858169634
dirichlet_0.1,4,post_footprint_on,post,footprint,on,0.9122344562016248,0.7920454545454545,0.5363636363636364,0.9978667876644883,0.9666666666666668,0.9975254866642574,0.9854843518988294,2.1345993478546887
dirichlet_0.1,4,pre_none_off,pre,none,off,7.924900713321432,1.0,1.0,0.9978667876644883,0.9666666666666668,0.9975254866642574,0.9854843518988294,1.32573760720893
dirichlet_0.1,4,pre_footprint_off,pre,footprint,off,1.352771865718185,0.8840909090909089,0.509090909090909,0.9978667876644883,0.9666666666666668,0.9975254866642574,0.9854843518988294,2.425141516741273
dirichlet_0.1,4,pre_mass_off,pre,mass,off,7.927097255206574,1.0,1.0,0.9978667876644883,0.9666666666666668,0.9975254866642574,0.9854843518988294,1.3604560222470172
dirichlet_0.1,5,post_none_off,post,none,off,1.1113302146890829,0.7875,0.5772727272727273,0.9998343801045149,0.9694160968212877,0.9996548520961077,0.9605000194312091,14.016569340839567
dirichlet_0.1,5,post_footprint_off,post,footprint,off,6.264271853569322,1.0,1.0,0.9998343801045149,0.9694160968212877,0.9996548520961077,0.9605000194312091,2.2841545957607834
dirichlet_0.1,5,post_footprint_on,post,footprint,on,7.2158022944009925,1.0,1.0,0.9998343801045149,0.9694160968212877,0.9996548520961077,0.9605000194312091,1.4130310172463356
dirichlet_0.1,5,pre_none_off,pre,none,off,8.061465440112054,1.0,1.0,0.9998343801045149,0.9694160968212877,0.9996548520961077,0.9605000194312091,1.4219084652097593
dirichlet_0.1,5,pre_footprint_off,pre,footprint,off,8.097878577493896,1.0,1.0,0.9998343801045149,0.9694160968212877,0.9996548520961077,0.9605000194312091,1.4511980647460003
dirichlet_0.1,5,pre_mass_off,pre,mass,off,8.098011212216479,1.0,1.0,0.9998343801045149,0.9694160968212877,0.9996548520961077,0.9605000194312091,1.4513009907827061
dirichlet_0.1,6,post_none_off,post,none,off,1.7859823681479847,0.8973484848484848,0.6909090909090909,0.9997772195484802,0.9804316565815201,0.9969512238292007,0.9791419931457653,10.834510240059558
dirichlet_0.1,6,post_footprint_off,post,footprint,off,7.58035750051549,1.0,1.0,0.9997772195484802,0.9804316565815201,0.9969512238292007,0.9791419931457653,1.2256091323107867
dirichlet_0.1,6,post_footprint_on,post,footprint,on,7.607472832607156,1.0,1.0,0.9997772195484802,0.9804316565815201,0.9969512238292007,0.9791419931457653,1.3505943313545092
dirichlet_0.1,6,pre_none_off,pre,none,off,8.24631388321096,1.0,1.0,0.9997772195484802,0.9804316565815201,0.9969512238292007,0.9791419931457653,1.312615408097199
dirichlet_0.1,6,pre_footprint_off,pre,footprint,off,8.300450737581583,1.0,1.0,0.9997772195484802,0.9804316565815201,0.9969512238292007,0.9791419931457653,1.341497062953783
dirichlet_0.1,6,pre_mass_off,pre,mass,off,8.299043059074815,1.0,1.0,0.9997772195484802,0.9804316565815201,0.9969512238292007,0.9791419931457653,1.341540792739094
dirichlet_0.1,7,post_none_off,post,none,off,1.4239425545959938,0.9109848484848485,0.5909090909090909,0.9998716554691405,1.0,0.9998542783490828,0.999908612638017,14.31606171651688
dirichlet_0.1,7,post_footprint_off,post,footprint,off,7.468925215330707,1.0,1.0,0.9998716554691405,1.0,0.9998542783490828,0.999908612638017,1.1502845259780574
dirichlet_0.1,7,post_footprint_on,post,footprint,on,7.681213939726683,1.0,1.0,0.9998716554691405,1.0,0.9998542783490828,0.999908612638017,1.3473450194992127
dirichlet_0.1,7,pre_none_off,pre,none,off,8.065425733571367,1.0,1.0,0.9998716554691405,1.0,0.9998542783490828,0.999908612638017,1.294453865397245
dirichlet_0.1,7,pre_footprint_off,pre,footprint,off,8.17415323204958,1.0,1.0,0.9998716554691405,1.0,0.9998542783490828,0.999908612638017,1.3155792217697906
dirichlet_0.1,7,pre_mass_off,pre,mass,off,8.177821065128787,1.0,1.0,0.9998716554691405,1.0,0.9998542783490828,0.999908612638017,1.3160467338172965
dirichlet_0.1,8,post_none_off,post,none,off,0.372955222756862,0.9568181818181817,0.7545454545454545,0.999892740645988,0.9388321936425754,0.9991602441349273,0.9304243797006672,14.153257246672378
dirichlet_0.1,8,post_footprint_off,post,footprint,off,6.498842787373378,1.0,1.0,0.999892740645988,0.9388321936425754,0.9991602441349273,0.9304243797006672,1.7057382281096864
dirichlet_0.1,8,post_footprint_on,post,footprint,on,7.546792828956213,1.0,1.0,0.999892740645988,0.9388321936425754,0.9991602441349273,0.9304243797006672,1.4643439253758201
dirichlet_0.1,8,pre_none_off,pre,none,off,8.542211652358509,1.0,1.0,0.999892740645988,0.9388321936425754,0.9991602441349273,0.9304243797006672,1.4465571523183767
dirichlet_0.1,8,pre_footprint_off,pre,footprint,off,8.563773414830798,1.0,1.0,0.999892740645988,0.9388321936425754,0.9991602441349273,0.9304243797006672,1.4678592743375576
dirichlet_0.1,8,pre_mass_off,pre,mass,off,8.56390195783473,1.0,1.0,0.999892740645988,0.9388321936425754,0.9991602441349273,0.9304243797006672,1.4687844706468165
dirichlet_0.1,9,post_none_off,post,none,off,1.2463716729818035,0.7234848484848485,0.5545454545454546,0.9749889872450689,0.9581138830084188,0.9671509750416579,0.9534243559766956,8.353540946139152
dirichlet_0.1,9,post_footprint_off,post,footprint,off,1.1707670943640853,0.7246212121212121,0.5227272727272727,0.9749889872450689,0.9581138830084188,0.9671509750416579,0.9534243559766956,7.7294235189179465
dirichlet_0.1,9,post_footprint_on,post,footprint,on,0.6474309114579218,0.728409090909091,0.5409090909090909,0.9749889872450689,0.9581138830084188,0.9671509750416579,0.9534243559766956,3.884786843213861
dirichlet_0.1,9,pre_none_off,pre,none,off,1.2193025563328792,0.7178030303030303,0.5363636363636364,0.9749889872450689,0.9581138830084188,0.9671509750416579,0.9534243559766956,7.188688533852153
dirichlet_0.1,9,pre_footprint_off,pre,footprint,off,1.211161194264003,0.6598484848484848,0.5318181818181819,0.9749889872450689,0.9581138830084188,0.9671509750416579,0.9534243559766956,8.435179645981892
dirichlet_0.1,9,pre_mass_off,pre,mass,off,1.1999025986164629,0.7185606060606061,0.5272727272727272,0.9749889872450689,0.9581138830084188,0.9671509750416579,0.9534243559766956,7.942339915184078
overlap_noise,0,post_none_off,post,none,off,3.7737533426851715,0.8227272727272728,0.7727272727272727,0.9984540610857097,0.9261552647523962,0.9975843070996971,0.9859295178342491,3.619670196417551
overlap_noise,0,post_footprint_off,post,footprint,off,5.08933101445349,0.8973484848484846,0.8681818181818182,0.9984540610857097,0.9261552647523962,0.9975843070996971,0.9859295178342491,3.215433038527768
overlap_noise,0,post_footprint_on,post,footprint,on,5.114590611804037,0.8897727272727272,0.8409090909090909,0.9984540610857097,0.9261552647523962,0.9975843070996971,0.9859295178342491,3.256479617318662
overlap_noise,0,pre_none_off,pre,none,off,5.0449088534891375,0.897348484848485,0.8681818181818182,0.9984540610857097,0.9261552647523962,0.9975843070996971,0.9859295178342491,3.225062973005381
overlap_noise,0,pre_footprint_off,pre,footprint,off,5.348711859739047,0.8992424242424243,0.8681818181818182,0.9984540610857097,0.9261552647523962,0.9975843070996971,0.9859295178342491,3.2502294341466142
overlap_noise,0,pre_mass_off,pre,mass,off,5.345267952377832,0.899621212121212,0.8681818181818182,0.9984540610857097,0.9261552647523962,0.9975843070996971,0.9859295178342491,3.24920053879995
overlap_noise,1,post_none_off,post,none,off,4.735892023449116,0.9015151515151515,0.8772727272727273,0.9980500759029511,0.9790569415042095,0.9981309312338875,0.9919242363560927,3.3760889953083355
overlap_noise,1,post_footprint_off,post,footprint,off,5.040717832898564,0.9075757575757576,0.8863636363636364,0.9980500759029511,0.9790569415042095,0.9981309312338875,0.9919242363560927,3.254221085725075
overlap_noise,1,post_footprint_on,post,footprint,on,5.049483512922484,0.8999999999999999,0.8590909090909091,0.9980500759029511,0.9790569415042095,0.9981309312338875,0.9919242363560927,3.264351522604926
overlap_noise,1,pre_none_off,pre,none,off,5.080472815494172,0.9075757575757576,0.8863636363636364,0.9980500759029511,0.9790569415042095,0.9981309312338875,0.9919242363560927,3.2504373565695905
overlap_noise,1,pre_footprint_off,pre,footprint,off,5.133130139114589,0.9064393939393939,0.8863636363636364,0.9980500759029511,0.9790569415042095,0.9981309312338875,0.9919242363560927,3.2729066317484303
overlap_noise,1,pre_mass_off,pre,mass,off,5.1347620054754675,0.9060606060606061,0.8818181818181818,0.9980500759029511,0.9790569415042095,0.9981309312338875,0.9919242363560927,3.273462800539543
overlap_noise,2,post_none_off,post,none,off,4.474078502278508,0.8973484848484848,0.8727272727272727,0.9980450738173398,0.9790569415042095,0.9949821909177802,0.9932305045885725,3.1990343443724374
overlap_noise,2,post_footprint_off,post,footprint,off,5.027332436461035,0.9026515151515152,0.8863636363636364,0.9980450738173398,0.9790569415042095,0.9949821909177802,0.9932305045885725,3.155486776578923
overlap_noise,2,post_footprint_on,post,footprint,on,5.0433200436719705,0.8977272727272726,0.8772727272727273,0.9980450738173398,0.9790569415042095,0.9949821909177802,0.9932305045885725,3.1638621380548453
overlap_noise,2,pre_none_off,pre,none,off,5.024081654104178,0.9018939393939392,0.8863636363636364,0.9980450738173398,0.9790569415042095,0.9949821909177802,0.9932305045885725,3.157275173907267
overlap_noise,2,pre_footprint_off,pre,footprint,off,5.179394350643246,0.9022727272727273,0.8863636363636364,0.9980450738173398,0.9790569415042095,0.9949821909177802,0.9932305045885725,3.1656635115488783
overlap_noise,2,pre_mass_off,pre,mass,off,5.181332988657148,0.9022727272727273,0.8863636363636364,0.9980450738173398,0.9790569415042095,0.9949821909177802,0.9932305045885725,3.1655680025369155
overlap_noise,3,post_none_off,post,none,off,4.277952637414585,0.8950757575757576,0.8772727272727273,0.9989171957600735,0.9666666666666668,0.9984876536958646,0.9886337904415172,3.374520021010824
overlap_noise,3,post_footprint_off,post,footprint,off,5.121689539969119,0.899621212121212,0.8818181818181818,0.9989171957600735,0.9666666666666668,0.9984876536958646,0.9886337904415172,3.288153058735351
overlap_noise,3,post_footprint_on,post,footprint,on,5.127590772332708,0.893560606060606,0.8636363636363636,0.9989171957600735,0.9666666666666668,0.9984876536958646,0.9886337904415172,3.308087825888516
overlap_noise,3,pre_none_off,pre,none,off,4.986278367968828,0.8981060606060608,0.8863636363636364,0.9989171957600735,0.9666666666666668,0.9984876536958646,0.9886337904415172,3.2858547762775183
overlap_noise,3,pre_footprint_off,pre,footprint,off,5.188246762693476,0.8992424242424243,0.8818181818181818,0.9989171957600735,0.9666666666666668,0.9984876536958646,0.9886337904415172,3.2996041247648105
overlap_noise,3,pre_mass_off,pre,mass,off,5.184984067134569,0.8988636363636364,0.8818181818181818,0.9989171957600735,0.9666666666666668,0.9984876536958646,0.9886337904415172,3.299173917416545
overlap_noise,4,post_none_off,post,none,off,5.090298539911227,0.9045454545454544,0.8545454545454545,0.9992398538307969,0.9914472163417524,0.9949841514399856,0.9888835258993628,3.3711820124277163
overlap_noise,4,post_footprint_off,post,footprint,off,5.047488225364268,0.9075757575757576,0.8681818181818182,0.9992398538307969,0.9914472163417524,0.9949841514399856,0.9888835258993628,3.3206817573225327
overlap_noise,4,post_footprint_on,post,footprint,on,2.669343078908644,0.7189393939393939,0.509090909090909,0.9992398538307969,0.9914472163417524,0.9949841514399856,0.9888835258993628,3.997838538347916
overlap_noise,4,pre_none_off,pre,none,off,5.053090571302992,0.9071969696969697,0.8727272727272727,0.9992398538307969,0.9914472163417524,0.9949841514399856,0.9888835258993628,3.3224010594404336
overlap_noise,4,pre_footprint_off,pre,footprint,off,5.107164232843097,0.9079545454545453,0.8681818181818182,0.9992398538307969,0.9914472163417524,0.9949841514399856,0.9888835258993628,3.3307912698946494
overlap_noise,4,pre_mass_off,pre,mass,off,5.101605328809399,0.9079545454545453,0.8681818181818182,0.9992398538307969,0.9914472163417524,0.9949841514399856,0.9888835258993628,3.33026651317721
overlap_noise,5,post_none_off,post,none,off,4.299152668404113,0.8878787878787878,0.8454545454545455,0.9982777445473747,0.9666666666666667,0.9966491726186703,0.9853459672367207,3.295714914565089
overlap_noise,5,post_footprint_off,post,footprint,off,4.794354596101483,0.896969696969697,0.8772727272727273,0.9982777445473747,0.9666666666666667,0.9966491726186703,0.9853459672367207,3.2437331358539585
overlap_noise,5,post_footprint_on,post,footprint,on,4.807687804517873,0.8946969696969697,0.8636363636363636,0.9982777445473747,0.9666666666666667,0.9966491726186703,0.9853459672367207,3.227475478126591
overlap_noise,5,pre_none_off,pre,none,off,4.695189523278122,0.8931818181818182,0.8681818181818182,0.9982777445473747,0.9666666666666667,0.9966491726186703,0.9853459672367207,3.24828132214203
overlap_noise,5,pre_footprint_off,pre,footprint,off,4.909697984929974,0.8977272727272728,0.8772727272727273,0.9982777445473747,0.9666666666666667,0.9966491726186703,0.9853459672367207,3.2506610377563736
overlap_noise,5,pre_mass_off,pre,mass,off,4.91314727749451,0.8977272727272728,0.8772727272727273,0.9982777445473747,0.9666666666666667,0.9966491726186703,0.9853459672367207,3.250667734836922
overlap_noise,6,post_none_off,post,none,off,5.0592825615426245,0.894318181818182,0.8454545454545455,0.9991015915685756,0.9790569415042095,0.9977370186227896,0.9925588001385414,3.4624530867794228
overlap_noise,6,post_footprint_off,post,footprint,off,5.062170653332734,0.9090909090909091,0.8727272727272727,0.9991015915685756,0.9790569415042095,0.9977370186227896,0.9925588001385414,3.18947154114218
overlap_noise,6,post_footprint_on,post,footprint,on,5.125899425083302,0.9018939393939394,0.8727272727272727,0.9991015915685756,0.9790569415042095,0.9977370186227896,0.9925588001385414,3.2245054555321193
overlap_noise,6,pre_none_off,pre,none,off,5.003585516840909,0.9083333333333333,0.8681818181818182,0.9991015915685756,0.9790569415042095,0.9977370186227896,0.9925588001385414,3.1906423646211475
overlap_noise,6,pre_footprint_off,pre,footprint,off,5.116819185562392,0.9090909090909091,0.8772727272727273,0.9991015915685756,0.9790569415042095,0.9977370186227896,0.9925588001385414,3.201583891102053
overlap_noise,6,pre_mass_off,pre,mass,off,5.1180140346604235,0.9090909090909091,0.8772727272727273,0.9991015915685756,0.9790569415042095,0.9977370186227896,0.9925588001385414,3.201897783319784
overlap_noise,7,post_none_off,post,none,off,4.779322003693273,0.8837121212121213,0.8636363636363636,0.9988059718091935,0.9623902748375427,0.9981245567120952,0.9945313103827153,3.4963478265934604
overlap_noise,7,post_footprint_off,post,footprint,off,5.208381457845913,0.8992424242424241,0.8681818181818182,0.9988059718091935,0.9623902748375427,0.9981245567120952,0.9945313103827153,3.297584392092808
overlap_noise,7,post_footprint_on,post,footprint,on,5.219296693466002,0.8946969696969695,0.8681818181818182,0.9988059718091935,0.9623902748375427,0.9981245567120952,0.9945313103827153,3.2927965175750478
overlap_noise,7,pre_none_off,pre,none,off,5.084629533878125,0.8977272727272728,0.8681818181818182,0.9988059718091935,0.9623902748375427,0.9981245567120952,0.9945313103827153,3.3001132832059086
overlap_noise,7,pre_footprint_off,pre,footprint,off,5.26523175852603,0.8996212121212119,0.8681818181818182,0.9988059718091935,0.9623902748375427,0.9981245567120952,0.9945313103827153,3.3110168401269022
overlap_noise,7,pre_mass_off,pre,mass,off,5.265423031598079,0.8996212121212119,0.8681818181818182,0.9988059718091935,0.9623902748375427,0.9981245567120952,0.9945313103827153,3.3110415320201603
overlap_noise,8,post_none_off,post,none,off,4.11822512462572,0.8920454545454546,0.85,0.9994408769565833,0.9847080484106439,0.9976254777448921,0.9936675833536045,3.2625317688687834
overlap_noise,8,post_footprint_off,post,footprint,off,5.375871967092538,0.9,0.8727272727272727,0.9994408769565833,0.9847080484106439,0.9976254777448921,0.9936675833536045,3.177605867138357
overlap_noise,8,post_footprint_on,post,footprint,on,5.400544683878239,0.8924242424242425,0.8409090909090909,0.9994408769565833,0.9847080484106439,0.9976254777448921,0.9936675833536045,3.1897049898148837
overlap_noise,8,pre_none_off,pre,none,off,5.2069896690352895,0.899621212121212,0.8636363636363636,0.9994408769565833,0.9847080484106439,0.9976254777448921,0.9936675833536045,3.1675798047325943
overlap_noise,8,pre_footprint_off,pre,footprint,off,5.529558502069784,0.9011363636363635,0.8727272727272727,0.9994408769565833,0.9847080484106439,0.9976254777448921,0.9936675833536045,3.211791872076048
overlap_noise,8,pre_mass_off,pre,mass,off,5.5259502685910205,0.9007575757575758,0.8727272727272727,0.9994408769565833,0.9847080484106439,0.9976254777448921,0.9936675833536045,3.2103643053063378
overlap_noise,9,post_none_off,post,none,off,4.578380466203433,0.9022727272727273,0.8545454545454545,0.9991330582334869,0.9957236081708762,0.9979489912032043,0.9942037463698936,3.4474365431494487
overlap_noise,9,post_footprint_off,post,footprint,off,5.153906323078611,0.9140151515151516,0.8909090909090909,0.9991330582334869,0.9957236081708762,0.9979489912032043,0.9942037463698936,3.3414190043135843
overlap_noise,9,post_footprint_on,post,footprint,on,5.176321664192897,0.9090909090909091,0.8727272727272727,0.9991330582334869,0.9957236081708762,0.9979489912032043,0.9942037463698936,3.3569710267102804
overlap_noise,9,pre_none_off,pre,none,off,5.119739844810149,0.9106060606060606,0.8772727272727273,0.9991330582334869,0.9957236081708762,0.9979489912032043,0.9942037463698936,3.3475303123561546
overlap_noise,9,pre_footprint_off,pre,footprint,off,5.279851300569347,0.9147727272727272,0.8909090909090909,0.9991330582334869,0.9957236081708762,0.9979489912032043,0.9942037463698936,3.357010883410298
overlap_noise,9,pre_mass_off,pre,mass,off,5.276068614959163,0.9147727272727272,0.8909090909090909,0.9991330582334869,0.9957236081708762,0.9979489912032043,0.9942037463698936,3.3567685925159725
quantity_skew_extreme,0,post_none_off,post,none,off,2.2421329967577144,0.9780124459924403,0.9,0.9991817298461778,0.9666666666666667,0.9892393465879157,0.9895306322092031,3.910027879547723
quantity_skew_extreme,0,post_footprint_off,post,footprint,off,7.8500054330438935,1.0,1.0,0.9991817298461778,0.9666666666666667,0.9892393465879157,0.9895306322092031,1.1387508294238655
quantity_skew_extreme,0,post_footprint_on,post,footprint,on,7.804248830344964,1.0,1.0,0.9991817298461778,0.9666666666666667,0.9892393465879157,0.9895306322092031,1.1725255294654893
quantity_skew_extreme,0,pre_none_off,pre,none,off,7.62956433750382,1.0,1.0,0.9991817298461778,0.9666666666666667,0.9892393465879157,0.9895306322092031,1.1222440728367966
quantity_skew_extreme,0,pre_footprint_off,pre,footprint,off,7.916630536964912,1.0,1.0,0.9991817298461778,0.9666666666666667,0.9892393465879157,0.9895306322092031,1.1424405791003056
quantity_skew_extreme,0,pre_mass_off,pre,mass,off,7.920424229276066,1.0,1.0,0.9991817298461778,0.9666666666666667,0.9892393465879157,0.9895306322092031,1.1427918378610815
quantity_skew_extreme,1,post_none_off,post,none,off,1.2826669670139377,0.7936278008373714,0.5737704918032787,0.999660741167363,1.0,0.9962862939554876,0.9955811939526628,7.530194101439124
quantity_skew_extreme,1,post_footprint_off,post,footprint,off,7.194708463405815,1.0,1.0,0.999660741167363,1.0,0.9962862939554876,0.9955811939526628,1.2622878239471467
quantity_skew_extreme,1,post_footprint_on,post,footprint,on,1.2229394350156253,0.8794829346416542,0.580906148867314,0.999660741167363,1.0,0.9962862939554876,0.9955811939526628,5.525408598775287
quantity_skew_extreme,1,pre_none_off,pre,none,off,7.622430730351854,1.0,1.0,0.999660741167363,1.0,0.9962862939554876,0.9955811939526628,1.1426001575556068
quantity_skew_extreme,1,pre_footprint_off,pre,footprint,off,7.6267256205904035,1.0,1.0,0.999660741167363,1.0,0.9962862939554876,0.9955811939526628,1.1427943228633017
quantity_skew_extreme,1,pre_mass_off,pre,mass,off,7.6271035938019205,1.0,1.0,0.999660741167363,1.0,0.9962862939554876,0.9955811939526628,1.14243252226771
quantity_skew_extreme,2,post_none_off,post,none,off,3.355735511125455,0.9951677150376689,0.9743589743589743,0.9928320495791629,0.8941966464963734,0.987552604130442,0.9516985798411864,2.4090760520928223
quantity_skew_extreme,2,post_footprint_off,post,footprint,off,3.4238095913793054,0.9948186469489396,0.9743589743589743,0.9928320495791629,0.8941966464963734,0.987552604130442,0.9516985798411864,2.19798349809025
quantity_skew_extreme,2,post_footprint_on,post,footprint,on,1.309416356540319,0.8387723225706657,0.5064724919093851,0.9928320495791629,0.8941966464963734,0.987552604130442,0.9516985798411864,2.32035606267111
quantity_skew_extreme,2,pre_none_off,pre,none,off,7.639683280967772,1.0,1.0,0.9928320495791629,0.8941966464963734,0.987552604130442,0.9516985798411864,1.1819575420963668
quantity_skew_extreme,2,pre_footprint_off,pre,footprint,off,7.677147416633526,1.0,1.0,0.9928320495791629,0.8941966464963734,0.987552604130442,0.9516985798411864,1.2155574424393196
quantity_skew_extreme,2,pre_mass_off,pre,mass,off,7.6782514629804615,1.0,1.0,0.9928320495791629,0.8941966464963734,0.987552604130442,0.9516985798411864,1.216696564579977
quantity_skew_extreme,3,post_none_off,post,none,off,2.028379648227465,0.9788042484306015,0.9230769230769231,0.9859911348184646,0.9478830557701237,0.96769610590092,0.9496338259412302,3.588389801033131
quantity_skew_extreme,3,post_footprint_off,post,footprint,off,1.276320555493819,0.8521226044942286,0.570694087403599,0.9859911348184646,0.9478830557701237,0.96769610590092,0.9496338259412302,4.012339280960632
quantity_skew_extreme,3,post_footprint_on,post,footprint,on,1.2675637328769904,0.8743327297017117,0.5552699228791774,0.9859911348184646,0.9478830557701237,0.96769610590092,0.9496338259412302,3.7319476460409016
quantity_skew_extreme,3,pre_none_off,pre,none,off,7.720776257528175,1.0,1.0,0.9859911348184646,0.9478830557701237,0.96769610590092,0.9496338259412302,1.1579482980705476
quantity_skew_extreme,3,pre_footprint_off,pre,footprint,off,7.8502767134169815,1.0,1.0,0.9859911348184646,0.9478830557701237,0.96769610590092,0.9496338259412302,1.1681610937991098
quantity_skew_extreme,3,pre_mass_off,pre,mass,off,7.845555204900625,1.0,1.0,0.9859911348184646,0.9478830557701237,0.96769610590092,0.9496338259412302,1.1678136006031483
quantity_skew_extreme,4,post_none_off,post,none,off,1.269881911303138,0.9150368991798143,0.7734627831715211,0.8216720604135958,0.7847080484106438,0.8390132833331638,0.8847688080426759,5.6927389081109965
quantity_skew_extreme,4,post_footprint_off,post,footprint,off,1.205555591234411,0.8717901736526951,0.5384615384615384,0.8216720604135958,0.7847080484106438,0.8390132833331638,0.8847688080426759,8.750246019484903
quantity_skew_extreme,4,post_footprint_on,post,footprint,on,1.2000880536328342,0.8996009946493522,0.6650485436893204,0.8216720604135958,0.7847080484106438,0.8390132833331638,0.8847688080426759,5.1798221992220475
quantity_skew_extreme,4,pre_none_off,pre,none,off,7.886177099324847,1.0,1.0,0.8216720604135958,0.7847080484106438,0.8390132833331638,0.8847688080426759,1.2040089730825658
quantity_skew_extreme,4,pre_footprint_off,pre,footprint,off,1.2073774368019552,0.810518684672508,0.5128205128205128,0.8216720604135958,0.7847080484106438,0.8390132833331638,0.8847688080426759,9.433238541183316
quantity_skew_extreme,4,pre_mass_off,pre,mass,off,7.910968518118483,1.0,1.0,0.8216720604135958,0.7847080484106438,0.8390132833331638,0.8847688080426759,1.2152332087856033
quantity_skew_extreme,5,post_none_off,post,none,off,1.6180799926068368,0.8511771405173055,0.6938775510204082,0.980334524879887,0.957212340451928,0.9754113439980822,0.9621710761597974,5.3417987329395125
quantity_skew_extreme,5,post_footprint_off,post,footprint,off,1.1881316443988232,0.8225291345638553,0.5408163265306123,0.980334524879887,0.957212340451928,0.9754113439980822,0.9621710761597974,5.256791438387671
quantity_skew_extreme,5,post_footprint_on,post,footprint,on,1.1767930727894194,0.8307781729688958,0.5479591836734694,0.980334524879887,0.957212340451928,0.9754113439980822,0.9621710761597974,2.6969362176022846
quantity_skew_extreme,5,pre_none_off,pre,none,off,1.204173238304694,0.8225318775965523,0.5408163265306123,0.980334524879887,0.957212340451928,0.9754113439980822,0.9621710761597974,5.384144050001958
quantity_skew_extreme,5,pre_footprint_off,pre,footprint,off,1.1814857014043547,0.8296118444597028,0.5408163265306123,0.980334524879887,0.957212340451928,0.9754113439980822,0.9621710761597974,4.984347166043134
quantity_skew_extreme,5,pre_mass_off,pre,mass,off,1.1819453310091133,0.8286216096561038,0.5408163265306123,0.980334524879887,0.957212340451928,0.9754113439980822,0.9621710761597974,5.053393383593031
quantity_skew_extreme,6,post_none_off,post,none,off,3.3665147294833013,0.8612455116421273,0.636734693877551,0.9975416352814106,0.9661895298921253,0.9890801003693684,0.9797076231354286,7.240525450826686
quantity_skew_extreme,6,post_footprint_off,post,footprint,off,7.356579243678678,1.0,1.0,0.9975416352814106,0.9661895298921253,0.9890801003693684,0.9797076231354286,1.320980061395829
quantity_skew_extreme,6,post_footprint_on,post,footprint,on,7.333992427483659,1.0,1.0,0.9975416352814106,0.9661895298921253,0.9890801003693684,0.9797076231354286,1.2073254489097978
quantity_skew_extreme,6,pre_none_off,pre,none,off,7.531771987106291,1.0,1.0,0.9975416352814106,0.9661895298921253,0.9890801003693684,0.9797076231354286,1.141182905841866
quantity_skew_extreme,6,pre_footprint_off,pre,footprint,off,7.4945710911176855,1.0,1.0,0.9975416352814106,0.9661895298921253,0.9890801003693684,0.9797076231354286,1.1424743188052249
quantity_skew_extreme,6,pre_mass_off,pre,mass,off,7.494459324757954,1.0,1.0,0.9975416352814106,0.9661895298921253,0.9890801003693684,0.9797076231354286,1.1422738970722124
quantity_skew_extreme,7,post_none_off,post,none,off,1.1985028369494815,0.7710474480437606,0.5204081632653061,0.9945455880786827,0.9312163891034569,0.9872450211527363,0.978353850366611,2.2150833407273764
quantity_skew_extreme,7,post_footprint_off,post,footprint,off,1.2006934258446684,0.7677207224217129,0.5510204081632653,0.9945455880786827,0.9312163891034569,0.9872450211527363,0.978353850366611,2.224983268925929
quantity_skew_extreme,7,post_footprint_on,post,footprint,on,1.168451468600839,0.8823203433002557,0.5784061696658098,0.9945455880786827,0.9312163891034569,0.9872450211527363,0.978353850366611,1.1597135505825775
quantity_skew_extreme,7,pre_none_off,pre,none,off,1.2623375206848957,0.7668845985002056,0.5408163265306123,0.9945455880786827,0.9312163891034569,0.9872450211527363,0.978353850366611,2.200283360014252
quantity_skew_extreme,7,pre_footprint_off,pre,footprint,off,1.2320221090883057,0.7707190192787222,0.5306122448979592,0.9945455880786827,0.9312163891034569,0.9872450211527363,0.978353850366611,2.2112279411179667
quantity_skew_extreme,7,pre_mass_off,pre,mass,off,1.2357513866648964,0.7700102228224018,0.5306122448979592,0.9945455880786827,0.9312163891034569,0.9872450211527363,0.978353850366611,2.2086026331437525
quantity_skew_extreme,8,post_none_off,post,none,off,3.9322650184676413,0.9986394557823131,0.9918367346938776,0.9995287454535785,1.0,0.9967153421566611,0.9939155652520829,3.710988170541091
quantity_skew_extreme,8,post_footprint_off,post,footprint,off,7.553813334136391,1.0,1.0,0.9995287454535785,1.0,0.9967153421566611,0.9939155652520829,1.2477150261941115
quantity_skew_extreme,8,post_footprint_on,post,footprint,on,7.556177676972639,1.0,1.0,0.9995287454535785,1.0,0.9967153421566611,0.9939155652520829,1.2516923631428958
quantity_skew_extreme,8,pre_none_off,pre,none,off,7.984358076285594,1.0,1.0,0.9995287454535785,1.0,0.9967153421566611,0.9939155652520829,1.2351876314859749
quantity_skew_extreme,8,pre_footprint_off,pre,footprint,off,1.4517676715478667,0.828448142092823,0.6,0.9995287454535785,1.0,0.9967153421566611,0.9939155652520829,9.451948038176775
quantity_skew_extreme,8,pre_mass_off,pre,mass,off,7.971806402569866,1.0,1.0,0.9995287454535785,1.0,0.9967153421566611,0.9939155652520829,1.2378409782973092
quantity_skew_extreme,9,post_none_off,post,none,off,1.4974165881781372,0.8683490821189489,0.5836734693877551,0.9974654447154526,0.9833333333333334,0.9957218064550015,0.9920073358056561,10.870742795868228
quantity_skew_extreme,9,post_footprint_off,post,footprint,off,7.128711400568808,1.0,1.0,0.9974654447154526,0.9833333333333334,0.9957218064550015,0.9920073358056561,1.9546863793134113
quantity_skew_extreme,9,post_footprint_on,post,footprint,on,6.853581024579833,1.0,1.0,0.9974654447154526,0.9833333333333334,0.9957218064550015,0.9920073358056561,1.3575261364818987
quantity_skew_extreme,9,pre_none_off,pre,none,off,7.727632707217316,1.0,1.0,0.9974654447154526,0.9833333333333334,0.9957218064550015,0.9920073358056561,1.2932870407355759
quantity_skew_extreme,9,pre_footprint_off,pre,footprint,off,7.66232761530921,1.0,1.0,0.9974654447154526,0.9833333333333334,0.9957218064550015,0.9920073358056561,1.3068561612487055
quantity_skew_extreme,9,pre_mass_off,pre,mass,off,7.667462432593391,1.0,1.0,0.9974654447154526,0.9833333333333334,0.9957218064550015,0.9920073358056561,1.3072668655824535
satimage,0,post_none_off,post,none,off,2.5244998841109054,0.7327116729312371,0.6048834628190899,0.9901722637105321,0.9508334647921904,0.9899348026268351,0.9820437261308678,7.258156032932914
satimage,0,post_footprint_off,post,footprint,off,3.299037110656416,0.6977636173414086,0.522508038585209,0.9901722637105321,0.9508334647921904,0.9899348026268351,0.9820437261308678,6.581288134983985
satimage,0,post_footprint_on,post,footprint,on,2.5447172548294112,0.6804811672192225,0.522508038585209,0.9901722637105321,0.9508334647921904,0.9899348026268351,0.9820437261308678,6.667029988445941
satimage,0,pre_none_off,pre,none,off,3.729931839219123,0.6841758608526398,0.4919614147909968,0.9901722637105321,0.9508334647921904,0.9899348026268351,0.9820437261308678,6.425899496707744
satimage,0,pre_footprint_off,pre,footprint,off,3.1921348197212867,0.6916793263220199,0.5064308681672026,0.9901722637105321,0.9508334647921904,0.9899348026268351,0.9820437261308678,6.670052217311045
satimage,0,pre_mass_off,pre,mass,off,3.2164629004999594,0.6925398460706819,0.5096463022508039,0.9901722637105321,0.9508334647921904,0.9899348026268351,0.9820437261308678,6.671110938765683
satimage,1,post_none_off,post,none,off,2.6196390581049007,0.7126577298099088,0.6137624861265261,0.9902403657388923,0.9691769787125564,0.9888118305639161,0.9844089590781625,7.536179488250139
satimage,1,post_footprint_off,post,footprint,off,3.3385305084211616,0.6813133332437762,0.4919614147909968,0.9902403657388923,0.9691769787125564,0.9888118305639161,0.9844089590781625,6.490033813836686
satimage,1,post_footprint_on,post,footprint,on,2.4782039296019995,0.6869434134622454,0.5393258426966292,0.9902403657388923,0.9691769787125564,0.9888118305639161,0.9844089590781625,6.676033745543483
satimage,1,pre_none_off,pre,none,off,3.811167187950007,0.6898583082431833,0.522508038585209,0.9902403657388923,0.9691769787125564,0.9888118305639161,0.9844089590781625,6.403462798991816
satimage,1,pre_footprint_off,pre,footprint,off,3.2802910113966366,0.673374481218937,0.4742765273311897,0.9902403657388923,0.9691769787125564,0.9888118305639161,0.9844089590781625,6.583475374678529
satimage,1,pre_mass_off,pre,mass,off,3.3484432895229213,0.6738794847239158,0.47266881028938906,0.9902403657388923,0.9691769787125564,0.9888118305639161,0.9844089590781625,6.5709150183427365
satimage,2,post_none_off,post,none,off,2.6020102628432165,0.7070688838456716,0.5882352941176471,0.9896357295074131,0.9516145624736788,0.9868410059925966,0.9801315741117484,7.486451687040031
satimage,2,post_footprint_off,post,footprint,off,3.143696195727587,0.6691109949116731,0.45980707395498394,0.9896357295074131,0.9516145624736788,0.9868410059925966,0.9801315741117484,6.534538812504085
satimage,2,post_footprint_on,post,footprint,on,2.484615094597864,0.6833903902003412,0.5762439807383628,0.9896357295074131,0.9516145624736788,0.9868410059925966,0.9801315741117484,6.727118137740267
satimage,2,pre_none_off,pre,none,off,2.9059436091895456,0.6703668120153674,0.4887459807073955,0.9896357295074131,0.9516145624736788,0.9868410059925966,0.9801315741117484,6.626716763350585
satimage,2,pre_footprint_off,pre,footprint,off,2.6283370221689095,0.6742429633127911,0.5112540192926045,0.9896357295074131,0.9516145624736788,0.9868410059925966,0.9801315741117484,6.808406950071574
satimage,2,pre_mass_off,pre,mass,off,3.185253924182419,0.6868657505404951,0.4911717495987159,0.9896357295074131,0.9516145624736788,0.9868410059925966,0.9801315741117484,6.670990848599105
satimage,3,post_none_off,post,none,off,2.757900373297319,0.7255376715087791,0.6051364365971108,0.9899712150526062,0.9682145890966225,0.9895998853020019,0.9863014898130718,7.229188378551453
satimage,3,post_footprint_off,post,footprint,off,3.257229366928196,0.6927170141455697,0.49759229534510435,0.9899712150526062,0.9682145890966225,0.9895998853020019,0.9863014898130718,6.578613752333836
satimage,3,post_footprint_on,post,footprint,on,3.193481881109882,0.6928067804197512,0.47351524879614765,0.9899712150526062,0.9682145890966225,0.9895998853020019,0.9863014898130718,6.492453350137713
satimage,3,pre_none_off,pre,none,off,3.7074983245048685,0.705076873936048,0.5489566613162119,0.9899712150526062,0.9682145890966225,0.9895998853020019,0.9863014898130718,6.501843388401455
satimage,3,pre_footprint_off,pre,footprint,off,3.2278340988127168,0.6903868832829964,0.4959871589085072,0.9899712150526062,0.9682145890966225,0.9895998853020019,0.9863014898130718,6.654616573472519
satimage,3,pre_mass_off,pre,mass,off,3.224125667535416,0.6899741890054794,0.492776886035313,0.9899712150526062,0.9682145890966225,0.9895998853020019,0.9863014898130718,6.661732559422196
satimage,4,post_none_off,post,none,off,2.6147875827140883,0.704917117529239,0.6077170418006431,0.9906993216139192,0.9826890756302522,0.989215492479873,0.990465654266093,7.611435837996069
satimage,4,post_footprint_off,post,footprint,off,3.4383103831407515,0.7068402803744988,0.5337620578778135,0.9906993216139192,0.9826890756302522,0.989215492479873,0.990465654266093,6.543418454810584
satimage,4,post_footprint_on,post,footprint,on,3.3587934936122528,0.6960155348218138,0.5096463022508039,0.9906993216139192,0.9826890756302522,0.989215492479873,0.990465654266093,6.466182826454421
satimage,4,pre_none_off,pre,none,off,3.8280392275013613,0.7139238051709162,0.5659163987138264,0.9906993216139192,0.9826890756302522,0.989215492479873,0.990465654266093,6.520467719956161
satimage,4,pre_footprint_off,pre,footprint,off,3.37302178126685,0.7011034072460962,0.5112540192926045,0.9906993216139192,0.9826890756302522,0.989215492479873,0.990465654266093,6.637139403162719
satimage,4,pre_mass_off,pre,mass,off,3.388439567601247,0.7005689275534832,0.5128617363344051,0.9906993216139192,0.9826890756302522,0.989215492479873,0.990465654266093,6.63852134045741
satimage,5,post_none_off,post,none,off,2.476155335285638,0.7324516288120548,0.5755627009646302,0.9896207564807579,0.9677380547734726,0.9889112579197055,0.9769755392856836,7.2617561215350666
satimage,5,post_footprint_off,post,footprint,off,3.092801149652836,0.6737896931939417,0.4767255216693419,0.9896207564807579,0.9677380547734726,0.9889112579197055,0.9769755392856836,6.566793389444237
satimage,5,post_footprint_on,post,footprint,on,2.968511386249181,0.7154214141903817,0.6526082130965594,0.9896207564807579,0.9677380547734726,0.9889112579197055,0.9769755392856836,6.637482182899382
satimage,5,pre_none_off,pre,none,off,3.5107473706040886,0.6744588507814194,0.4807073954983923,0.9896207564807579,0.9677380547734726,0.9889112579197055,0.9769755392856836,6.457800625537125
satimage,5,pre_footprint_off,pre,footprint,off,2.660777927572053,0.6735434425103228,0.5088282504012841,0.9896207564807579,0.9677380547734726,0.9889112579197055,0.9769755392856836,6.77756143685987
satimage,5,pre_mass_off,pre,mass,off,2.6802052386026882,0.6739671713238822,0.5088282504012841,0.9896207564807579,0.9677380547734726,0.9889112579197055,0.9769755392856836,6.772483382004663
satimage,6,post_none_off,post,none,off,2.488051982651456,0.6930082393190357,0.5793562708102109,0.9902665508358007,0.961061379443253,0.9892583029945794,0.9825153247289239,7.599360051377567
satimage,6,post_footprint_off,post,footprint,off,3.272935821817511,0.6925552666983195,0.5120385232744783,0.9902665508358007,0.961061379443253,0.9892583029945794,0.9825153247289239,6.578911721984661
satimage,6,post_footprint_on,post,footprint,on,3.10218245596603,0.6889118977872297,0.48314606741573035,0.9902665508358007,0.961061379443253,0.9892583029945794,0.9825153247289239,6.533405251068018
satimage,6,pre_none_off,pre,none,off,3.7898667877222643,0.705968838172636,0.560488346281909,0.9902665508358007,0.961061379443253,0.9892583029945794,0.9825153247289239,6.518671474317776
satimage,6,pre_footprint_off,pre,footprint,off,3.093568252515847,0.6856156489563439,0.4911717495987159,0.9902665508358007,0.961061379443253,0.9892583029945794,0.9825153247289239,6.689199717291322
satimage,6,pre_mass_off,pre,mass,off,3.113254485059887,0.6855007763214319,0.4895666131621188,0.9902665508358007,0.961061379443253,0.9892583029945794,0.9825153247289239,6.691156285754488
satimage,7,post_none_off,post,none,off,2.5233831242385953,0.7321233773941033,0.6104328523862376,0.9903085006183175,0.9637009601598455,0.988371845687766,0.9816638709104135,7.211272558182308
satimage,7,post_footprint_off,post,footprint,off,3.188087019718967,0.6948665135639271,0.5241157556270096,0.9903085006183175,0.9637009601598455,0.988371845687766,0.9816638709104135,6.589356006960246
satimage,7,post_footprint_on,post,footprint,on,2.4885521834960342,0.6845964903834091,0.5024077046548957,0.9903085006183175,0.9637009601598455,0.988371845687766,0.9816638709104135,6.6680237307820684
satimage,7,pre_none_off,pre,none,off,3.7366086386278012,0.7058177784852917,0.5594855305466238,0.9903085006183175,0.9637009601598455,0.988371845687766,0.9816638709104135,6.507423511823684
satimage,7,pre_footprint_off,pre,footprint,off,2.6910497056976004,0.6728198155866711,0.5152487961476726,0.9903085006183175,0.9637009601598455,0.988371845687766,0.9816638709104135,6.792292125972919
satimage,7,pre_mass_off,pre,mass,off,2.696543036970014,0.6721542778006245,0.5184590690208668,0.9903085006183175,0.9637009601598455,0.988371845687766,0.9816638709104135,6.797268257711288
satimage,8,post_none_off,post,none,off,2.825707424594775,0.7030876649379334,0.5874799357945425,0.9902961258598466,0.9522723887312742,0.988086279782622,0.981838017767279,7.3806458324718776
satimage,8,post_footprint_off,post,footprint,off,3.2448543643807133,0.6888011826785038,0.49919743178170145,0.9902961258598466,0.9522723887312742,0.988086279782622,0.981838017767279,6.5583666591387875
satimage,8,post_footprint_on,post,footprint,on,3.157396781402383,0.6905000685087864,0.5064308681672026,0.9902961258598466,0.9522723887312742,0.988086279782622,0.981838017767279,6.487979809695462
satimage,8,pre_none_off,pre,none,off,3.697631981421039,0.6980021437803295,0.5264847512038523,0.9902961258598466,0.9522723887312742,0.988086279782622,0.981838017767279,6.499294652608897
satimage,8,pre_footprint_off,pre,footprint,off,3.2338544874591864,0.6870361547236333,0.48796147672552165,0.9902961258598466,0.9522723887312742,0.988086279782622,0.981838017767279,6.642052413400665
satimage,8,pre_mass_off,pre,mass,off,3.240206660746093,0.6867765893753403,0.48314606741573035,0.9902961258598466,0.9522723887312742,0.988086279782622,0.981838017767279,6.64496520784933
satimage,9,post_none_off,post,none,off,2.6549741413989176,0.7314300108332916,0.5971143174250833,0.9902472503860388,0.9707839698785309,0.9887789619270946,0.9851419869161658,7.222212089579373
satimage,9,post_footprint_off,post,footprint,off,3.3213847975849813,0.6815378916820406,0.4919614147909968,0.9902472503860388,0.9707839698785309,0.9887789619270946,0.9851419869161658,6.51798530416965
satimage,9,post_footprint_on,post,footprint,on,3.249160551010811,0.6860797406259119,0.47030497592295345,0.9902472503860388,0.9707839698785309,0.9887789619270946,0.9851419869161658,6.40997539127596
satimage,9,pre_none_off,pre,none,off,3.827241056321256,0.7077751809494229,0.5425361155698234,0.9902472503860388,0.9707839698785309,0.9887789619270946,0.9851419869161658,6.494113182211802
satimage,9,pre_footprint_off,pre,footprint,off,3.286051478412042,0.6929709766577858,0.4943820224719101,0.9902472503860388,0.9707839698785309,0.9887789619270946,0.9851419869161658,6.6417333749621505
satimage,9,pre_mass_off,pre,mass,off,3.3133288643469845,0.6926883906151223,0.4943820224719101,0.9902472503860388,0.9707839698785309,0.9887789619270946,0.9851419869161658,6.6421409187557945
wine,0,post_none_off,post,none,off,2.879933429313555,0.9394736842105263,0.8333333333333334,0.9735771719699841,0.9,0.960328539197366,0.9339879724164056,6.1979161551360304
wine,0,post_footprint_off,post,footprint,off,3.783609487839642,0.9672514619883043,0.8333333333333334,0.9735771719699841,0.9,0.960328539197366,0.9339879724164056,6.104780506566799
wine,0,post_footprint_on,post,footprint,on,1.2767184299445136,0.7699720502235982,0.6111111111111112,0.9735771719699841,0.9,0.960328539197366,0.9339879724164056,6.383919562691907
wine,0,pre_none_off,pre,none,off,3.6727868389739196,0.9616959064327487,0.8333333333333334,0.9735771719699841,0.9,0.960328539197366,0.9339879724164056,6.089180721033122
wine,0,pre_footprint_off,pre,footprint,off,3.798985900501408,0.9733625730994152,0.8947368421052632,0.9735771719699841,0.9,0.960328539197366,0.9339879724164056,6.125182706644108
wine,0,pre_mass_off,pre,mass,off,3.831511562369256,0.9733625730994152,0.8947368421052632,0.9735771719699841,0.9,0.960328539197366,0.9339879724164056,6.124076362820673
wine,1,post_none_off,post,none,off,2.828799508541364,0.9241812865497077,0.7777777777777778,0.9844971864661858,0.95,0.9753772474034661,0.9376718852244772,6.203541373945747
wine,1,post_footprint_off,post,footprint,off,3.7828109868409427,0.9672222222222222,0.8333333333333334,0.9844971864661858,0.95,0.9753772474034661,0.9376718852244772,6.130652413162376
wine,1,post_footprint_on,post,footprint,on,3.772009590184139,0.9323611111111111,0.8333333333333334,0.9844971864661858,0.95,0.9753772474034661,0.9376718852244772,5.758084746344567
wine,1,pre_none_off,pre,none,off,3.610282699891287,0.9559722222222223,0.8333333333333334,0.9844971864661858,0.95,0.9753772474034661,0.9376718852244772,6.104315346518475
wine,1,pre_footprint_off,pre,footprint,off,3.8721890308593387,0.9609722222222222,0.8333333333333334,0.9844971864661858,0.95,0.9753772474034661,0.9376718852244772,6.152767449984168
wine,1,pre_mass_off,pre,mass,off,3.8125570596320646,0.9609722222222222,0.8333333333333334,0.9844971864661858,0.95,0.9753772474034661,0.9376718852244772,6.14594737921802
wine,2,post_none_off,post,none,off,2.5955352543162626,0.9241812865497077,0.8333333333333334,0.9690873246941937,0.95,0.9620658561833132,0.9600950500010585,6.255593601293209
wine,2,post_footprint_off,post,footprint,off,3.6090346682866246,0.9569590643274853,0.8888888888888888,0.9690873246941937,0.95,0.9620658561833132,0.9600950500010585,6.1230149889640435
wine,2,post_footprint_on,post,footprint,on,3.5936578594186668,0.8975146198830408,0.75,0.9690873246941937,0.95,0.9620658561833132,0.9600950500010585,5.621299440329801
wine,2,pre_none_off,pre,none,off,3.522055043713837,0.9569590643274853,0.8888888888888888,0.9690873246941937,0.95,0.9620658561833132,0.9600950500010585,6.1110824121956275
wine,2,pre_footprint_off,pre,footprint,off,3.6608748425128748,0.9619590643274855,0.8888888888888888,0.9690873246941937,0.95,0.9620658561833132,0.9600950500010585,6.146831844686538
wine,2,pre_mass_off,pre,mass,off,3.666438731667016,0.9619590643274855,0.8888888888888888,0.9690873246941937,0.95,0.9620658561833132,0.9600950500010585,6.152365995374031
wine,3,post_none_off,post,none,off,2.9230541394813754,0.9443347953216374,0.8888888888888888,0.9805676140056733,1.0,0.9655415721456488,0.9576661889782673,6.181618980767433
wine,3,post_footprint_off,post,footprint,off,3.8815944787318637,0.9725146198830409,0.8888888888888888,0.9805676140056733,1.0,0.9655415721456488,0.9576661889782673,6.140390410793936
wine,3,post_footprint_on,post,footprint,on,3.7886691407162236,0.9426943584451324,0.875,0.9805676140056733,1.0,0.9655415721456488,0.9576661889782673,5.7258923453991715
wine,3,pre_none_off,pre,none,off,3.726591424995738,0.9662646198830409,0.8888888888888888,0.9805676140056733,1.0,0.9655415721456488,0.9576661889782673,6.097733501752967
wine,3,pre_footprint_off,pre,footprint,off,3.9747040812013577,0.967251461988304,0.8888888888888888,0.9805676140056733,1.0,0.9655415721456488,0.9576661889782673,6.151702598611045
wine,3,pre_mass_off,pre,mass,off,3.914661807942741,0.9725146198830409,0.8888888888888888,0.9805676140056733,1.0,0.9655415721456488,0.9576661889782673,6.1377117458691615
wine,4,post_none_off,post,none,off,2.813279400645291,0.9502923976608187,0.7777777777777778,0.9705618671000291,0.9,0.9616640667403805,0.9436025189134633,6.202914618718357
wine,4,post_footprint_off,post,footprint,off,3.830817040594863,0.9669590643274854,0.8333333333333334,0.9705618671000291,0.9,0.9616640667403805,0.9436025189134633,6.12743250493927
wine,4,post_footprint_on,post,footprint,on,3.80976396018764,0.9057989336085311,0.7777777777777778,0.9705618671000291,0.9,0.9616640667403805,0.9436025189134633,5.648674082057601
wine,4,pre_none_off,pre,none,off,3.6370523778050745,0.9614035087719298,0.8333333333333334,0.9705618671000291,0.9,0.9616640667403805,0.9436025189134633,6.106453981982367
wine,4,pre_footprint_off,pre,footprint,off,3.9156063010340176,0.9725146198830409,0.8888888888888888,0.9705618671000291,0.9,0.9616640667403805,0.9436025189134633,6.155482225449963
wine,4,pre_mass_off,pre,mass,off,3.922747068651207,0.9725146198830409,0.8888888888888888,0.9705618671000291,0.9,0.9616640667403805,0.9436025189134633,6.145228384850366
wine,5,post_none_off,post,none,off,2.112618964659877,0.9136549707602339,0.7777777777777778,0.9801101143295862,0.8,0.9689059772780269,0.8994743293075934,6.377448394428461
wine,5,post_footprint_off,post,footprint,off,3.8103193086857354,0.9671878224974201,0.9411764705882353,0.9801101143295862,0.8,0.9689059772780269,0.8994743293075934,6.109831372405135
wine,5,post_footprint_on,post,footprint,on,3.59073620849558,0.929702442380461,0.8333333333333334,0.9801101143295862,0.8,0.9689059772780269,0.8994743293075934,5.7483034768989665
wine,5,pre_none_off,pre,none,off,3.6377861780654843,0.9730701754385965,0.9444444444444444,0.9801101143295862,0.8,0.9689059772780269,0.8994743293075934,6.093955135888633
wine,5,pre_footprint_off,pre,footprint,off,3.890726708733383,0.9671878224974201,0.9411764705882353,0.9801101143295862,0.8,0.9689059772780269,0.8994743293075934,6.1248531596609
wine,5,pre_mass_off,pre,mass,off,3.9226045736936017,0.9730701754385965,0.9444444444444444,0.9801101143295862,0.8,0.9689059772780269,0.8994743293075934,6.124779970350981
wine,6,post_none_off,post,none,off,2.4296333419857605,0.907375730994152,0.7777777777777778,0.9831780033388426,0.9,0.9743610024981626,0.9381089877435097,6.381706440898394
wine,6,post_footprint_off,post,footprint,off,3.913283277493097,0.9733333333333334,0.9,0.9831780033388426,0.9,0.9743610024981626,0.9381089877435097,6.132103739936733
wine,6,post_footprint_on,post,footprint,on,3.9306761864911377,0.9436519607843138,0.8333333333333334,0.9831780033388426,0.9,0.9743610024981626,0.9381089877435097,5.700884615698587
wine,6,pre_none_off,pre,none,off,3.799225675928321,0.9733333333333334,0.9,0.9831780033388426,0.9,0.9743610024981626,0.9381089877435097,6.1062032028858075
wine,6,pre_footprint_off,pre,footprint,off,3.937131342180206,0.9788888888888889,0.9,0.9831780033388426,0.9,0.9743610024981626,0.9381089877435097,6.145904006971165
wine,6,pre_mass_off,pre,mass,off,3.9281169516685486,0.9788888888888889,0.9,0.9831780033388426,0.9,0.9743610024981626,0.9381089877435097,6.139717194616394
wine,7,post_none_off,post,none,off,3.0229634234329006,0.9511403508771931,0.8888888888888888,0.961625939938558,0.85,0.9524666406573392,0.8800053857032304,6.185099465764689
wine,7,post_footprint_off,post,footprint,off,3.765400318122589,0.9672222222222222,0.8888888888888888,0.961625939938558,0.85,0.9524666406573392,0.8800053857032304,6.107913609517099
wine,7,post_footprint_on,post,footprint,on,3.604499411089163,0.9383479532163743,0.8333333333333334,0.961625939938558,0.85,0.9524666406573392,0.8800053857032304,5.728790379098836
wine,7,pre_none_off,pre,none,off,3.6576936800313375,0.9672222222222222,0.8888888888888888,0.961625939938558,0.85,0.9524666406573392,0.8800053857032304,6.0871249709752995
wine,7,pre_footprint_off,pre,footprint,off,3.863543322520853,0.9672222222222222,0.8888888888888888,0.961625939938558,0.85,0.9524666406573392,0.8800053857032304,6.122404680258219
wine,7,pre_mass_off,pre,mass,off,3.8388417850294436,0.9672222222222222,0.8888888888888888,0.961625939938558,0.85,0.9524666406573392,0.8800053857032304,6.121801925786226
wine,8,post_none_off,post,none,off,2.857097764010168,0.8891615067079461,0.6666666666666666,0.9711068590326957,0.9,0.9628352852442015,0.9088687244215466,6.247025946848575
wine,8,post_footprint_off,post,footprint,off,3.6042238899755903,0.9544590643274853,0.8888888888888888,0.9711068590326957,0.9,0.9628352852442015,0.9088687244215466,6.1233010723667265
wine,8,post_footprint_on,post,footprint,on,3.8542408797732155,0.9157645338837289,0.8333333333333334,0.9711068590326957,0.9,0.9628352852442015,0.9088687244215466,5.709470783827819
wine,8,pre_none_off,pre,none,off,3.427597809635631,0.9430211558307533,0.8888888888888888,0.9711068590326957,0.9,0.9628352852442015,0.9088687244215466,6.120037404608484
wine,8,pre_footprint_off,pre,footprint,off,3.678442014451198,0.9600146198830408,0.9375,0.9711068590326957,0.9,0.9628352852442015,0.9088687244215466,6.136973197944175
wine,8,pre_mass_off,pre,mass,off,3.6621402006978387,0.9485767113863088,0.8888888888888888,0.9711068590326957,0.9,0.9628352852442015,0.9088687244215466,6.138589026679921
wine,9,post_none_off,post,none,off,2.6343850687603827,0.902280701754386,0.7894736842105263,0.9686404004653226,0.95,0.9604791848477943,0.9513879220451947,6.261691812171324
wine,9,post_footprint_off,post,footprint,off,3.615461578919063,0.9611111111111112,0.8333333333333334,0.9686404004653226,0.95,0.9604791848477943,0.9513879220451947,6.149241058614763
wine,9,post_footprint_on,post,footprint,on,1.156489537128993,0.7719341245270038,0.6111111111111112,0.9686404004653226,0.95,0.9604791848477943,0.9513879220451947,6.110320845075256
wine,9,pre_none_off,pre,none,off,3.510664041868222,0.9558479532163743,0.8333333333333334,0.9686404004653226,0.95,0.9604791848477943,0.9513879220451947,6.119293048406893
wine,9,pre_footprint_off,pre,footprint,off,3.7786283155525404,0.9666666666666668,0.8888888888888888,0.9686404004653226,0.95,0.9604791848477943,0.9513879220451947,6.17478764830822
wine,9,pre_mass_off,pre,mass,off,3.704230368657612,0.9666666666666668,0.8888888888888888,0.9686404004653226,0.95,0.9604791848477943,0.9513879220451947,6.163299394445363
