criterion,dataset,action,value,regret,n_substituted,best
mean_acc,cluster_skew_hard,"F-FCM (post_none_off, L=5)",0.8745075757575757,0.12549242424242435,0,0
mean_acc,cluster_skew_hard,GF-PFedFCM (L=5),1.0,0.0,0,1
mean_acc,cluster_skew_hard,ungated PRE (L=1),1.0,0.0,0,1
mean_acc,cluster_skew_hard,pre_mass_off (L=1),1.0,0.0,0,1
mean_acc,cluster_skew_hard,pre_mass_off (L=5),0.9775757575757575,0.022424242424242458,0,0
mean_acc,cluster_skew_hard,SC-FFCM (L=5),1.0,0.0,0,1
mean_acc,cluster_skew_hard,"SC-FFCM (L=1, R=50)",1.0,0.0,0,1
mean_acc,cluster_skew_overlap,"F-FCM (post_none_off, L=5)",0.6917045454545454,0.17348484848484858,0,0
mean_acc,cluster_skew_overlap,GF-PFedFCM (L=5),0.8110227272727272,0.05416666666666681,0,0
mean_acc,cluster_skew_overlap,ungated PRE (L=1),0.865189393939394,0.0,0,1
mean_acc,cluster_skew_overlap,pre_mass_off (L=1),0.865,0.00018939393939398919,0,0
mean_acc,cluster_skew_overlap,pre_mass_off (L=5),0.8625,0.002689393939393936,0,0
mean_acc,cluster_skew_overlap,SC-FFCM (L=5),0.865189393939394,0.0,0,1
mean_acc,cluster_skew_overlap,"SC-FFCM (L=1, R=50)",0.865189393939394,0.0,0,1
mean_acc,dirichlet_0.03,"F-FCM (post_none_off, L=5)",0.8688257575757575,0.13117424242424247,0,0
mean_acc,dirichlet_0.03,GF-PFedFCM (L=5),0.9761363636363637,0.02386363636363631,0,0
mean_acc,dirichlet_0.03,ungated PRE (L=1),1.0,0.0,0,1
mean_acc,dirichlet_0.03,pre_mass_off (L=1),1.0,0.0,0,1
mean_acc,dirichlet_0.03,pre_mass_off (L=5),0.9768181818181818,0.023181818181818192,0,0
mean_acc,dirichlet_0.03,SC-FFCM (L=5),1.0,0.0,0,1
mean_acc,dirichlet_0.03,"SC-FFCM (L=1, R=50)",1.0,0.0,0,1
mean_acc,dirichlet_0.1,"F-FCM (post_none_off, L=5)",0.9225757575757576,0.06753787878787865,0,0
mean_acc,dirichlet_0.1,GF-PFedFCM (L=5),0.964469696969697,0.025643939393939275,0,0
mean_acc,dirichlet_0.1,ungated PRE (L=1),0.9901136363636363,0.0,0,1
mean_acc,dirichlet_0.1,pre_mass_off (L=1),0.986060606060606,0.0040530303030302806,0,0
mean_acc,dirichlet_0.1,pre_mass_off (L=5),0.9677272727272728,0.022386363636363482,0,0
mean_acc,dirichlet_0.1,SC-FFCM (L=5),0.9900757575757575,3.787878787875343e-05,0,0
mean_acc,dirichlet_0.1,"SC-FFCM (L=1, R=50)",0.9897348484848486,0.0003787878787876453,0,0
mean_acc,overlap_noise,"F-FCM (post_none_off, L=5)",0.8583333333333332,0.04268939393939408,0,0
mean_acc,overlap_noise,GF-PFedFCM (L=5),0.8833712121212122,0.017651515151515085,0,0
mean_acc,overlap_noise,ungated PRE (L=1),0.8915530303030301,0.009469696969697128,0,0
mean_acc,overlap_noise,pre_mass_off (L=1),0.8943939393939393,0.006628787878787956,0,0
mean_acc,overlap_noise,pre_mass_off (L=5),0.9010227272727273,0.0,0,1
mean_acc,overlap_noise,SC-FFCM (L=5),0.8866287878787877,0.014393939393939514,0,0
mean_acc,overlap_noise,"SC-FFCM (L=1, R=50)",0.8840151515151515,0.01700757575757572,0,0
mean_acc,quantity_skew_extreme,"F-FCM (post_none_off, L=5)",0.8661775340229451,0.13382246597705494,0,0
mean_acc,quantity_skew_extreme,GF-PFedFCM (L=5),0.8816911557694296,0.11830884423057042,0,0
mean_acc,quantity_skew_extreme,ungated PRE (L=1),0.914057335272099,0.08594266472790102,0,0
mean_acc,quantity_skew_extreme,pre_mass_off (L=1),0.8966142783646113,0.10338572163538873,0,0
mean_acc,quantity_skew_extreme,pre_mass_off (L=5),0.887689819399055,0.112310180600945,0,0
mean_acc,quantity_skew_extreme,SC-FFCM (L=5),1.0,0.0,0,1
mean_acc,quantity_skew_extreme,"SC-FFCM (L=1, R=50)",1.0,0.0,0,1
mean_acc,wine,"F-FCM (post_none_off, L=5)",0.9278189284485723,0.04268786549707615,0,0
mean_acc,wine,GF-PFedFCM (L=5),0.932312908496732,0.03819388544891644,0,0
mean_acc,wine,ungated PRE (L=1),0.9637339181286549,0.006772875816993484,0,0
mean_acc,wine,pre_mass_off (L=1),0.9692602339181287,0.001246560027519772,0,0
mean_acc,wine,pre_mass_off (L=5),0.9705067939456484,0.0,0,1
mean_acc,wine,SC-FFCM (L=5),0.9616520467836256,0.008854747162022836,0,0
mean_acc,wine,"SC-FFCM (L=1, R=50)",0.9605409356725145,0.009965858273133898,0,0
mean_acc,satimage,"F-FCM (post_none_off, L=5)",0.6988004891237878,0.02300120359986002,0,0
mean_acc,satimage,GF-PFedFCM (L=5),0.669191624496188,0.05261006822745984,0,0
mean_acc,satimage,ungated PRE (L=1),0.7114382220102933,0.010363470713354528,0,0
mean_acc,satimage,pre_mass_off (L=1),0.6845019399182576,0.03729975280539022,0,0
mean_acc,satimage,pre_mass_off (L=5),0.6606716341283791,0.061130058595268655,0,0
mean_acc,satimage,SC-FFCM (L=5),0.7218016927236478,0.0,0,1
mean_acc,satimage,"SC-FFCM (L=1, R=50)",0.7207989339712796,0.0010027587523682158,0,0
mean_acc,pendigits,"F-FCM (post_none_off, L=5)",0.5299217868011855,0.22047986162702637,0,0
mean_acc,pendigits,GF-PFedFCM (L=5),0.651220356570993,0.09918129185721891,0,0
mean_acc,pendigits,ungated PRE (L=1),0.7409060508704954,0.00949559755771645,0,0
mean_acc,pendigits,pre_mass_off (L=1),0.7437576863853977,0.006643962042814144,0,0
mean_acc,pendigits,pre_mass_off (L=5),0.6626390683025469,0.08776258012566496,0,0
mean_acc,pendigits,SC-FFCM (L=5),0.7504016484282119,0.0,0,1
mean_acc,pendigits,"SC-FFCM (L=1, R=50)",0.74080439006152,0.009597258366691896,0,0
mean_acc,digits_pca16,"F-FCM (post_none_off, L=5)",0.4099564205876452,0.3668189696055037,0,0
mean_acc,digits_pca16,GF-PFedFCM (L=5),0.6008220019623085,0.1759533882308404,0,0
mean_acc,digits_pca16,ungated PRE (L=1),0.7675669987726246,0.00920839142052432,0,0
mean_acc,digits_pca16,pre_mass_off (L=1),0.7767753901931489,0.0,0,1
mean_acc,digits_pca16,pre_mass_off (L=5),0.6643150069164544,0.1124603832766945,0,0
mean_acc,digits_pca16,SC-FFCM (L=5),0.7598190912983646,0.01695629889478434,0,0
mean_acc,digits_pca16,"SC-FFCM (L=1, R=50)",0.7586210868957388,0.01815430329741008,0,0
mean_acc,digits_pca32,"F-FCM (post_none_off, L=5)",0.35787804752895036,0.43573288281594047,0,0
mean_acc,digits_pca32,GF-PFedFCM (L=5),0.5794895623322663,0.2141213680126245,0,0
mean_acc,digits_pca32,ungated PRE (L=1),0.7623679186237233,0.031243011721167502,0,0
mean_acc,digits_pca32,pre_mass_off (L=1),0.7936109303448908,0.0,0,1
mean_acc,digits_pca32,pre_mass_off (L=5),0.6547269627304354,0.13888396761445543,0,0
mean_acc,digits_pca32,SC-FFCM (L=5),0.7354304397891911,0.05818049055569974,0,0
mean_acc,digits_pca32,"SC-FFCM (L=1, R=50)",0.752622312251719,0.04098861809317178,0,0
mean_acc,letter,"F-FCM (post_none_off, L=5)",0.258425908021543,0.06390565410580301,0,0
mean_acc,letter,GF-PFedFCM (L=5),0.2725145610975054,0.04981700102984066,0,0
mean_acc,letter,ungated PRE (L=1),0.2996314251883337,0.02270013693901235,0,0
mean_acc,letter,pre_mass_off (L=1),0.32233156212734604,0.0,0,1
mean_acc,letter,pre_mass_off (L=5),0.29595737812038714,0.0263741840069589,0,0
mean_acc,letter,SC-FFCM (L=5),0.30204578668562765,0.02028577544171839,0,0
mean_acc,letter,"SC-FFCM (L=1, R=50)",0.2989222559677601,0.02340930615958592,0,0
mean_acc,mnist784_pca32 (20c),"F-FCM (post_none_off, L=5)",0.39618648294927694,0.21146089282608826,0,0
mean_acc,mnist784_pca32 (20c),GF-PFedFCM (L=5),0.49786189000824077,0.10978548576712444,0,0
mean_acc,mnist784_pca32 (20c),ungated PRE (L=1),0.5357797118718908,0.07186766390347443,0,0
mean_acc,mnist784_pca32 (20c),pre_mass_off (L=1),0.6076473757753652,0.0,0,1
mean_acc,mnist784_pca32 (20c),pre_mass_off (L=5),0.5360824447050384,0.0715649310703268,0,0
mean_acc,mnist784_pca32 (20c),SC-FFCM (L=5),0.5469348182677731,0.06071255750759208,0,0
mean_acc,mnist784_pca32 (20c),"SC-FFCM (L=1, R=50)",0.5562492360153347,0.05139813976003049,0,0
mean_acc,mnist784_pca32 (50c),"F-FCM (post_none_off, L=5)",0.4111615049230516,0.21440909879947223,0,0
mean_acc,mnist784_pca32 (50c),GF-PFedFCM (L=5),0.49797540927175543,0.1275951944507684,0,0
mean_acc,mnist784_pca32 (50c),ungated PRE (L=1),0.5295193388517999,0.09605126487072391,0,0
mean_acc,mnist784_pca32 (50c),pre_mass_off (L=1),0.6255706037225238,0.0,0,1
mean_acc,mnist784_pca32 (50c),pre_mass_off (L=5),0.5616440585309308,0.06392654519159302,0,0
mean_acc,mnist784_pca32 (50c),SC-FFCM (L=5),0.5503160606760414,0.07525454304648238,0,0
mean_acc,mnist784_pca32 (50c),"SC-FFCM (L=1, R=50)",0.5432159981658136,0.08235460555671026,0,0
worst_acc,cluster_skew_hard,"F-FCM (post_none_off, L=5)",0.6940909090909091,0.3059090909090909,0,0
worst_acc,cluster_skew_hard,GF-PFedFCM (L=5),1.0,0.0,0,1
worst_acc,cluster_skew_hard,ungated PRE (L=1),1.0,0.0,0,1
worst_acc,cluster_skew_hard,pre_mass_off (L=1),1.0,0.0,0,1
worst_acc,cluster_skew_hard,pre_mass_off (L=5),0.9540909090909091,0.0459090909090909,0,0
worst_acc,cluster_skew_hard,SC-FFCM (L=5),1.0,0.0,0,1
worst_acc,cluster_skew_hard,"SC-FFCM (L=1, R=50)",1.0,0.0,0,1
worst_acc,cluster_skew_overlap,"F-FCM (post_none_off, L=5)",0.5509090909090908,0.26363636363636367,0,0
worst_acc,cluster_skew_overlap,GF-PFedFCM (L=5),0.7172727272727274,0.09727272727272707,0,0
worst_acc,cluster_skew_overlap,ungated PRE (L=1),0.8113636363636363,0.0031818181818181746,0,0
worst_acc,cluster_skew_overlap,pre_mass_off (L=1),0.8145454545454545,0.0,0,1
worst_acc,cluster_skew_overlap,pre_mass_off (L=5),0.8036363636363637,0.010909090909090757,0,0
worst_acc,cluster_skew_overlap,SC-FFCM (L=5),0.8113636363636363,0.0031818181818181746,0,0
worst_acc,cluster_skew_overlap,"SC-FFCM (L=1, R=50)",0.8113636363636363,0.0031818181818181746,0,0
worst_acc,dirichlet_0.03,"F-FCM (post_none_off, L=5)",0.6809090909090909,0.3190909090909091,0,0
worst_acc,dirichlet_0.03,GF-PFedFCM (L=5),0.9495454545454546,0.05045454545454542,0,0
worst_acc,dirichlet_0.03,ungated PRE (L=1),1.0,0.0,0,1
worst_acc,dirichlet_0.03,pre_mass_off (L=1),1.0,0.0,0,1
worst_acc,dirichlet_0.03,pre_mass_off (L=5),0.95,0.050000000000000044,0,0
worst_acc,dirichlet_0.03,SC-FFCM (L=5),1.0,0.0,0,1
worst_acc,dirichlet_0.03,"SC-FFCM (L=1, R=50)",1.0,0.0,0,1
worst_acc,dirichlet_0.1,"F-FCM (post_none_off, L=5)",0.7404545454545455,0.23136363636363644,0,0
worst_acc,dirichlet_0.1,GF-PFedFCM (L=5),0.909090909090909,0.06272727272727296,0,0
worst_acc,dirichlet_0.1,ungated PRE (L=1),0.9718181818181819,0.0,0,1
worst_acc,dirichlet_0.1,pre_mass_off (L=1),0.96,0.01181818181818195,0,0
worst_acc,dirichlet_0.1,pre_mass_off (L=5),0.9109090909090909,0.060909090909091024,0,0
worst_acc,dirichlet_0.1,SC-FFCM (L=5),0.9718181818181819,0.0,0,1
worst_acc,dirichlet_0.1,"SC-FFCM (L=1, R=50)",0.9709090909090909,0.0009090909090909705,0,0
worst_acc,overlap_noise,"F-FCM (post_none_off, L=5)",0.801818181818182,0.06954545454545435,0,0
worst_acc,overlap_noise,GF-PFedFCM (L=5),0.8313636363636363,0.040000000000000036,0,0
worst_acc,overlap_noise,ungated PRE (L=1),0.8518181818181819,0.01954545454545442,0,0
worst_acc,overlap_noise,pre_mass_off (L=1),0.8550000000000001,0.016363636363636247,0,0
worst_acc,overlap_noise,pre_mass_off (L=5),0.8713636363636363,0.0,0,1
worst_acc,overlap_noise,SC-FFCM (L=5),0.8422727272727272,0.029090909090909167,0,0
worst_acc,overlap_noise,"SC-FFCM (L=1, R=50)",0.8386363636363636,0.032727272727272716,0,0
worst_acc,quantity_skew_extreme,"F-FCM (post_none_off, L=5)",0.6666082167131868,0.3333917832868132,0,0
worst_acc,quantity_skew_extreme,GF-PFedFCM (L=5),0.6937560142752517,0.3062439857247483,0,0
worst_acc,quantity_skew_extreme,ungated PRE (L=1),0.7894376197080775,0.21056238029192254,0,0
worst_acc,quantity_skew_extreme,pre_mass_off (L=1),0.7547868370649231,0.2452131629350769,0,0
worst_acc,quantity_skew_extreme,pre_mass_off (L=5),0.725437598230447,0.27456240176955304,0,0
worst_acc,quantity_skew_extreme,SC-FFCM (L=5),1.0,0.0,0,1
worst_acc,quantity_skew_extreme,"SC-FFCM (L=1, R=50)",1.0,0.0,0,1
worst_acc,wine,"F-FCM (post_none_off, L=5)",0.8137426900584795,0.08736842105263154,0,0
worst_acc,wine,GF-PFedFCM (L=5),0.8229751461988304,0.0781359649122807,0,0
worst_acc,wine,ungated PRE (L=1),0.8683333333333334,0.032777777777777684,0,0
worst_acc,wine,pre_mass_off (L=1),0.8861111111111111,0.015000000000000013,0,0
worst_acc,wine,pre_mass_off (L=5),0.9011111111111111,0.0,0,1
worst_acc,wine,SC-FFCM (L=5),0.8805555555555555,0.02055555555555555,0,0
worst_acc,wine,"SC-FFCM (L=1, R=50)",0.875,0.026111111111111085,0,0
worst_acc,satimage,"F-FCM (post_none_off, L=5)",0.5371984825606052,0.07215074190852944,0,0
worst_acc,satimage,GF-PFedFCM (L=5),0.4803051553337303,0.12904406913540434,0,0
worst_acc,satimage,ungated PRE (L=1),0.5527136521570913,0.0566355723120433,0,0
worst_acc,satimage,pre_mass_off (L=1),0.48739957013475743,0.12194965433437721,0,0
worst_acc,satimage,pre_mass_off (L=5),0.4687535160745898,0.14059570839454483,0,0
worst_acc,satimage,SC-FFCM (L=5),0.6073287827305877,0.0020204417385469853,0,0
worst_acc,satimage,"SC-FFCM (L=1, R=50)",0.6093492244691346,0.0,0,1
worst_acc,pendigits,"F-FCM (post_none_off, L=5)",0.4589091434693149,0.1223639192613124,0,0
worst_acc,pendigits,GF-PFedFCM (L=5),0.5192329045693314,0.06204015816129593,0,0
worst_acc,pendigits,ungated PRE (L=1),0.5735239852398524,0.007749077490774914,0,0
worst_acc,pendigits,pre_mass_off (L=1),0.5724927304572585,0.00878033227336883,0,0
worst_acc,pendigits,pre_mass_off (L=5),0.5166733332884151,0.06459972944221215,0,0
worst_acc,pendigits,SC-FFCM (L=5),0.5744464944649447,0.00682656826568262,0,0
worst_acc,pendigits,"SC-FFCM (L=1, R=50)",0.5812730627306273,0.0,0,1
worst_acc,digits_pca16,"F-FCM (post_none_off, L=5)",0.30751995089011663,0.24915613197240694,0,0
worst_acc,digits_pca16,GF-PFedFCM (L=5),0.4502762430939226,0.10639983976860096,0,0
worst_acc,digits_pca16,ungated PRE (L=1),0.5566760828625236,0.0,0,1
worst_acc,digits_pca16,pre_mass_off (L=1),0.5343519945214862,0.022324088341037385,0,0
worst_acc,digits_pca16,pre_mass_off (L=5),0.4724395128793413,0.0842365699831823,0,0
worst_acc,digits_pca16,SC-FFCM (L=5),0.5187382297551789,0.037937853107344655,0,0
worst_acc,digits_pca16,"SC-FFCM (L=1, R=50)",0.5493596986817326,0.007316384180790947,0,0
worst_acc,digits_pca32,"F-FCM (post_none_off, L=5)",0.2787065476376273,0.26498032104924124,0,0
worst_acc,digits_pca32,GF-PFedFCM (L=5),0.4007638540097104,0.14292301467715818,0,0
worst_acc,digits_pca32,ungated PRE (L=1),0.5436868686868686,0.0,0,1
worst_acc,digits_pca32,pre_mass_off (L=1),0.5264312617702448,0.017255606916623756,0,0
worst_acc,digits_pca32,pre_mass_off (L=5),0.4569491525423729,0.08673771614449566,0,0
worst_acc,digits_pca32,SC-FFCM (L=5),0.5084934086629002,0.03519346002396839,0,0
worst_acc,digits_pca32,"SC-FFCM (L=1, R=50)",0.5197204995455065,0.023966369141362076,0,0
worst_acc,letter,"F-FCM (post_none_off, L=5)",0.21217573347749846,0.02190697731329308,0,0
worst_acc,letter,GF-PFedFCM (L=5),0.2283373786407767,0.0057453321500148535,0,0
worst_acc,letter,ungated PRE (L=1),0.19605582524271842,0.038026885548073125,0,0
worst_acc,letter,pre_mass_off (L=1),0.21826456310679615,0.015818147683995393,0,0
worst_acc,letter,pre_mass_off (L=5),0.23408271079079154,0.0,0,1
worst_acc,letter,SC-FFCM (L=5),0.20139563106796116,0.03268707972283039,0,0
worst_acc,letter,"SC-FFCM (L=1, R=50)",0.2076611398096023,0.026421570981189246,0,0
worst_acc,mnist784_pca32 (20c),"F-FCM (post_none_off, L=5)",0.33161177779988354,0.16729953390118318,0,0
worst_acc,mnist784_pca32 (20c),GF-PFedFCM (L=5),0.40520656386624837,0.09370474783481836,0,0
worst_acc,mnist784_pca32 (20c),ungated PRE (L=1),0.43748921423234305,0.06142209746872368,0,0
worst_acc,mnist784_pca32 (20c),pre_mass_off (L=1),0.49891131170106673,0.0,0,1
worst_acc,mnist784_pca32 (20c),pre_mass_off (L=5),0.4497323926901375,0.049178919010929245,0,0
worst_acc,mnist784_pca32 (20c),SC-FFCM (L=5),0.4495621632091205,0.049349148491946215,0,0
worst_acc,mnist784_pca32 (20c),"SC-FFCM (L=1, R=50)",0.4530860609363315,0.045825250764735204,0,0
worst_acc,mnist784_pca32 (50c),"F-FCM (post_none_off, L=5)",0.32975784799929797,0.1712680994117931,0,0
worst_acc,mnist784_pca32 (50c),GF-PFedFCM (L=5),0.3871007921980149,0.11392515521307617,0,0
worst_acc,mnist784_pca32 (50c),ungated PRE (L=1),0.42064468626321094,0.08038126114788013,0,0
worst_acc,mnist784_pca32 (50c),pre_mass_off (L=1),0.5010259474110911,0.0,0,1
worst_acc,mnist784_pca32 (50c),pre_mass_off (L=5),0.4605887583182806,0.040437189092810466,0,0
worst_acc,mnist784_pca32 (50c),SC-FFCM (L=5),0.45650265798264655,0.044523289428444524,0,0
worst_acc,mnist784_pca32 (50c),"SC-FFCM (L=1, R=50)",0.4427499385027895,0.05827600890830159,0,0
gacc,cluster_skew_hard,"F-FCM (post_none_off, L=5)",0.750719696969697,0.24928030303030302,0,0
gacc,cluster_skew_hard,GF-PFedFCM (L=5),1.0,0.0,0,1
gacc,cluster_skew_hard,ungated PRE (L=1),1.0,0.0,0,1
gacc,cluster_skew_hard,pre_mass_off (L=1),1.0,0.0,0,1
gacc,cluster_skew_hard,pre_mass_off (L=5),0.9624242424242425,0.037575757575757485,0,0
gacc,cluster_skew_hard,SC-FFCM (L=5),1.0,0.0,0,1
gacc,cluster_skew_hard,"SC-FFCM (L=1, R=50)",1.0,0.0,0,1
gacc,cluster_skew_overlap,"F-FCM (post_none_off, L=5)",0.6552272727272727,0.20996212121212132,0,0
gacc,cluster_skew_overlap,GF-PFedFCM (L=5),0.8110227272727274,0.054166666666666585,0,0
gacc,cluster_skew_overlap,ungated PRE (L=1),0.865189393939394,0.0,0,1
gacc,cluster_skew_overlap,pre_mass_off (L=1),0.865,0.00018939393939398919,0,0
gacc,cluster_skew_overlap,pre_mass_off (L=5),0.8625,0.002689393939393936,0,0
gacc,cluster_skew_overlap,SC-FFCM (L=5),0.865189393939394,0.0,0,1
gacc,cluster_skew_overlap,"SC-FFCM (L=1, R=50)",0.865189393939394,0.0,0,1
gacc,dirichlet_0.03,"F-FCM (post_none_off, L=5)",0.7770833333333333,0.22291666666666665,0,0
gacc,dirichlet_0.03,GF-PFedFCM (L=5),0.9749621212121212,0.025037878787878776,0,0
gacc,dirichlet_0.03,ungated PRE (L=1),1.0,0.0,0,1
gacc,dirichlet_0.03,pre_mass_off (L=1),1.0,0.0,0,1
gacc,dirichlet_0.03,pre_mass_off (L=5),0.9762878787878788,0.023712121212121184,0,0
gacc,dirichlet_0.03,SC-FFCM (L=5),1.0,0.0,0,1
gacc,dirichlet_0.03,"SC-FFCM (L=1, R=50)",1.0,0.0,0,1
gacc,dirichlet_0.1,"F-FCM (post_none_off, L=5)",0.8795833333333333,0.10750000000000004,0,0
gacc,dirichlet_0.1,GF-PFedFCM (L=5),0.9589772727272727,0.02810606060606058,0,0
gacc,dirichlet_0.1,ungated PRE (L=1),0.9870833333333333,0.0,0,1
gacc,dirichlet_0.1,pre_mass_off (L=1),0.9829545454545455,0.004128787878787787,0,0
gacc,dirichlet_0.1,pre_mass_off (L=5),0.9599621212121212,0.0271212121212121,0,0
gacc,dirichlet_0.1,SC-FFCM (L=5),0.9870454545454546,3.787878787875343e-05,0,0
gacc,dirichlet_0.1,"SC-FFCM (L=1, R=50)",0.9867045454545454,0.00037878787878786735,0,0
gacc,overlap_noise,"F-FCM (post_none_off, L=5)",0.8583333333333332,0.04268939393939408,0,0
gacc,overlap_noise,GF-PFedFCM (L=5),0.8833712121212122,0.017651515151515085,0,0
gacc,overlap_noise,ungated PRE (L=1),0.8915530303030303,0.009469696969696906,0,0
gacc,overlap_noise,pre_mass_off (L=1),0.8943939393939393,0.006628787878787956,0,0
gacc,overlap_noise,pre_mass_off (L=5),0.9010227272727273,0.0,0,1
gacc,overlap_noise,SC-FFCM (L=5),0.8866287878787877,0.014393939393939514,0,0
gacc,overlap_noise,"SC-FFCM (L=1, R=50)",0.8840151515151515,0.01700757575757572,0,0
gacc,quantity_skew_extreme,"F-FCM (post_none_off, L=5)",0.7793555638816037,0.22064443611839635,0,0
gacc,quantity_skew_extreme,GF-PFedFCM (L=5),0.7786436867740727,0.2213563132259273,0,0
gacc,quantity_skew_extreme,ungated PRE (L=1),0.8558636193330835,0.14413638066691647,0,0
gacc,quantity_skew_extreme,pre_mass_off (L=1),0.8279130760584488,0.17208692394155123,0,0
gacc,quantity_skew_extreme,pre_mass_off (L=5),0.8157736980142374,0.18422630198576262,0,0
gacc,quantity_skew_extreme,SC-FFCM (L=5),1.0,0.0,0,1
gacc,quantity_skew_extreme,"SC-FFCM (L=1, R=50)",1.0,0.0,0,1
gacc,wine,"F-FCM (post_none_off, L=5)",0.9252808988764046,0.04438202247191014,0,0
gacc,wine,GF-PFedFCM (L=5),0.9219101123595506,0.04775280898876422,0,0
gacc,wine,ungated PRE (L=1),0.9623595505617979,0.007303370786516883,0,0
gacc,wine,pre_mass_off (L=1),0.9679775280898877,0.0016853932584270925,0,0
gacc,wine,pre_mass_off (L=5),0.9696629213483148,0.0,0,1
gacc,wine,SC-FFCM (L=5),0.9601123595505617,0.009550561797753043,0,0
gacc,wine,"SC-FFCM (L=1, R=50)",0.9589887640449438,0.010674157303370957,0,0
gacc,satimage,"F-FCM (post_none_off, L=5)",0.6754587869362364,0.028600311041990678,0,0
gacc,satimage,GF-PFedFCM (L=5),0.6293779160186627,0.07468118195956441,0,0
gacc,satimage,ungated PRE (L=1),0.6815552099533437,0.022503888024883345,0,0
gacc,satimage,pre_mass_off (L=1),0.6433748055987558,0.06068429237947126,0,0
gacc,satimage,pre_mass_off (L=5),0.6165007776049766,0.08755832037325051,0,0
gacc,satimage,SC-FFCM (L=5),0.7040590979782271,0.0,0,1
gacc,satimage,"SC-FFCM (L=1, R=50)",0.7034992223950234,0.000559875583203695,0,0
gacc,pendigits,"F-FCM (post_none_off, L=5)",0.518740902474527,0.22153384279475985,0,0
gacc,pendigits,GF-PFedFCM (L=5),0.6038664483260552,0.13640829694323164,0,0
gacc,pendigits,ungated PRE (L=1),0.7257459970887918,0.014528748180494988,0,0
gacc,pendigits,pre_mass_off (L=1),0.7038755458515283,0.03639919941775849,0,0
gacc,pendigits,pre_mass_off (L=5),0.6050400291120814,0.1352347161572054,0,0
gacc,pendigits,SC-FFCM (L=5),0.7402747452692868,0.0,0,1
gacc,pendigits,"SC-FFCM (L=1, R=50)",0.7175673216885008,0.022707423580786035,0,0
gacc,digits_pca16,"F-FCM (post_none_off, L=5)",0.3655537006121313,0.36527545909849746,0,0
gacc,digits_pca16,GF-PFedFCM (L=5),0.5294936004451865,0.20133555926544233,0,0
gacc,digits_pca16,ungated PRE (L=1),0.7308291597106288,0.0,0,1
gacc,digits_pca16,pre_mass_off (L=1),0.7273233166388424,0.003505843071786363,0,0
gacc,digits_pca16,pre_mass_off (L=5),0.5989426822481914,0.13188647746243742,0,0
gacc,digits_pca16,SC-FFCM (L=5),0.7249304396215915,0.005898720089037246,0,0
gacc,digits_pca16,"SC-FFCM (L=1, R=50)",0.7220923761825264,0.008736783528102365,0,0
gacc,digits_pca32,"F-FCM (post_none_off, L=5)",0.3168614357262104,0.37874234835837495,0,0
gacc,digits_pca32,GF-PFedFCM (L=5),0.47362270450751254,0.2219810795770728,0,0
gacc,digits_pca32,ungated PRE (L=1),0.6852531997774068,0.0103505843071785,0,0
gacc,digits_pca32,pre_mass_off (L=1),0.6956037840845853,0.0,0,1
gacc,digits_pca32,pre_mass_off (L=5),0.5569282136894824,0.13867557039510292,0,0
gacc,digits_pca32,SC-FFCM (L=5),0.654869226488592,0.040734557595993315,0,0
gacc,digits_pca32,"SC-FFCM (L=1, R=50)",0.6750139120756817,0.02058987200890361,0,0
gacc,letter,"F-FCM (post_none_off, L=5)",0.21392000000000003,0.07797999999999997,0,0
gacc,letter,GF-PFedFCM (L=5),0.233075,0.05882499999999999,0,0
gacc,letter,ungated PRE (L=1),0.26701500000000006,0.024884999999999935,0,0
gacc,letter,pre_mass_off (L=1),0.2919,0.0,0,1
gacc,letter,pre_mass_off (L=5),0.256125,0.035775,0,0
gacc,letter,SC-FFCM (L=5),0.268045,0.023855000000000015,0,0
gacc,letter,"SC-FFCM (L=1, R=50)",0.26417,0.027729999999999977,0,0
gacc,mnist784_pca32 (20c),"F-FCM (post_none_off, L=5)",0.3430485714285714,0.16845142857142853,0,0
gacc,mnist784_pca32 (20c),GF-PFedFCM (L=5),0.3750071428571428,0.13649285714285714,0,0
gacc,mnist784_pca32 (20c),ungated PRE (L=1),0.4752371428571428,0.03626285714285715,0,0
gacc,mnist784_pca32 (20c),pre_mass_off (L=1),0.5115,0.0,0,1
gacc,mnist784_pca32 (20c),pre_mass_off (L=5),0.41701714285714286,0.09448285714285709,0,0
gacc,mnist784_pca32 (20c),SC-FFCM (L=5),0.4771528571428572,0.03434714285714274,0,0
gacc,mnist784_pca32 (20c),"SC-FFCM (L=1, R=50)",0.4811528571428571,0.03034714285714285,0,0
gacc,mnist784_pca32 (50c),"F-FCM (post_none_off, L=5)",0.33578285714285716,0.1988899999999999,0,0
gacc,mnist784_pca32 (50c),GF-PFedFCM (L=5),0.37928000000000006,0.155392857142857,0,0
gacc,mnist784_pca32 (50c),ungated PRE (L=1),0.4655014285714286,0.06917142857142844,0,0
gacc,mnist784_pca32 (50c),pre_mass_off (L=1),0.5346728571428571,0.0,0,1
gacc,mnist784_pca32 (50c),pre_mass_off (L=5),0.42323428571428573,0.11143857142857133,0,0
gacc,mnist784_pca32 (50c),SC-FFCM (L=5),0.48332142857142857,0.05135142857142849,0,0
gacc,mnist784_pca32 (50c),"SC-FFCM (L=1, R=50)",0.47244857142857144,0.06222428571428562,0,0
fcm_obj,cluster_skew_hard,"F-FCM (post_none_off, L=5)",8.397323910647357,7.068967412492235,0,0
fcm_obj,cluster_skew_hard,GF-PFedFCM (L=5),1.28793998285983,0.23757828821689705,0,0
fcm_obj,cluster_skew_hard,ungated PRE (L=1),1.040693744486657,0.0,0,1
fcm_obj,cluster_skew_hard,pre_mass_off (L=1),1.0408149742859742,0.0001164894090691085,0,0
fcm_obj,cluster_skew_hard,pre_mass_off (L=5),1.913668274558906,0.8388390289622246,0,0
fcm_obj,cluster_skew_hard,SC-FFCM (L=5),1.0406937444948994,7.920001228490941e-12,0,0
fcm_obj,cluster_skew_hard,"SC-FFCM (L=1, R=50)",1.040693744486758,9.707975643759101e-14,0,0
fcm_obj,cluster_skew_overlap,"F-FCM (post_none_off, L=5)",2.785452489469266,0.32538278024270617,0,0
fcm_obj,cluster_skew_overlap,GF-PFedFCM (L=5),2.3289705601627504,0.10817811030769613,0,0
fcm_obj,cluster_skew_overlap,ungated PRE (L=1),2.101621156419985,6.618477012971632e-10,0,0
fcm_obj,cluster_skew_overlap,pre_mass_off (L=1),2.135093034686756,0.015926695245538504,0,0
fcm_obj,cluster_skew_overlap,pre_mass_off (L=5),2.5613394833873855,0.21874462352944998,0,0
fcm_obj,cluster_skew_overlap,SC-FFCM (L=5),2.101621156929857,9.044564603476968e-10,0,0
fcm_obj,cluster_skew_overlap,"SC-FFCM (L=1, R=50)",2.101621155029032,0.0,0,1
fcm_obj,dirichlet_0.03,"F-FCM (post_none_off, L=5)",8.52714528367476,7.221750701453139,0,0
fcm_obj,dirichlet_0.03,GF-PFedFCM (L=5),1.471763820110787,0.4190534836477578,0,0
fcm_obj,dirichlet_0.03,ungated PRE (L=1),1.03714471446667,0.0,0,1
fcm_obj,dirichlet_0.03,pre_mass_off (L=1),1.0372422410396231,9.403371737125986e-05,0,0
fcm_obj,dirichlet_0.03,pre_mass_off (L=5),1.526020095634278,0.471366603279661,0,0
fcm_obj,dirichlet_0.03,SC-FFCM (L=5),1.037144717868562,3.2800553807966664e-09,0,0
fcm_obj,dirichlet_0.03,"SC-FFCM (L=1, R=50)",1.0371447215375895,6.817678891831678e-09,0,0
fcm_obj,dirichlet_0.1,"F-FCM (post_none_off, L=5)",6.481114866768008,4.763260032910272,0,0
fcm_obj,dirichlet_0.1,GF-PFedFCM (L=5),1.454861699578237,0.29371974713548876,0,0
fcm_obj,dirichlet_0.1,ungated PRE (L=1),1.124557078764194,0.0,0,1
fcm_obj,dirichlet_0.1,pre_mass_off (L=1),1.1256111835043172,0.0009373510336011699,0,0
fcm_obj,dirichlet_0.1,pre_mass_off (L=5),1.544714696441597,0.3736205352414173,0,0
fcm_obj,dirichlet_0.1,SC-FFCM (L=5),1.124557139964592,5.4421779931234416e-08,0,0
fcm_obj,dirichlet_0.1,"SC-FFCM (L=1, R=50)",1.125638201390751,0.0009613763916235297,0,0
fcm_obj,overlap_noise,"F-FCM (post_none_off, L=5)",2.558588325287805,0.10661857142094763,0,0
fcm_obj,overlap_noise,GF-PFedFCM (L=5),2.33233782760552,0.00876265608908773,0,0
fcm_obj,overlap_noise,ungated PRE (L=1),2.3120778842546112,0.0,0,1
fcm_obj,overlap_noise,pre_mass_off (L=1),2.3167010990845407,0.001999593033354895,0,0
fcm_obj,overlap_noise,pre_mass_off (L=5),2.3664402675804066,0.02351234951729197,0,0
fcm_obj,overlap_noise,SC-FFCM (L=5),2.313537425112145,0.0006312680327395241,0,0
fcm_obj,overlap_noise,"SC-FFCM (L=1, R=50)",2.314760250008277,0.0011601537179749529,0,0
fcm_obj,quantity_skew_extreme,"F-FCM (post_none_off, L=5)",3.4135693532235662,2.2496386134745294,0,0
fcm_obj,quantity_skew_extreme,GF-PFedFCM (L=5),2.2407622810589403,1.133153564104399,0,0
fcm_obj,quantity_skew_extreme,ungated PRE (L=1),1.5080241872342464,0.43560394466929053,0,0
fcm_obj,quantity_skew_extreme,pre_mass_off (L=1),1.7634224227040947,0.6787371234378201,0,0
fcm_obj,quantity_skew_extreme,pre_mass_off (L=5),1.9733662705135575,0.8785987825714725,0,0
fcm_obj,quantity_skew_extreme,SC-FFCM (L=5),1.05272062722607,0.00216554739232595,0,0
fcm_obj,quantity_skew_extreme,"SC-FFCM (L=1, R=50)",1.0504458369830119,0.0,0,1
fcm_obj,wine,"F-FCM (post_none_off, L=5)",4.104002732495193,0.07016164079022505,0,0
fcm_obj,wine,GF-PFedFCM (L=5),3.834937243185739,0.0,0,1
fcm_obj,wine,ungated PRE (L=1),4.052321330208623,0.0566851745512007,0,0
fcm_obj,wine,pre_mass_off (L=1),4.080735351168344,0.06409442773003939,0,0
fcm_obj,wine,pre_mass_off (L=5),4.1139551675756305,0.07275684234094716,0,0
fcm_obj,wine,SC-FFCM (L=5),4.063489707632078,0.05959744578674693,0,0
fcm_obj,wine,"SC-FFCM (L=1, R=50)",4.063725299468395,0.05965887882238146,0,0
fcm_obj,satimage,"F-FCM (post_none_off, L=5)",4.181981856837984,0.12200728197181897,0,0
fcm_obj,satimage,GF-PFedFCM (L=5),3.815919885165962,0.023794469977574437,0,0
fcm_obj,satimage,ungated PRE (L=1),3.7272323665213265,0.0,0,1
fcm_obj,satimage,pre_mass_off (L=1),3.7734267402752386,0.012393746676176754,0,0
fcm_obj,satimage,pre_mass_off (L=5),3.9681709587973133,0.06464276132610908,0,0
fcm_obj,satimage,SC-FFCM (L=5),3.7300377537338796,0.0007526730122198907,0,0
fcm_obj,satimage,"SC-FFCM (L=1, R=50)",3.7539325616534613,0.007163544557071571,0,0
fcm_obj,pendigits,"F-FCM (post_none_off, L=5)",4.421997908365215,0.14072366030120617,0,0
fcm_obj,pendigits,GF-PFedFCM (L=5),4.078390255524579,0.05208468136492208,0,0
fcm_obj,pendigits,ungated PRE (L=1),3.876484780895659,0.0,0,1
fcm_obj,pendigits,pre_mass_off (L=1),3.973618782567877,0.025057237977798855,0,0
fcm_obj,pendigits,pre_mass_off (L=5),4.369007263610458,0.12705389303785736,0,0
fcm_obj,pendigits,SC-FFCM (L=5),3.8803388833964476,0.0009942261400800038,0,0
fcm_obj,pendigits,"SC-FFCM (L=1, R=50)",3.8954055017640683,0.004880896466214899,0,0
fcm_obj,digits_pca16,"F-FCM (post_none_off, L=5)",8.243686107849415,0.0692289602735936,0,0
fcm_obj,digits_pca16,GF-PFedFCM (L=5),7.720263155530918,0.0013395511222736413,0,0
fcm_obj,digits_pca16,ungated PRE (L=1),7.714674745810919,0.0006147188765616663,0,0
fcm_obj,digits_pca16,pre_mass_off (L=1),7.894498034893109,0.0239382983897665,0,0
fcm_obj,digits_pca16,pre_mass_off (L=5),8.35018610865314,0.08304230586181023,0,0
fcm_obj,digits_pca16,SC-FFCM (L=5),7.7099353030430695,0.0,0,1
fcm_obj,digits_pca16,"SC-FFCM (L=1, R=50)",7.715678106861022,0.0007448575885825764,0,0
fcm_obj,digits_pca32,"F-FCM (post_none_off, L=5)",25.187494310594143,0.07264546348696932,0,0
fcm_obj,digits_pca32,GF-PFedFCM (L=5),23.481658355887994,0.0,0,1
fcm_obj,digits_pca32,ungated PRE (L=1),23.948353330791086,0.0198748728829056,0,0
fcm_obj,digits_pca32,pre_mass_off (L=1),24.29064802303681,0.034451981835685035,0,0
fcm_obj,digits_pca32,pre_mass_off (L=5),25.13217886706618,0.07028977622290976,0,0
fcm_obj,digits_pca32,SC-FFCM (L=5),24.017145107977214,0.022804469087037343,0,0
fcm_obj,digits_pca32,"SC-FFCM (L=1, R=50)",23.984205137528004,0.021401673341099322,0,0
fcm_obj,letter,"F-FCM (post_none_off, L=5)",5.160289871565744,0.07767903700732201,0,0
fcm_obj,letter,GF-PFedFCM (L=5),4.788336503135194,0.0,0,1
fcm_obj,letter,ungated PRE (L=1),4.922407433355265,0.027999479596366568,0,0
fcm_obj,letter,pre_mass_off (L=1),5.087493075354984,0.0624760962442625,0,0
fcm_obj,letter,pre_mass_off (L=5),5.302344395739388,0.10734581670850483,0,0
fcm_obj,letter,SC-FFCM (L=5),4.9087500184000685,0.025147254205303428,0,0
fcm_obj,letter,"SC-FFCM (L=1, R=50)",4.922480944253858,0.028014831670838583,0,0
fcm_obj,mnist784_pca32 (20c),"F-FCM (post_none_off, L=5)",24.963919544917722,0.05907453994644692,0,0
fcm_obj,mnist784_pca32 (20c),GF-PFedFCM (L=5),23.571447148734258,0.0,0,1
fcm_obj,mnist784_pca32 (20c),ungated PRE (L=1),24.36028513610526,0.03346582763431912,0,0
fcm_obj,mnist784_pca32 (20c),pre_mass_off (L=1),24.58253158928338,0.04289445761090728,0,0
fcm_obj,mnist784_pca32 (20c),pre_mass_off (L=5),24.976612674393525,0.05961303592404687,0,0
fcm_obj,mnist784_pca32 (20c),SC-FFCM (L=5),24.36002946051625,0.033454980799697706,0,0
fcm_obj,mnist784_pca32 (20c),"SC-FFCM (L=1, R=50)",24.442356815815742,0.03694765372639629,0,0
fcm_obj,mnist784_pca32 (50c),"F-FCM (post_none_off, L=5)",24.9776535218351,0.06221483035660402,0,0
fcm_obj,mnist784_pca32 (50c),GF-PFedFCM (L=5),23.514691009774047,0.0,0,1
fcm_obj,mnist784_pca32 (50c),ungated PRE (L=1),24.367847727803486,0.0362818596117133,0,0
fcm_obj,mnist784_pca32 (50c),pre_mass_off (L=1),24.55521108208374,0.04424978715974595,0,0
fcm_obj,mnist784_pca32 (50c),pre_mass_off (L=5),24.95683278479981,0.06132939507588373,0,0
fcm_obj,mnist784_pca32 (50c),SC-FFCM (L=5),24.329350306708314,0.03464469495242984,0,0
fcm_obj,mnist784_pca32 (50c),"SC-FFCM (L=1, R=50)",24.413406173361206,0.03821930567633663,0,0
upload_numbers,cluster_skew_hard,"F-FCM (post_none_off, L=5)",7200.0,1.34375,0,0
upload_numbers,cluster_skew_hard,GF-PFedFCM (L=5),4492.8,0.4625000000000001,0,0
upload_numbers,cluster_skew_hard,ungated PRE (L=1),7200.0,1.34375,0,0
upload_numbers,cluster_skew_hard,pre_mass_off (L=1),7200.0,1.34375,0,0
upload_numbers,cluster_skew_hard,pre_mass_off (L=5),7200.0,1.34375,0,0
upload_numbers,cluster_skew_hard,SC-FFCM (L=5),3724.8,0.21250000000000005,0,0
upload_numbers,cluster_skew_hard,"SC-FFCM (L=1, R=50)",3072.0,0.0,0,1
upload_numbers,cluster_skew_overlap,"F-FCM (post_none_off, L=5)",7200.0,0.7793594306049821,0,0
upload_numbers,cluster_skew_overlap,GF-PFedFCM (L=5),4046.4,0.0,0,1
upload_numbers,cluster_skew_overlap,ungated PRE (L=1),7200.0,0.7793594306049821,0,0
upload_numbers,cluster_skew_overlap,pre_mass_off (L=1),7200.0,0.7793594306049821,0,0
upload_numbers,cluster_skew_overlap,pre_mass_off (L=5),7200.0,0.7793594306049821,0,0
upload_numbers,cluster_skew_overlap,SC-FFCM (L=5),8812.8,1.177935943060498,0,0
upload_numbers,cluster_skew_overlap,"SC-FFCM (L=1, R=50)",6816.0,0.6844602609727165,0,0
upload_numbers,dirichlet_0.03,"F-FCM (post_none_off, L=5)",7200.0,0.25944584382871533,0,0
upload_numbers,dirichlet_0.03,GF-PFedFCM (L=5),5716.8,0.0,0,1
upload_numbers,dirichlet_0.03,ungated PRE (L=1),7200.0,0.25944584382871533,0,0
upload_numbers,dirichlet_0.03,pre_mass_off (L=1),7200.0,0.25944584382871533,0,0
upload_numbers,dirichlet_0.03,pre_mass_off (L=5),7200.0,0.25944584382871533,0,0
upload_numbers,dirichlet_0.03,SC-FFCM (L=5),7123.2,0.24601175482787566,0,0
upload_numbers,dirichlet_0.03,"SC-FFCM (L=1, R=50)",7680.0,0.343408900083963,0,0
upload_numbers,dirichlet_0.1,"F-FCM (post_none_off, L=5)",7200.0,0.42857142857142855,0,0
upload_numbers,dirichlet_0.1,GF-PFedFCM (L=5),5040.0,0.0,0,1
upload_numbers,dirichlet_0.1,ungated PRE (L=1),7200.0,0.42857142857142855,0,0
upload_numbers,dirichlet_0.1,pre_mass_off (L=1),7200.0,0.42857142857142855,0,0
upload_numbers,dirichlet_0.1,pre_mass_off (L=5),7200.0,0.42857142857142855,0,0
upload_numbers,dirichlet_0.1,SC-FFCM (L=5),5702.4,0.13142857142857137,0,0
upload_numbers,dirichlet_0.1,"SC-FFCM (L=1, R=50)",6950.4,0.37904761904761897,0,0
upload_numbers,overlap_noise,"F-FCM (post_none_off, L=5)",7200.0,1.3584905660377358,0,0
upload_numbers,overlap_noise,GF-PFedFCM (L=5),3052.8,0.0,0,1
upload_numbers,overlap_noise,ungated PRE (L=1),7200.0,1.3584905660377358,0,0
upload_numbers,overlap_noise,pre_mass_off (L=1),7200.0,1.3584905660377358,0,0
upload_numbers,overlap_noise,pre_mass_off (L=5),7200.0,1.3584905660377358,0,0
upload_numbers,overlap_noise,SC-FFCM (L=5),4800.0,0.5723270440251571,0,0
upload_numbers,overlap_noise,"SC-FFCM (L=1, R=50)",4915.2,0.6100628930817609,0,0
upload_numbers,quantity_skew_extreme,"F-FCM (post_none_off, L=5)",7200.0,0.2919896640826873,0,0
upload_numbers,quantity_skew_extreme,GF-PFedFCM (L=5),5572.8,0.0,0,1
upload_numbers,quantity_skew_extreme,ungated PRE (L=1),7200.0,0.2919896640826873,0,0
upload_numbers,quantity_skew_extreme,pre_mass_off (L=1),7200.0,0.2919896640826873,0,0
upload_numbers,quantity_skew_extreme,pre_mass_off (L=5),7200.0,0.2919896640826873,0,0
upload_numbers,quantity_skew_extreme,SC-FFCM (L=5),9196.8,0.6503014642549524,0,0
upload_numbers,quantity_skew_extreme,"SC-FFCM (L=1, R=50)",6585.6,0.18173987941429803,0,0
upload_numbers,wine,"F-FCM (post_none_off, L=5)",21000.0,0.35501355013550134,0,0
upload_numbers,wine,GF-PFedFCM (L=5),15498.0,0.0,0,1
upload_numbers,wine,ungated PRE (L=1),21000.0,0.35501355013550134,0,0
upload_numbers,wine,pre_mass_off (L=1),21000.0,0.35501355013550134,0,0
upload_numbers,wine,pre_mass_off (L=5),21000.0,0.35501355013550134,0,0
upload_numbers,wine,SC-FFCM (L=5),39000.0,1.5164537359659311,0,0
upload_numbers,wine,"SC-FFCM (L=1, R=50)",39000.0,1.5164537359659311,0,0
upload_numbers,satimage,"F-FCM (post_none_off, L=5)",111000.0,0.4492753623188406,0,0
upload_numbers,satimage,GF-PFedFCM (L=5),76590.0,0.0,0,1
upload_numbers,satimage,ungated PRE (L=1),111000.0,0.4492753623188406,0,0
upload_numbers,satimage,pre_mass_off (L=1),111000.0,0.4492753623188406,0,0
upload_numbers,satimage,pre_mass_off (L=5),111000.0,0.4492753623188406,0,0
upload_numbers,satimage,SC-FFCM (L=5),216000.0,1.8202115158636898,0,0
upload_numbers,satimage,"SC-FFCM (L=1, R=50)",216000.0,1.8202115158636898,0,0
upload_numbers,pendigits,"F-FCM (post_none_off, L=5)",85000.0,0.07066381156316917,0,0
upload_numbers,pendigits,GF-PFedFCM (L=5),79390.0,0.0,0,1
upload_numbers,pendigits,ungated PRE (L=1),85000.0,0.07066381156316917,0,0
upload_numbers,pendigits,pre_mass_off (L=1),85000.0,0.07066381156316917,0,0
upload_numbers,pendigits,pre_mass_off (L=5),85000.0,0.07066381156316917,0,0
upload_numbers,pendigits,SC-FFCM (L=5),151680.0,0.9105680816223706,0,0
upload_numbers,pendigits,"SC-FFCM (L=1, R=50)",160000.0,1.015367174707142,0,0
upload_numbers,digits_pca16,"F-FCM (post_none_off, L=5)",85000.0,0.010101010101010102,0,0
upload_numbers,digits_pca16,GF-PFedFCM (L=5),84150.0,0.0,0,1
upload_numbers,digits_pca16,ungated PRE (L=1),85000.0,0.010101010101010102,0,0
upload_numbers,digits_pca16,pre_mass_off (L=1),85000.0,0.010101010101010102,0,0
upload_numbers,digits_pca16,pre_mass_off (L=5),85000.0,0.010101010101010102,0,0
upload_numbers,digits_pca16,SC-FFCM (L=5),160000.0,0.9013666072489602,0,0
upload_numbers,digits_pca16,"SC-FFCM (L=1, R=50)",160000.0,0.9013666072489602,0,0
upload_numbers,digits_pca32,"F-FCM (post_none_off, L=5)",165000.0,0.0,0,1
upload_numbers,digits_pca32,GF-PFedFCM (L=5),165000.0,0.0,0,1
upload_numbers,digits_pca32,ungated PRE (L=1),165000.0,0.0,0,1
upload_numbers,digits_pca32,pre_mass_off (L=1),165000.0,0.0,0,1
upload_numbers,digits_pca32,pre_mass_off (L=5),165000.0,0.0,0,1
upload_numbers,digits_pca32,SC-FFCM (L=5),320000.0,0.9393939393939394,0,0
upload_numbers,digits_pca32,"SC-FFCM (L=1, R=50)",320000.0,0.9393939393939394,0,0
upload_numbers,letter,"F-FCM (post_none_off, L=5)",221000.0,0.0,0,1
upload_numbers,letter,GF-PFedFCM (L=5),221000.0,0.0,0,1
upload_numbers,letter,ungated PRE (L=1),221000.0,0.0,0,1
upload_numbers,letter,pre_mass_off (L=1),221000.0,0.0,0,1
upload_numbers,letter,pre_mass_off (L=5),221000.0,0.0,0,1
upload_numbers,letter,SC-FFCM (L=5),416000.0,0.8823529411764706,0,0
upload_numbers,letter,"SC-FFCM (L=1, R=50)",416000.0,0.8823529411764706,0,0
upload_numbers,mnist784_pca32 (20c),"F-FCM (post_none_off, L=5)",330000.0,0.0,0,1
upload_numbers,mnist784_pca32 (20c),GF-PFedFCM (L=5),330000.0,0.0,0,1
upload_numbers,mnist784_pca32 (20c),ungated PRE (L=1),330000.0,0.0,0,1
upload_numbers,mnist784_pca32 (20c),pre_mass_off (L=1),330000.0,0.0,0,1
upload_numbers,mnist784_pca32 (20c),pre_mass_off (L=5),330000.0,0.0,0,1
upload_numbers,mnist784_pca32 (20c),SC-FFCM (L=5),640000.0,0.9393939393939394,0,0
upload_numbers,mnist784_pca32 (20c),"SC-FFCM (L=1, R=50)",640000.0,0.9393939393939394,0,0
upload_numbers,mnist784_pca32 (50c),"F-FCM (post_none_off, L=5)",825000.0,0.0,0,1
upload_numbers,mnist784_pca32 (50c),GF-PFedFCM (L=5),825000.0,0.0,0,1
upload_numbers,mnist784_pca32 (50c),ungated PRE (L=1),825000.0,0.0,0,1
upload_numbers,mnist784_pca32 (50c),pre_mass_off (L=1),825000.0,0.0,0,1
upload_numbers,mnist784_pca32 (50c),pre_mass_off (L=5),825000.0,0.0,0,1
upload_numbers,mnist784_pca32 (50c),SC-FFCM (L=5),1600000.0,0.9393939393939394,0,0
upload_numbers,mnist784_pca32 (50c),"SC-FFCM (L=1, R=50)",1600000.0,0.9393939393939394,0,0
