block,hyp,metric,family,n_tested,n_with_nan,expect,a,b,better_unadj,worse_unadj,better_holm,worse_holm,better_legacy,worse_legacy,better_holm_nanloss,worse_holm_nanloss,better_holm_all,worse_holm_all,replicates
s00-09,H1,fcm_obj,14,14,0,a,L5:pre_mass_off,L5:post_footprint_on,0,13,0,13,0,13,0,13,0,0,0
s10-19,H1,fcm_obj,14,14,0,a,L5:pre_mass_off,L5:post_footprint_on,0,13,0,12,0,13,0,12,0,0,0
s20-29,H1,fcm_obj,14,14,0,a,L5:pre_mass_off,L5:post_footprint_on,0,12,0,11,0,12,0,11,0,0,0
s00-09,H1,gacc,14,14,0,a,L5:pre_mass_off,L5:post_footprint_on,8,0,5,0,8,0,5,0,0,0,1
s10-19,H1,gacc,14,14,0,a,L5:pre_mass_off,L5:post_footprint_on,8,0,8,0,8,0,8,0,0,0,1
s20-29,H1,gacc,14,14,0,a,L5:pre_mass_off,L5:post_footprint_on,6,0,4,0,6,0,4,0,0,0,1
s00-09,H1,mean_acc,14,14,0,a,L5:pre_mass_off,L5:post_footprint_on,7,1,5,1,7,1,5,1,0,0,1
s10-19,H1,mean_acc,14,14,0,a,L5:pre_mass_off,L5:post_footprint_on,8,1,7,0,8,1,7,0,0,0,1
s20-29,H1,mean_acc,14,14,0,a,L5:pre_mass_off,L5:post_footprint_on,7,0,6,0,7,0,6,0,0,0,1
s00-09,H1,worst_acc,14,14,0,a,L5:pre_mass_off,L5:post_footprint_on,5,0,4,0,5,0,4,0,0,0,1
s10-19,H1,worst_acc,14,14,0,a,L5:pre_mass_off,L5:post_footprint_on,5,0,1,0,5,0,1,0,0,0,1
s20-29,H1,worst_acc,14,14,0,a,L5:pre_mass_off,L5:post_footprint_on,6,0,2,0,6,0,2,0,0,0,1
s00-09,H2,fcm_obj,14,14,0,a,L5:pre_mass_off,L5:post_none_off,6,2,5,2,6,2,5,2,0,0,1
s10-19,H2,fcm_obj,14,14,0,a,L5:pre_mass_off,L5:post_none_off,7,2,6,1,7,2,6,1,0,0,1
s20-29,H2,fcm_obj,14,14,0,a,L5:pre_mass_off,L5:post_none_off,6,2,4,1,6,2,4,1,0,0,1
s00-09,H2,gacc,14,14,0,a,L5:pre_mass_off,L5:post_none_off,10,1,9,1,10,1,9,1,0,0,1
s10-19,H2,gacc,14,14,0,a,L5:pre_mass_off,L5:post_none_off,11,1,11,1,11,1,11,1,0,0,1
s20-29,H2,gacc,14,14,0,a,L5:pre_mass_off,L5:post_none_off,9,1,8,1,9,1,8,1,0,0,1
s00-09,H2,mean_acc,14,14,0,a,L5:pre_mass_off,L5:post_none_off,8,1,8,1,8,1,8,1,0,0,1
s10-19,H2,mean_acc,14,14,0,a,L5:pre_mass_off,L5:post_none_off,11,1,11,1,11,1,11,1,0,0,1
s20-29,H2,mean_acc,14,14,0,a,L5:pre_mass_off,L5:post_none_off,9,1,9,0,9,1,9,0,0,0,1
s00-09,H2,worst_acc,14,14,0,a,L5:pre_mass_off,L5:post_none_off,10,1,9,1,10,1,9,1,0,0,1
s10-19,H2,worst_acc,14,14,0,a,L5:pre_mass_off,L5:post_none_off,11,0,8,0,11,0,8,0,0,0,1
s20-29,H2,worst_acc,14,14,0,a,L5:pre_mass_off,L5:post_none_off,9,0,7,0,9,0,7,0,0,0,1
s00-09,H3,fcm_obj,14,14,0,a,interaction,,13,0,13,0,13,0,13,0,0,0,1
s10-19,H3,fcm_obj,14,14,0,a,interaction,,14,0,14,0,14,0,14,0,0,0,1
s20-29,H3,fcm_obj,14,14,0,a,interaction,,14,0,14,0,14,0,14,0,0,0,1
s00-09,H3,gacc,14,14,0,a,interaction,,10,0,8,0,10,0,8,0,0,0,1
s10-19,H3,gacc,14,14,0,a,interaction,,9,0,9,0,9,0,9,0,0,0,1
s20-29,H3,gacc,14,14,0,a,interaction,,11,0,10,0,11,0,10,0,0,0,1
s00-09,H3,mean_acc,14,14,0,a,interaction,,8,0,7,0,8,0,7,0,0,0,1
s10-19,H3,mean_acc,14,14,0,a,interaction,,9,1,7,0,9,1,7,0,0,0,1
s20-29,H3,mean_acc,14,14,0,a,interaction,,11,0,9,0,11,0,9,0,0,0,1
s00-09,H3,worst_acc,14,14,0,a,interaction,,6,1,5,1,6,1,5,1,0,0,1
s10-19,H3,worst_acc,14,14,0,a,interaction,,9,0,5,0,9,0,5,0,0,0,1
s20-29,H3,worst_acc,14,14,0,a,interaction,,9,0,8,0,9,0,8,0,0,0,1
s00-09,H4,fcm_obj,14,14,0,a,L1:pre_none_off,L1:post_none_off,14,0,14,0,14,0,14,0,0,0,1
s10-19,H4,fcm_obj,14,14,0,a,L1:pre_none_off,L1:post_none_off,14,0,14,0,14,0,14,0,0,0,1
s20-29,H4,fcm_obj,14,14,0,a,L1:pre_none_off,L1:post_none_off,14,0,14,0,14,0,14,0,0,0,1
s00-09,H4,gacc,14,14,0,a,L1:pre_none_off,L1:post_none_off,11,1,10,1,11,1,10,1,0,0,1
s10-19,H4,gacc,14,14,0,a,L1:pre_none_off,L1:post_none_off,12,1,12,1,12,1,12,1,0,0,1
s20-29,H4,gacc,14,14,0,a,L1:pre_none_off,L1:post_none_off,12,1,11,1,12,1,11,1,0,0,1
s00-09,H4,mean_acc,14,14,0,a,L1:pre_none_off,L1:post_none_off,11,1,10,1,11,1,10,1,0,0,1
s10-19,H4,mean_acc,14,14,0,a,L1:pre_none_off,L1:post_none_off,12,1,12,1,12,1,12,1,0,0,1
s20-29,H4,mean_acc,14,14,0,a,L1:pre_none_off,L1:post_none_off,12,1,10,1,12,1,10,1,0,0,1
s00-09,H4,worst_acc,14,14,0,a,L1:pre_none_off,L1:post_none_off,11,1,9,1,11,1,9,1,0,0,1
s10-19,H4,worst_acc,14,14,0,a,L1:pre_none_off,L1:post_none_off,11,1,9,1,11,1,9,1,0,0,1
s20-29,H4,worst_acc,14,14,0,a,L1:pre_none_off,L1:post_none_off,9,1,7,1,9,1,7,1,0,0,1
s00-09,H5,fcm_obj,14,14,0,a,L1:pre_mass_off,L1noES:post_footprint_on,0,9,0,9,0,9,0,9,0,0,0
s10-19,H5,fcm_obj,14,14,0,a,L1:pre_mass_off,L1noES:post_footprint_on,0,11,0,11,0,11,0,11,0,0,0
s20-29,H5,fcm_obj,14,14,0,a,L1:pre_mass_off,L1noES:post_footprint_on,0,9,0,9,0,9,0,9,0,0,0
s00-09,H5,gacc,14,13,0,a,L1:pre_mass_off,L1noES:post_footprint_on,7,0,5,0,7,0,5,0,0,0,1
s10-19,H5,gacc,14,13,0,a,L1:pre_mass_off,L1noES:post_footprint_on,5,0,4,0,5,0,4,0,0,0,1
s20-29,H5,gacc,14,14,0,a,L1:pre_mass_off,L1noES:post_footprint_on,9,0,9,0,9,0,9,0,0,0,1
s00-09,H5,mean_acc,14,13,0,a,L1:pre_mass_off,L1noES:post_footprint_on,7,0,7,0,7,0,7,0,0,0,1
s10-19,H5,mean_acc,14,13,0,a,L1:pre_mass_off,L1noES:post_footprint_on,4,0,3,0,4,0,3,0,0,0,1
s20-29,H5,mean_acc,14,14,0,a,L1:pre_mass_off,L1noES:post_footprint_on,9,0,4,0,9,0,4,0,0,0,1
s00-09,H5,worst_acc,14,13,0,a,L1:pre_mass_off,L1noES:post_footprint_on,6,1,1,0,6,1,1,0,0,0,1
s10-19,H5,worst_acc,14,13,0,a,L1:pre_mass_off,L1noES:post_footprint_on,3,0,1,0,3,0,1,0,0,0,1
s20-29,H5,worst_acc,14,13,0,a,L1:pre_mass_off,L1noES:post_footprint_on,3,1,1,0,3,1,1,0,0,0,1
s00-09,H6,fcm_obj,14,14,0,a,L1:pre_mass_off,SC:L1,0,11,0,11,0,11,0,11,0,0,0
s10-19,H6,fcm_obj,14,14,0,a,L1:pre_mass_off,SC:L1,0,9,0,8,0,9,0,8,0,0,0
s20-29,H6,fcm_obj,14,14,0,a,L1:pre_mass_off,SC:L1,0,11,0,11,0,11,0,11,0,0,0
s00-09,H6,gacc,14,12,0,a,L1:pre_mass_off,SC:L1,4,3,3,2,4,3,3,2,0,0,1
s10-19,H6,gacc,14,12,0,a,L1:pre_mass_off,SC:L1,4,2,0,1,4,2,0,1,0,0,0
s20-29,H6,gacc,14,13,0,a,L1:pre_mass_off,SC:L1,3,2,3,1,3,2,3,1,0,0,1
s00-09,H6,mean_acc,14,12,0,a,L1:pre_mass_off,SC:L1,4,3,3,1,4,3,3,1,0,0,1
s10-19,H6,mean_acc,14,12,0,a,L1:pre_mass_off,SC:L1,6,2,1,1,6,2,1,1,0,0,1
s20-29,H6,mean_acc,14,13,0,a,L1:pre_mass_off,SC:L1,3,2,3,1,3,2,3,1,0,0,1
s00-09,H6,worst_acc,14,12,0,a,L1:pre_mass_off,SC:L1,2,1,1,1,2,1,1,1,0,0,1
s10-19,H6,worst_acc,14,12,0,a,L1:pre_mass_off,SC:L1,2,2,0,1,2,2,0,1,0,0,0
s20-29,H6,worst_acc,14,13,0,a,L1:pre_mass_off,SC:L1,2,1,0,1,2,1,0,1,0,0,0
s00-09,H7,fcm_obj,14,14,0,a,L1:pre_mass_off,SC:L5,0,12,0,11,0,12,0,11,0,0,0
s10-19,H7,fcm_obj,14,14,0,a,L1:pre_mass_off,SC:L5,0,11,0,10,0,11,0,10,0,0,0
s20-29,H7,fcm_obj,14,14,0,a,L1:pre_mass_off,SC:L5,0,12,0,10,0,12,0,10,0,0,0
s00-09,H7,gacc,14,12,0,a,L1:pre_mass_off,SC:L5,4,2,2,1,4,2,2,1,0,0,1
s10-19,H7,gacc,14,12,0,a,L1:pre_mass_off,SC:L5,4,2,0,1,4,2,0,1,0,0,0
s20-29,H7,gacc,14,13,0,a,L1:pre_mass_off,SC:L5,3,1,1,1,3,1,1,1,0,0,1
s00-09,H7,mean_acc,14,12,0,a,L1:pre_mass_off,SC:L5,4,1,3,1,4,1,3,1,0,0,1
s10-19,H7,mean_acc,14,12,0,a,L1:pre_mass_off,SC:L5,6,2,1,1,6,2,1,1,0,0,1
s20-29,H7,mean_acc,14,13,0,a,L1:pre_mass_off,SC:L5,4,1,3,1,4,1,3,1,0,0,1
s00-09,H7,worst_acc,14,12,0,a,L1:pre_mass_off,SC:L5,1,1,0,1,1,1,0,1,0,0,0
s10-19,H7,worst_acc,14,12,0,a,L1:pre_mass_off,SC:L5,2,2,1,1,2,2,1,1,0,0,1
s20-29,H7,worst_acc,14,13,0,a,L1:pre_mass_off,SC:L5,2,1,0,1,2,1,0,1,0,0,0
s00-09,H8,fcm_obj,14,14,0,b,L5:pre_mass_off,SC:L5,0,14,0,14,0,14,0,14,0,0,1
s10-19,H8,fcm_obj,14,14,0,b,L5:pre_mass_off,SC:L5,0,14,0,14,0,14,0,14,0,0,1
s20-29,H8,fcm_obj,14,14,0,b,L5:pre_mass_off,SC:L5,0,14,0,14,0,14,0,14,0,0,1
s00-09,H8,gacc,14,14,0,b,L5:pre_mass_off,SC:L5,0,7,0,5,0,7,0,5,0,0,1
s10-19,H8,gacc,14,14,0,b,L5:pre_mass_off,SC:L5,0,9,0,5,0,9,0,5,0,0,1
s20-29,H8,gacc,14,14,0,b,L5:pre_mass_off,SC:L5,0,8,0,5,0,8,0,5,0,0,1
s00-09,H8,mean_acc,14,14,0,b,L5:pre_mass_off,SC:L5,0,5,0,3,0,5,0,3,0,0,1
s10-19,H8,mean_acc,14,14,0,b,L5:pre_mass_off,SC:L5,0,6,0,3,0,6,0,3,0,0,1
s20-29,H8,mean_acc,14,14,0,b,L5:pre_mass_off,SC:L5,0,6,0,3,0,6,0,3,0,0,1
s00-09,H8,worst_acc,14,14,0,b,L5:pre_mass_off,SC:L5,1,4,1,1,1,4,1,1,0,0,1
s10-19,H8,worst_acc,14,14,0,b,L5:pre_mass_off,SC:L5,1,3,1,1,1,3,1,1,0,0,1
s20-29,H8,worst_acc,14,14,0,b,L5:pre_mass_off,SC:L5,1,3,1,1,1,3,1,1,0,0,1
s00-09,H9,fcm_obj,14,14,0,none-better,L5:post_footprint_on,L5:post_footprint_off,11,0,10,0,11,0,10,0,0,0,0
s10-19,H9,fcm_obj,14,14,0,none-better,L5:post_footprint_on,L5:post_footprint_off,11,1,9,1,11,1,9,1,0,0,0
s20-29,H9,fcm_obj,14,14,0,none-better,L5:post_footprint_on,L5:post_footprint_off,10,1,10,1,10,1,10,1,0,0,0
s00-09,H9,gacc,14,13,0,none-better,L5:post_footprint_on,L5:post_footprint_off,0,10,0,9,0,10,0,9,0,0,1
s10-19,H9,gacc,14,13,0,none-better,L5:post_footprint_on,L5:post_footprint_off,0,8,0,5,0,8,0,5,0,0,1
s20-29,H9,gacc,14,13,0,none-better,L5:post_footprint_on,L5:post_footprint_off,0,8,0,5,0,8,0,5,0,0,1
s00-09,H9,mean_acc,14,13,0,none-better,L5:post_footprint_on,L5:post_footprint_off,0,6,0,3,0,6,0,3,0,0,1
s10-19,H9,mean_acc,14,13,0,none-better,L5:post_footprint_on,L5:post_footprint_off,1,5,0,5,1,5,0,5,0,0,1
s20-29,H9,mean_acc,14,13,0,none-better,L5:post_footprint_on,L5:post_footprint_off,1,6,0,4,1,6,0,4,0,0,1
s00-09,H9,worst_acc,14,13,0,none-better,L5:post_footprint_on,L5:post_footprint_off,0,5,0,3,0,5,0,3,0,0,1
s10-19,H9,worst_acc,14,13,0,none-better,L5:post_footprint_on,L5:post_footprint_off,0,5,0,3,0,5,0,3,0,0,1
s20-29,H9,worst_acc,14,13,0,none-better,L5:post_footprint_on,L5:post_footprint_off,0,4,0,1,0,4,0,1,0,0,1
s00-09,H5-ES,fcm_obj,14,14,0,a,L1:pre_mass_off,L1:post_footprint_on,0,9,0,9,0,9,0,9,0,0,0
s10-19,H5-ES,fcm_obj,14,14,0,a,L1:pre_mass_off,L1:post_footprint_on,0,11,0,11,0,11,0,11,0,0,0
s20-29,H5-ES,fcm_obj,14,14,0,a,L1:pre_mass_off,L1:post_footprint_on,0,9,0,9,0,9,0,9,0,0,0
s00-09,H5-ES,gacc,14,13,0,a,L1:pre_mass_off,L1:post_footprint_on,7,0,5,0,7,0,5,0,0,0,1
s10-19,H5-ES,gacc,14,13,0,a,L1:pre_mass_off,L1:post_footprint_on,5,0,4,0,5,0,4,0,0,0,1
s20-29,H5-ES,gacc,14,14,0,a,L1:pre_mass_off,L1:post_footprint_on,9,0,9,0,9,0,9,0,0,0,1
s00-09,H5-ES,mean_acc,14,13,0,a,L1:pre_mass_off,L1:post_footprint_on,7,0,7,0,7,0,7,0,0,0,1
s10-19,H5-ES,mean_acc,14,13,0,a,L1:pre_mass_off,L1:post_footprint_on,4,0,3,0,4,0,3,0,0,0,1
s20-29,H5-ES,mean_acc,14,14,0,a,L1:pre_mass_off,L1:post_footprint_on,9,0,4,0,9,0,4,0,0,0,1
s00-09,H5-ES,worst_acc,14,13,0,a,L1:pre_mass_off,L1:post_footprint_on,6,1,1,0,6,1,1,0,0,0,1
s10-19,H5-ES,worst_acc,14,13,0,a,L1:pre_mass_off,L1:post_footprint_on,3,0,1,0,3,0,1,0,0,0,1
s20-29,H5-ES,worst_acc,14,13,0,a,L1:pre_mass_off,L1:post_footprint_on,3,1,1,0,3,1,1,0,0,0,1
s00-09,S-L50,fcm_obj,12,12,0,a,L1:pre_mass_off,SC:L50,1,9,0,9,1,9,0,9,0,0,0
s10-19,S-L50,fcm_obj,12,12,0,a,L1:pre_mass_off,SC:L50,0,10,0,10,0,10,0,10,0,0,0
s20-29,S-L50,fcm_obj,12,12,0,a,L1:pre_mass_off,SC:L50,0,11,0,10,0,11,0,10,0,0,0
s00-09,S-L50,gacc,12,11,0,a,L1:pre_mass_off,SC:L50,3,1,1,1,3,1,1,1,0,0,1
s10-19,S-L50,gacc,12,10,0,a,L1:pre_mass_off,SC:L50,2,2,1,1,2,2,1,1,0,0,1
s20-29,S-L50,gacc,12,11,0,a,L1:pre_mass_off,SC:L50,2,1,1,1,2,1,1,1,0,0,1
s00-09,S-L50,mean_acc,12,11,0,a,L1:pre_mass_off,SC:L50,3,1,2,1,3,1,2,1,0,0,1
s10-19,S-L50,mean_acc,12,10,0,a,L1:pre_mass_off,SC:L50,4,2,0,1,4,2,0,1,0,0,0
s20-29,S-L50,mean_acc,12,11,0,a,L1:pre_mass_off,SC:L50,2,1,1,1,2,1,1,1,0,0,1
s00-09,S-L50,worst_acc,12,11,0,a,L1:pre_mass_off,SC:L50,1,1,0,1,1,1,0,1,0,0,0
s10-19,S-L50,worst_acc,12,10,0,a,L1:pre_mass_off,SC:L50,2,2,1,1,2,2,1,1,0,0,1
s20-29,S-L50,worst_acc,12,11,0,a,L1:pre_mass_off,SC:L50,1,1,0,1,1,1,0,1,0,0,0
s00-09,S-PRE-SC1,fcm_obj,14,13,0,,L1:pre_none_off,SC:L1,3,1,2,0,4,1,2,0,0,0,
s10-19,S-PRE-SC1,fcm_obj,14,13,0,,L1:pre_none_off,SC:L1,5,0,3,0,5,0,3,0,0,0,
s20-29,S-PRE-SC1,fcm_obj,14,13,0,,L1:pre_none_off,SC:L1,7,1,5,0,7,1,5,0,0,0,
s00-09,S-PRE-SC1,gacc,14,11,0,,L1:pre_none_off,SC:L1,0,1,0,1,0,1,0,1,0,0,
s10-19,S-PRE-SC1,gacc,14,11,0,,L1:pre_none_off,SC:L1,0,1,0,1,0,1,0,1,0,0,
s20-29,S-PRE-SC1,gacc,14,10,0,,L1:pre_none_off,SC:L1,1,1,0,1,1,1,0,1,0,0,
s00-09,S-PRE-SC1,mean_acc,14,11,0,,L1:pre_none_off,SC:L1,0,1,0,1,0,1,0,1,0,0,
s10-19,S-PRE-SC1,mean_acc,14,11,0,,L1:pre_none_off,SC:L1,0,2,0,1,0,2,0,1,0,0,
s20-29,S-PRE-SC1,mean_acc,14,10,0,,L1:pre_none_off,SC:L1,1,1,0,1,1,1,0,1,0,0,
s00-09,S-PRE-SC1,worst_acc,14,11,0,,L1:pre_none_off,SC:L1,0,2,0,1,0,2,0,1,0,0,
s10-19,S-PRE-SC1,worst_acc,14,11,0,,L1:pre_none_off,SC:L1,0,2,0,1,0,2,0,1,0,0,
s20-29,S-PRE-SC1,worst_acc,14,10,0,,L1:pre_none_off,SC:L1,0,2,0,1,0,2,0,1,0,0,
s00-09,S-PRE-SC5,fcm_obj,14,14,0,,L1:pre_none_off,SC:L5,3,0,1,0,4,0,1,0,0,0,
s10-19,S-PRE-SC5,fcm_obj,14,14,0,,L1:pre_none_off,SC:L5,4,1,1,0,5,1,1,0,0,0,
s20-29,S-PRE-SC5,fcm_obj,14,14,0,,L1:pre_none_off,SC:L5,4,0,3,0,6,0,3,0,0,0,
s00-09,S-PRE-SC5,gacc,14,11,0,,L1:pre_none_off,SC:L5,0,1,0,1,0,1,0,1,0,0,
s10-19,S-PRE-SC5,gacc,14,11,0,,L1:pre_none_off,SC:L5,1,2,0,2,1,2,0,2,0,0,
s20-29,S-PRE-SC5,gacc,14,10,0,,L1:pre_none_off,SC:L5,0,1,0,1,0,1,0,1,0,0,
s00-09,S-PRE-SC5,mean_acc,14,11,0,,L1:pre_none_off,SC:L5,0,2,0,1,0,2,0,1,0,0,
s10-19,S-PRE-SC5,mean_acc,14,11,0,,L1:pre_none_off,SC:L5,0,1,0,1,0,1,0,1,0,0,
s20-29,S-PRE-SC5,mean_acc,14,10,0,,L1:pre_none_off,SC:L5,0,1,0,1,0,1,0,1,0,0,
s00-09,S-PRE-SC5,worst_acc,14,10,0,,L1:pre_none_off,SC:L5,0,2,0,1,0,2,0,1,0,0,
s10-19,S-PRE-SC5,worst_acc,14,10,0,,L1:pre_none_off,SC:L5,0,2,0,1,0,2,0,1,0,0,
s20-29,S-PRE-SC5,worst_acc,14,10,0,,L1:pre_none_off,SC:L5,0,2,0,1,0,2,0,1,0,0,
s00-09,ED-mass,fcm_obj,14,0,0,,L1R250:pre_mass_off,SC:L1R250,0,0,0,0,0,0,0,0,0,0,
s10-19,ED-mass,fcm_obj,14,14,0,,L1R250:pre_mass_off,SC:L1R250,0,11,0,11,0,11,0,11,0,0,
s20-29,ED-mass,fcm_obj,14,14,0,,L1R250:pre_mass_off,SC:L1R250,0,11,0,11,0,11,0,11,0,0,
s00-09,ED-mass,gacc,14,0,0,,L1R250:pre_mass_off,SC:L1R250,0,0,0,0,0,0,0,0,0,0,
s10-19,ED-mass,gacc,14,12,0,,L1R250:pre_mass_off,SC:L1R250,4,2,0,1,4,2,0,1,0,0,
s20-29,ED-mass,gacc,14,13,0,,L1R250:pre_mass_off,SC:L1R250,5,1,2,1,5,1,2,1,0,0,
s00-09,ED-mass,mean_acc,14,0,0,,L1R250:pre_mass_off,SC:L1R250,0,0,0,0,0,0,0,0,0,0,
s10-19,ED-mass,mean_acc,14,12,0,,L1R250:pre_mass_off,SC:L1R250,7,2,0,1,7,2,0,1,0,0,
s20-29,ED-mass,mean_acc,14,13,0,,L1R250:pre_mass_off,SC:L1R250,5,1,2,1,5,1,2,1,0,0,
s00-09,ED-mass,worst_acc,14,0,0,,L1R250:pre_mass_off,SC:L1R250,0,0,0,0,0,0,0,0,0,0,
s10-19,ED-mass,worst_acc,14,12,0,,L1R250:pre_mass_off,SC:L1R250,2,2,0,1,2,2,0,1,0,0,
s20-29,ED-mass,worst_acc,14,13,0,,L1R250:pre_mass_off,SC:L1R250,1,1,1,1,1,1,1,1,0,0,
s00-09,ED-none,fcm_obj,14,0,0,,L1R250:pre_none_off,SC:L1R250,0,0,0,0,0,0,0,0,0,0,
s10-19,ED-none,fcm_obj,14,13,0,,L1R250:pre_none_off,SC:L1R250,8,0,6,0,8,0,6,0,0,0,
s20-29,ED-none,fcm_obj,14,13,0,,L1R250:pre_none_off,SC:L1R250,9,0,8,0,9,0,8,0,0,0,
s00-09,ED-none,gacc,14,0,0,,L1R250:pre_none_off,SC:L1R250,0,0,0,0,0,0,0,0,0,0,
s10-19,ED-none,gacc,14,10,0,,L1R250:pre_none_off,SC:L1R250,1,1,0,1,1,1,0,1,0,0,
s20-29,ED-none,gacc,14,10,0,,L1R250:pre_none_off,SC:L1R250,2,1,0,1,2,1,0,1,0,0,
s00-09,ED-none,mean_acc,14,0,0,,L1R250:pre_none_off,SC:L1R250,0,0,0,0,0,0,0,0,0,0,
s10-19,ED-none,mean_acc,14,10,0,,L1R250:pre_none_off,SC:L1R250,0,2,0,1,0,2,0,1,0,0,
s20-29,ED-none,mean_acc,14,10,0,,L1R250:pre_none_off,SC:L1R250,1,1,0,1,1,1,0,1,0,0,
s00-09,ED-none,worst_acc,14,0,0,,L1R250:pre_none_off,SC:L1R250,0,0,0,0,0,0,0,0,0,0,
s10-19,ED-none,worst_acc,14,10,0,,L1R250:pre_none_off,SC:L1R250,0,1,0,1,0,1,0,1,0,0,
s20-29,ED-none,worst_acc,14,10,0,,L1R250:pre_none_off,SC:L1R250,0,2,0,2,0,2,0,2,0,0,
s00-09,EA-footprint,fcm_obj,14,14,0,,interaction,,13,0,13,0,13,0,13,0,,,
s10-19,EA-footprint,fcm_obj,14,14,0,,interaction,,14,0,14,0,14,0,14,0,,,
s20-29,EA-footprint,fcm_obj,14,14,0,,interaction,,14,0,14,0,14,0,14,0,,,
s00-09,EA-footprint,mean_acc,14,14,0,,interaction,,8,0,7,0,8,0,7,0,,,
s10-19,EA-footprint,mean_acc,14,14,0,,interaction,,9,1,7,0,9,1,7,0,,,
s20-29,EA-footprint,mean_acc,14,14,0,,interaction,,11,0,9,0,11,0,9,0,,,
s00-09,EA-mass,fcm_obj,14,14,0,,interaction,,13,0,13,0,13,0,13,0,,,
s10-19,EA-mass,fcm_obj,14,14,0,,interaction,,13,0,13,0,13,0,13,0,,,
s20-29,EA-mass,fcm_obj,14,14,0,,interaction,,14,0,14,0,14,0,14,0,,,
s00-09,EA-mass,mean_acc,14,14,0,,interaction,,8,0,7,0,8,0,7,0,,,
s10-19,EA-mass,mean_acc,14,14,0,,interaction,,10,1,8,0,10,1,8,0,,,
s20-29,EA-mass,mean_acc,14,14,0,,interaction,,10,0,7,0,10,0,7,0,,,
s00-09,EA-fpmask,fcm_obj,14,14,0,,interaction,,12,0,11,0,12,0,11,0,,,
s10-19,EA-fpmask,fcm_obj,14,14,0,,interaction,,13,0,11,0,13,0,11,0,,,
s20-29,EA-fpmask,fcm_obj,14,14,0,,interaction,,14,0,14,0,14,0,14,0,,,
s00-09,EA-fpmask,mean_acc,14,14,0,,interaction,,3,2,0,1,3,2,0,1,,,
s10-19,EA-fpmask,mean_acc,14,14,0,,interaction,,2,1,0,1,2,1,0,1,,,
s20-29,EA-fpmask,mean_acc,14,14,0,,interaction,,2,2,1,1,2,2,1,1,,,
s00-09,EA-massmask,fcm_obj,14,13,0,,interaction,,11,0,10,0,11,0,10,0,,,
s10-19,EA-massmask,fcm_obj,14,13,0,,interaction,,10,0,6,0,10,0,6,0,,,
s20-29,EA-massmask,fcm_obj,14,13,0,,interaction,,10,0,9,0,10,0,9,0,,,
s00-09,EA-massmask,mean_acc,14,13,0,,interaction,,1,1,0,1,1,1,0,1,,,
s10-19,EA-massmask,mean_acc,14,13,0,,interaction,,0,1,0,1,0,1,0,1,,,
s20-29,EA-massmask,mean_acc,14,13,0,,interaction,,0,2,0,0,0,2,0,0,,,
s00-19,EC-GF,fcm_obj,14,14,0,,interaction,,11,1,11,1,11,1,11,1,,,
s00-19,EC-GF,gacc,14,14,0,,interaction,,0,9,0,8,0,9,0,8,,,
s00-19,EC-GF,mean_acc,14,14,0,,interaction,,1,7,1,6,1,7,1,6,,,
s00-19,EC-GF,test_fcm_obj,14,14,0,,interaction,,10,3,10,3,10,3,10,3,,,
s00-19,EC-GF,test_gacc,14,14,0,,interaction,,0,9,0,8,0,9,0,8,,,
s00-19,EC-GF,test_gacc_trmap,14,14,0,,interaction,,0,8,0,8,0,8,0,8,,,
s00-19,EC-GF,test_mean_acc_refit,14,14,0,,interaction,,1,5,0,3,1,5,0,3,,,
s00-19,EC-GF,test_mean_acc_trmap,14,14,0,,interaction,,1,5,1,3,1,5,1,3,,,
s00-19,EC-GF,test_worst_acc_trmap,14,14,0,,interaction,,0,4,0,2,0,4,0,2,,,
s00-19,EC-PREMASS,fcm_obj,14,14,0,,interaction,,10,1,10,1,10,1,10,1,,,
s00-19,EC-PREMASS,gacc,14,14,0,,interaction,,0,9,0,9,0,9,0,9,,,
s00-19,EC-PREMASS,mean_acc,14,14,0,,interaction,,2,7,0,6,2,7,0,6,,,
s00-19,EC-PREMASS,test_fcm_obj,14,14,0,,interaction,,9,3,9,3,9,3,9,3,,,
s00-19,EC-PREMASS,test_gacc,14,14,0,,interaction,,0,9,0,9,0,9,0,9,,,
s00-19,EC-PREMASS,test_gacc_trmap,14,14,0,,interaction,,0,9,0,9,0,9,0,9,,,
s00-19,EC-PREMASS,test_mean_acc_refit,14,14,0,,interaction,,2,6,1,6,2,6,1,6,,,
s00-19,EC-PREMASS,test_mean_acc_trmap,14,14,0,,interaction,,2,6,0,5,2,6,0,5,,,
s00-19,EC-PREMASS,test_worst_acc_trmap,14,14,0,,interaction,,1,4,0,3,1,6,0,3,,,
