criterion,action,n_states,mean_regret,max_regret,argmax_state,rec_mean_regret,rec_max_regret,n_substituted,status
mean_acc,"F-FCM (post_none_off, L=5)",14,0.1609069773380438,0.43573288281594047,digits_pca32,0,0,0,ok
mean_acc,GF-PFedFCM (L=5),14,0.0790637346307944,0.2141213680126245,digits_pca32,0,0,0,ok
mean_acc,ungated PRE (L=1),14,0.025222483902897507,0.09605126487072391,mnist784_pca32 (50c),0,0,0,ok
mean_acc,pre_mass_off (L=1),14,0.011389086330880363,0.10338572163538873,quantity_skew_extreme,1,0,0,ok
mean_acc,pre_mass_off (L=5),14,0.05322104633312324,0.13888396761445543,digits_pca32,0,0,0,ok
mean_acc,SC-FFCM (L=5),14,0.01819115934215129,0.07525454304648238,mnist784_pca32 (50c),0,1,0,ok
mean_acc,"SC-FFCM (L=1, R=50)",14,0.018161229421104708,0.08235460555671026,mnist784_pca32 (50c),0,0,0,ok
worst_acc,"F-FCM (post_none_off, L=5)",14,0.1913879559787613,0.3333917832868132,quantity_skew_extreme,0,0,0,ok
worst_acc,GF-PFedFCM (L=5),14,0.09204405807371026,0.3062439857247483,quantity_skew_extreme,0,0,0,ok
worst_acc,ungated PRE (L=1),14,0.03644873748317628,0.21056238029192254,quantity_skew_extreme,0,0,0,ok
worst_acc,pre_mass_off (L=1),14,0.033894486476164117,0.2452131629350769,quantity_skew_extreme,0,0,0,ok
worst_acc,pre_mass_off (L=5),14,0.06486253618321432,0.27456240176955304,quantity_skew_extreme,0,0,0,ok
worst_acc,SC-FFCM (L=5),14,0.018669008829074765,0.049349148491946215,mnist784_pca32 (20c),0,1,0,ok
worst_acc,"SC-FFCM (L=1, R=50)",14,0.016052491207548,0.05827600890830159,mnist784_pca32 (50c),1,0,0,ok
gacc,"F-FCM (post_none_off, L=5)",14,0.18120345237884594,0.37874234835837495,digits_pca32,0,0,0,ok
gacc,GF-PFedFCM (L=5),14,0.09851343396127413,0.2219810795770728,digits_pca32,0,0,0,ok
gacc,ungated PRE (L=1),14,0.024186568189283757,0.14413638066691647,quantity_skew_extreme,0,0,0,ok
gacc,pre_mass_off (L=1),14,0.02037918726899744,0.17208692394155123,quantity_skew_extreme,0,0,0,ok
gacc,pre_mass_off (L=5),14,0.072169735699548,0.18422630198576262,quantity_skew_extreme,0,0,0,ok
gacc,SC-FFCM (L=5),14,0.012869230649512366,0.05135142857142849,mnist784_pca32 (50c),1,1,0,ok
gacc,"SC-FFCM (L=1, R=50)",14,0.014353993158011336,0.06222428571428562,mnist784_pca32 (50c),0,0,0,ok
fcm_obj,"F-FCM (post_none_off, L=5)",14,1.600668109009144,7.221750701453139,dirichlet_0.03,0,0,0,ok
fcm_obj,GF-PFedFCM (L=5),14,0.1626903251404355,1.133153564104399,quantity_skew_extreme,0,0,0,ok
fcm_obj,ungated PRE (L=1),14,0.043608991320300376,0.43560394466929053,quantity_skew_extreme,0,0,0,ok
fcm_obj,pre_mass_off (L=1),14,0.07195480853579551,0.6787371234378201,quantity_skew_extreme,0,0,0,ok
fcm_obj,pre_mass_off (L=5),14,0.24648255354282764,0.8785987825714725,quantity_skew_extreme,0,0,0,ok
fcm_obj,SC-FFCM (L=5),14,0.012870901287342315,0.05959744578674693,wine,1,1,0,ok
fcm_obj,"SC-FFCM (L=1, R=50)",14,0.014225227055449699,0.05965887882238146,wine,0,0,0,ok
upload_numbers,"F-FCM (post_none_off, L=5)",14,0.38190433337457647,1.3584905660377358,overlap_noise,0,0,0,ok
upload_numbers,GF-PFedFCM (L=5),14,0.03303571428571429,0.4625000000000001,cluster_skew_hard,1,1,0,ok
upload_numbers,ungated PRE (L=1),14,0.38190433337457647,1.3584905660377358,overlap_noise,0,0,0,ok
upload_numbers,pre_mass_off (L=1),14,0.38190433337457647,1.3584905660377358,overlap_noise,0,0,0,ok
upload_numbers,pre_mass_off (L=5),14,0.38190433337457647,1.3584905660377358,overlap_noise,0,0,0,ok
upload_numbers,SC-FFCM (L=5),14,0.8456885341183068,1.8202115158636898,satimage,0,0,0,ok
upload_numbers,"SC-FFCM (L=1, R=50)",14,0.7966180961245978,1.8202115158636898,satimage,0,0,0,ok
