block,hyp,metric,dataset,n,n_nan,n_eff,w_plus,p_exact,p_legacy,mean_diff_raw,ci95_lo,ci95_hi,mean_diff_oriented,direction,p_exact_nanloss,status,p_holm,p_holm_nanloss,min_client_n_test,test_acc_unreliable
s00-19,EC-GF,test_fcm_obj,cluster_skew_hard,20,0,20,166.0,0.021484375,0.021484375,-0.090995430465432,-0.28935679404653025,0.10736593311566626,0.090995430465432,a,0.021484375,ok,0.04296875,0.04296875,44,0
s00-19,EC-GF,test_fcm_obj,cluster_skew_overlap,20,0,20,2.0,5.7220458984375e-06,5.7220458984375e-06,0.05352669846680389,0.03914563940478806,0.06790775752881972,-0.05352669846680389,b,5.7220458984375e-06,ok,4.57763671875e-05,4.57763671875e-05,44,0
s00-19,EC-GF,test_fcm_obj,dirichlet_0.03,20,0,20,210.0,1.9073486328125e-06,1.9073486328125e-06,-0.7051488034738853,-0.9177607508345287,-0.492536856113242,0.7051488034738853,a,1.9073486328125e-06,ok,2.6702880859375e-05,2.6702880859375e-05,44,0
s00-19,EC-GF,test_fcm_obj,dirichlet_0.1,20,0,20,112.0,0.8123550415039062,0.8123550415039062,-0.024954907430809404,-0.1388547584678782,0.08894494360625939,0.024954907430809404,a,0.8123550415039062,ok,0.8123550415039062,0.8123550415039062,44,0
s00-19,EC-GF,test_fcm_obj,overlap_noise,20,0,20,6.0,2.6702880859375e-05,2.6702880859375e-05,0.030007090781182976,0.0189740474678346,0.041040134094531354,-0.030007090781182976,b,2.6702880859375e-05,ok,0.000133514404296875,0.000133514404296875,44,0
s00-19,EC-GF,test_fcm_obj,quantity_skew_extreme,20,0,20,194.0,0.0003223419189453125,0.0003223419189453125,-0.41948273535466046,-0.6850916783408139,-0.15387379236850707,0.41948273535466046,a,0.0003223419189453125,ok,0.00128936767578125,0.00128936767578125,4,0
s00-19,EC-GF,test_fcm_obj,wine,20,0,20,4.0,1.33514404296875e-05,1.33514404296875e-05,0.16064495478143828,0.11217424988086663,0.20911565968200993,-0.16064495478143828,b,1.33514404296875e-05,ok,9.34600830078125e-05,9.34600830078125e-05,3,0
s00-19,EC-GF,test_fcm_obj,satimage,20,0,20,185.0,0.001689910888671875,0.001689910888671875,-0.025821874201178298,-0.03986669566425414,-0.011777052738102459,0.025821874201178298,a,0.001689910888671875,ok,0.005069732666015625,0.005069732666015625,94,0
s00-19,EC-GF,test_fcm_obj,pendigits,20,0,20,210.0,1.9073486328125e-06,1.9073486328125e-06,-0.15504240971784783,-0.20834872872244234,-0.10173609071325332,0.15504240971784783,a,1.9073486328125e-06,ok,2.6702880859375e-05,2.6702880859375e-05,217,0
s00-19,EC-GF,test_fcm_obj,digits_pca16,20,0,20,206.0,1.33514404296875e-05,1.33514404296875e-05,-0.2965153036063577,-0.368788836479427,-0.22424177073328838,0.2965153036063577,a,1.33514404296875e-05,ok,9.34600830078125e-05,9.34600830078125e-05,35,0
s00-19,EC-GF,test_fcm_obj,digits_pca32,20,0,20,210.0,1.9073486328125e-06,1.9073486328125e-06,-0.961619488967302,-1.1058871790558957,-0.8173517988787082,0.961619488967302,a,1.9073486328125e-06,ok,2.6702880859375e-05,2.6702880859375e-05,35,0
s00-19,EC-GF,test_fcm_obj,letter,20,0,20,210.0,1.9073486328125e-06,1.9073486328125e-06,-0.3224416716496946,-0.3513663506083365,-0.29351699269105275,0.3224416716496946,a,1.9073486328125e-06,ok,2.6702880859375e-05,2.6702880859375e-05,314,0
s00-19,EC-GF,test_fcm_obj,mnist784_pca32 (20c),20,0,20,210.0,1.9073486328125e-06,1.9073486328125e-06,-1.162208238848631,-1.2719460057205398,-1.0524704719767222,1.162208238848631,a,1.9073486328125e-06,ok,2.6702880859375e-05,2.6702880859375e-05,667,0
s00-19,EC-GF,test_fcm_obj,mnist784_pca32 (50c),20,0,20,210.0,1.9073486328125e-06,1.9073486328125e-06,-1.1528957314356751,-1.2583290674253134,-1.047462395446037,1.1528957314356751,a,1.9073486328125e-06,ok,2.6702880859375e-05,2.6702880859375e-05,266,0
s00-19,EC-PREMASS,test_fcm_obj,cluster_skew_hard,20,0,20,78.0,0.3299827575683594,0.3299827575683594,-0.20707052383025895,-0.6475319743391132,0.23339092667859532,0.20707052383025895,a,0.3299827575683594,ok,0.6599655151367188,0.6599655151367188,44,0
s00-19,EC-PREMASS,test_fcm_obj,cluster_skew_overlap,20,0,20,210.0,1.9073486328125e-06,1.9073486328125e-06,-0.08575989472297532,-0.09352040190075925,-0.0779993875451914,0.08575989472297532,a,1.9073486328125e-06,ok,2.6702880859375e-05,2.6702880859375e-05,44,0
s00-19,EC-PREMASS,test_fcm_obj,dirichlet_0.03,20,0,20,117.0,0.6742229461669922,0.6742229461669922,-0.4147894746561927,-1.1598161576503265,0.3302372083379412,0.4147894746561927,a,0.6742229461669922,ok,0.6742229461669922,0.6742229461669922,44,0
s00-19,EC-PREMASS,test_fcm_obj,dirichlet_0.1,20,0,20,19.0,0.0005855560302734375,0.0005855560302734375,0.14230392446906462,-0.03353495891101144,0.3181428078491407,-0.14230392446906462,b,0.0005855560302734375,ok,0.0029277801513671875,0.0029277801513671875,44,0
s00-19,EC-PREMASS,test_fcm_obj,overlap_noise,20,0,20,39.0,0.012079238891601562,0.012079238891601562,0.013212361331967282,-0.07574653501030498,0.10217125767423954,-0.013212361331967282,b,0.012079238891601562,ok,0.03623771667480469,0.03623771667480469,44,0
s00-19,EC-PREMASS,test_fcm_obj,quantity_skew_extreme,20,0,20,191.0,0.0005855560302734375,0.0005855560302734375,-0.717901960744755,-1.1312275276832544,-0.3045763938062555,0.717901960744755,a,0.0005855560302734375,ok,0.0029277801513671875,0.0029277801513671875,4,0
s00-19,EC-PREMASS,test_fcm_obj,wine,20,0,20,8.0,4.76837158203125e-05,4.76837158203125e-05,0.1548523702090703,0.09308681478896327,0.21661792562917734,-0.1548523702090703,b,4.76837158203125e-05,ok,0.000286102294921875,0.000286102294921875,3,0
s00-19,EC-PREMASS,test_fcm_obj,satimage,20,0,20,209.0,3.814697265625e-06,3.814697265625e-06,-0.10189395203839276,-0.15370678734113635,-0.05008111673564917,0.10189395203839276,a,3.814697265625e-06,ok,3.4332275390625e-05,3.4332275390625e-05,94,0
s00-19,EC-PREMASS,test_fcm_obj,pendigits,20,0,20,210.0,1.9073486328125e-06,1.9073486328125e-06,-0.19841248395641992,-0.23791401036228094,-0.1589109575505589,0.19841248395641992,a,1.9073486328125e-06,ok,2.6702880859375e-05,2.6702880859375e-05,217,0
s00-19,EC-PREMASS,test_fcm_obj,digits_pca16,20,0,20,209.0,3.814697265625e-06,3.814697265625e-06,-0.45072408283119697,-0.5429076460393853,-0.3585405196230086,0.45072408283119697,a,3.814697265625e-06,ok,3.4332275390625e-05,3.4332275390625e-05,35,0
s00-19,EC-PREMASS,test_fcm_obj,digits_pca32,20,0,20,210.0,1.9073486328125e-06,1.9073486328125e-06,-0.9759624727723315,-1.1580576353512393,-0.7938673101934237,0.9759624727723315,a,1.9073486328125e-06,ok,2.6702880859375e-05,2.6702880859375e-05,35,0
s00-19,EC-PREMASS,test_fcm_obj,letter,20,0,20,210.0,1.9073486328125e-06,1.9073486328125e-06,-0.3670669590230417,-0.415112575201294,-0.3190213428447894,0.3670669590230417,a,1.9073486328125e-06,ok,2.6702880859375e-05,2.6702880859375e-05,314,0
s00-19,EC-PREMASS,test_fcm_obj,mnist784_pca32 (20c),20,0,20,209.0,3.814697265625e-06,3.814697265625e-06,-1.1267941142035485,-1.287119227954673,-0.9664690004524239,1.1267941142035485,a,3.814697265625e-06,ok,3.4332275390625e-05,3.4332275390625e-05,667,0
s00-19,EC-PREMASS,test_fcm_obj,mnist784_pca32 (50c),20,0,20,210.0,1.9073486328125e-06,1.9073486328125e-06,-1.1057523864195655,-1.213144423519719,-0.9983603493194121,1.1057523864195655,a,1.9073486328125e-06,ok,2.6702880859375e-05,2.6702880859375e-05,266,0
s00-19,EC-GF,test_gacc_trmap,cluster_skew_hard,20,0,1,0.0,1.0,0.31731050786291415,-0.017992424242424244,-0.05565100097893737,0.019666152494088884,-0.017992424242424244,b,1.0,ok,1.0,1.0,44,0
s00-19,EC-GF,test_gacc_trmap,cluster_skew_overlap,20,0,20,0.0,1.9073486328125e-06,8.782404130245518e-05,-0.05009469696969697,-0.055282963929361634,-0.044906430010032305,-0.05009469696969697,b,1.9073486328125e-06,ok,2.6702880859375e-05,2.6702880859375e-05,44,0
s00-19,EC-GF,test_gacc_trmap,dirichlet_0.03,20,0,4,0.0,0.125,0.06788915486182899,-0.01003787878787879,-0.023661250279399214,0.0035854927036416337,-0.01003787878787879,b,0.125,ok,0.5,0.5,44,0
s00-19,EC-GF,test_gacc_trmap,dirichlet_0.1,20,0,6,11.0,1.0,0.9160510722818964,0.003503787878787884,-0.009735272232365196,0.016742847989940964,0.003503787878787884,a,1.0,ok,1.0,1.0,44,0
s00-19,EC-GF,test_gacc_trmap,overlap_noise,20,0,19,0.0,3.814697265625e-06,0.00012794526507976144,-0.009280303030303028,-0.011468582462555282,-0.007092023598050773,-0.009280303030303028,b,3.814697265625e-06,ok,4.9591064453125e-05,4.9591064453125e-05,44,0
s00-19,EC-GF,test_gacc_trmap,quantity_skew_extreme,20,0,15,74.5,0.4288330078125,0.40972588868998816,0.014672897196261686,-0.01340707789491183,0.042752872287435205,0.014672897196261686,a,0.4288330078125,ok,1.0,1.0,4,1
s00-19,EC-GF,test_gacc_trmap,wine,20,0,14,10.0,0.005615234375,0.008489928759191925,-0.03243243243243242,-0.053196655111386826,-0.011668209753478018,-0.03243243243243242,b,0.005615234375,ok,0.039306640625,0.039306640625,3,1
s00-19,EC-GF,test_gacc_trmap,satimage,20,0,20,56.5,0.07107162475585938,0.07017302119415479,-0.008443579766536974,-0.0196832401043149,0.002796080571240955,-0.008443579766536974,b,0.07107162475585938,ok,0.4083251953125,0.4083251953125,94,0
s00-19,EC-GF,test_gacc_trmap,pendigits,20,0,20,56.0,0.06805419921875,0.06730684237782675,-0.015931818181818193,-0.03386963784188841,0.0020060014782520216,-0.015931818181818193,b,0.06805419921875,ok,0.4083251953125,0.4083251953125,217,0
s00-19,EC-GF,test_gacc_trmap,digits_pca16,20,0,20,27.0,0.0022373199462890625,0.0035859909244870176,-0.04371508379888267,-0.0682689240423002,-0.019161243555465144,-0.04371508379888267,b,0.0022373199462890625,ok,0.0178985595703125,0.0178985595703125,35,0
s00-19,EC-GF,test_gacc_trmap,digits_pca32,20,0,20,17.0,0.000392913818359375,0.001017794509228971,-0.06787709497206705,-0.09749171445080128,-0.03826247549333282,-0.06787709497206705,b,0.000392913818359375,ok,0.003536224365234375,0.003536224365234375,35,0
s00-19,EC-GF,test_gacc_trmap,letter,20,0,19,9.0,0.000125885009765625,0.0005385174873341327,-0.010562499999999994,-0.015627962305106675,-0.005497037694893314,-0.010562499999999994,b,0.000125885009765625,ok,0.00125885009765625,0.00125885009765625,314,0
s00-19,EC-GF,test_gacc_trmap,mnist784_pca32 (20c),20,0,20,6.0,2.6702880859375e-05,2.6702880859375e-05,-0.040283530924153696,-0.05473483768051711,-0.025832224167790283,-0.040283530924153696,b,2.6702880859375e-05,ok,0.0003204345703125,0.0003204345703125,667,0
s00-19,EC-GF,test_gacc_trmap,mnist784_pca32 (50c),20,0,20,6.0,2.6702880859375e-05,2.6702880859375e-05,-0.05014289797084881,-0.06507550722382309,-0.03521028871787453,-0.05014289797084881,b,2.6702880859375e-05,ok,0.0003204345703125,0.0003204345703125,266,0
s00-19,EC-PREMASS,test_gacc_trmap,cluster_skew_hard,20,0,3,0.0,0.25,0.10880943004054569,-0.020265151515151514,-0.05922402405962603,0.018693721029323006,-0.020265151515151514,b,0.25,ok,1.0,1.0,44,0
s00-19,EC-PREMASS,test_gacc_trmap,cluster_skew_overlap,20,0,20,0.0,1.9073486328125e-06,8.745059215649787e-05,-0.030776515151515155,-0.03513674484011615,-0.02641628546291416,-0.030776515151515155,b,1.9073486328125e-06,ok,2.6702880859375e-05,2.6702880859375e-05,44,0
s00-19,EC-PREMASS,test_gacc_trmap,dirichlet_0.03,20,0,6,5.0,0.3125,0.24886387493792206,-0.01837121212121212,-0.07586059512544696,0.039118170883022725,-0.01837121212121212,b,0.3125,ok,1.0,1.0,44,0
s00-19,EC-PREMASS,test_gacc_trmap,dirichlet_0.1,20,0,5,4.0,0.4375,0.34523107177184,-0.02073863636363636,-0.053917405731078144,0.01244013300380543,-0.02073863636363636,b,0.4375,ok,1.0,1.0,44,0
s00-19,EC-PREMASS,test_gacc_trmap,overlap_noise,20,0,19,18.0,0.000919342041015625,0.001933786923300596,-0.026136363636363645,-0.07785866204407674,0.025585934771349454,-0.026136363636363645,b,0.000919342041015625,ok,0.006435394287109375,0.006435394287109375,44,0
s00-19,EC-PREMASS,test_gacc_trmap,quantity_skew_extreme,20,0,14,38.0,0.3773193359375,0.36233102381540794,0.020467289719626174,-0.017045862891256803,0.057980442330509155,0.020467289719626174,a,0.3773193359375,ok,1.0,1.0,4,1
s00-19,EC-PREMASS,test_gacc_trmap,wine,20,0,17,0.0,1.52587890625e-05,0.00027838559819647827,-0.05675675675675675,-0.07723512595851297,-0.03627838755500054,-0.05675675675675675,b,1.52587890625e-05,ok,0.00016021728515625,0.00016021728515625,3,1
s00-19,EC-PREMASS,test_gacc_trmap,satimage,20,0,20,117.0,0.6667900085449219,0.6540744227927089,-0.0010505836575875449,-0.016372759764048044,0.014271592448872954,-0.0010505836575875449,b,0.6667900085449219,ok,1.0,1.0,94,0
s00-19,EC-PREMASS,test_gacc_trmap,pendigits,20,0,20,4.0,1.33514404296875e-05,1.33514404296875e-05,-0.03299999999999999,-0.045143081734962946,-0.02085691826503703,-0.03299999999999999,b,1.33514404296875e-05,ok,0.00016021728515625,0.00016021728515625,217,0
s00-19,EC-PREMASS,test_gacc_trmap,digits_pca16,20,0,20,8.0,4.76837158203125e-05,0.00029280420251613496,-0.06550279329608938,-0.09020346152779386,-0.040802125064384895,-0.06550279329608938,b,4.76837158203125e-05,ok,0.0003814697265625,0.0003814697265625,35,0
s00-19,EC-PREMASS,test_gacc_trmap,digits_pca32,20,0,20,1.0,3.814697265625e-06,0.00010320278396347193,-0.0973463687150838,-0.12885116734442817,-0.06584157008573943,-0.0973463687150838,b,3.814697265625e-06,ok,4.9591064453125e-05,4.9591064453125e-05,35,0
s00-19,EC-PREMASS,test_gacc_trmap,letter,20,0,20,7.0,3.62396240234375e-05,0.00025328002722049375,-0.012674999999999997,-0.01731138645431732,-0.008038613545682673,-0.012674999999999997,b,3.62396240234375e-05,ok,0.0003261566162109375,0.0003261566162109375,314,0
s00-19,EC-PREMASS,test_gacc_trmap,mnist784_pca32 (20c),20,0,20,31.0,0.0042209625244140625,0.0042209625244140625,-0.028863733752321107,-0.046947887024576605,-0.01077958048006561,-0.028863733752321107,b,0.0042209625244140625,ok,0.025325775146484375,0.025325775146484375,667,0
s00-19,EC-PREMASS,test_gacc_trmap,mnist784_pca32 (50c),20,0,20,4.0,1.33514404296875e-05,1.33514404296875e-05,-0.05757716490425835,-0.07421686505364616,-0.04093746475487054,-0.05757716490425835,b,1.33514404296875e-05,ok,0.00016021728515625,0.00016021728515625,266,0
s00-19,EC-GF,test_mean_acc_trmap,cluster_skew_hard,20,0,1,0.0,1.0,0.31731050786291415,-0.006723484848484845,-0.020795900365813427,0.007348930668843737,-0.006723484848484845,b,1.0,ok,1.0,1.0,44,0
s00-19,EC-GF,test_mean_acc_trmap,cluster_skew_overlap,20,0,20,0.0,1.9073486328125e-06,8.832385863081276e-05,-0.050094696969697004,-0.05528296392936167,-0.04490643001003234,-0.050094696969697004,b,1.9073486328125e-06,ok,2.6702880859375e-05,2.6702880859375e-05,44,0
s00-19,EC-GF,test_mean_acc_trmap,dirichlet_0.03,20,0,4,0.0,0.125,0.06788915486182899,-0.005587121212121215,-0.014037737464595915,0.002863495040353485,-0.005587121212121215,b,0.125,ok,0.875,0.875,44,0
s00-19,EC-GF,test_mean_acc_trmap,dirichlet_0.1,20,0,6,15.0,0.4375,0.3454475304692257,0.008617424242424227,-0.010210985643132485,0.02744583412798094,0.008617424242424227,a,0.4375,ok,1.0,1.0,44,0
s00-19,EC-GF,test_mean_acc_trmap,overlap_noise,20,0,19,0.0,3.814697265625e-06,8.782404130245518e-05,-0.009280303030303,-0.011468582462555253,-0.007092023598050746,-0.009280303030303,b,3.814697265625e-06,ok,4.9591064453125e-05,4.9591064453125e-05,44,0
s00-19,EC-GF,test_mean_acc_trmap,quantity_skew_extreme,20,0,16,128.0,0.000762939453125,0.0019187660162923675,0.041119716497020634,0.015816658566945634,0.06642277442709563,0.041119716497020634,a,0.000762939453125,ok,0.008392333984375,0.008392333984375,4,1
s00-19,EC-GF,test_mean_acc_trmap,wine,20,0,15,13.5,0.00640869140625,0.010343987056374989,-0.02624999999999999,-0.04347362590160334,-0.009026374098396635,-0.02624999999999999,b,0.00640869140625,ok,0.0640869140625,0.0640869140625,3,1
s00-19,EC-GF,test_mean_acc_trmap,satimage,20,0,20,66.0,0.15364646911621094,0.15364646911621094,-0.007895554030351576,-0.016705431232534717,0.0009143231718315645,-0.007895554030351576,b,0.15364646911621094,ok,0.875,0.875,94,0
s00-19,EC-GF,test_mean_acc_trmap,pendigits,20,0,20,65.0,0.14290618896484375,0.14290618896484375,-0.011636015538996874,-0.027387164771920283,0.004115133693926534,-0.011636015538996874,b,0.14290618896484375,ok,0.875,0.875,217,0
s00-19,EC-GF,test_mean_acc_trmap,digits_pca16,20,0,20,56.0,0.069580078125,0.069580078125,-0.013670634920634922,-0.02979258095835071,0.0024513111170808687,-0.013670634920634922,b,0.069580078125,ok,0.556640625,0.556640625,35,0
s00-19,EC-GF,test_mean_acc_trmap,digits_pca32,20,0,20,36.0,0.00830841064453125,0.00830841064453125,-0.04009523809523808,-0.06752547420744336,-0.0126650019830328,-0.04009523809523808,b,0.00830841064453125,ok,0.07477569580078125,0.07477569580078125,35,0
s00-19,EC-GF,test_mean_acc_trmap,letter,20,0,20,18.0,0.0004825592041015625,0.0004825592041015625,-0.008208130004486374,-0.012692909193542318,-0.00372335081543043,-0.008208130004486374,b,0.0004825592041015625,ok,0.00579071044921875,0.00579071044921875,314,0
s00-19,EC-GF,test_mean_acc_trmap,mnist784_pca32 (20c),20,0,20,124.0,0.49800872802734375,0.49800872802734375,0.00443640868020867,-0.008718646574196616,0.017591463934613957,0.00443640868020867,a,0.49800872802734375,ok,1.0,1.0,667,0
s00-19,EC-GF,test_mean_acc_trmap,mnist784_pca32 (50c),20,0,20,110.0,0.8694877624511719,0.8694877624511719,0.0015142640500346444,-0.01723059027073682,0.020259118370806108,0.0015142640500346444,a,0.8694877624511719,ok,1.0,1.0,266,0
s00-19,EC-PREMASS,test_mean_acc_trmap,cluster_skew_hard,20,0,3,2.0,0.75,0.5929800980174267,-0.0034090909090909007,-0.022083406705237504,0.015265224887055704,-0.0034090909090909007,b,0.75,ok,1.0,1.0,44,0
s00-19,EC-PREMASS,test_mean_acc_trmap,cluster_skew_overlap,20,0,20,0.0,1.9073486328125e-06,8.81987020419445e-05,-0.030776515151515183,-0.035136744840116176,-0.026416285462914187,-0.030776515151515183,b,1.9073486328125e-06,ok,2.6702880859375e-05,2.6702880859375e-05,44,0
s00-19,EC-PREMASS,test_mean_acc_trmap,dirichlet_0.03,20,0,5,4.0,0.4375,0.34523107177184,-0.005776515151515138,-0.03464029165264386,0.02308726134961358,-0.005776515151515138,b,0.4375,ok,1.0,1.0,44,0
s00-19,EC-PREMASS,test_mean_acc_trmap,dirichlet_0.1,20,0,5,3.0,0.3125,0.22491588401596185,-0.0178030303030303,-0.04520112170173972,0.009595061095679123,-0.0178030303030303,b,0.3125,ok,1.0,1.0,44,0
s00-19,EC-PREMASS,test_mean_acc_trmap,overlap_noise,20,0,19,19.0,0.001110076904296875,0.0017082352800367637,-0.01477272727272721,-0.04799897939676876,0.018453524851314344,-0.01477272727272721,b,0.001110076904296875,ok,0.01110076904296875,0.01110076904296875,44,0
s00-19,EC-PREMASS,test_mean_acc_trmap,quantity_skew_extreme,20,0,15,103.0,0.012451171875,0.014596605678345817,0.03881602620369904,0.011014811239892428,0.06661724116750566,0.03881602620369904,a,0.012451171875,ok,0.099609375,0.099609375,4,1
s00-19,EC-PREMASS,test_mean_acc_trmap,wine,20,0,18,0.0,7.62939453125e-06,0.00019268390343588535,-0.04666666666666665,-0.0625921917948589,-0.03074114153847439,-0.04666666666666665,b,7.62939453125e-06,ok,9.918212890625e-05,9.918212890625e-05,3,1
s00-19,EC-PREMASS,test_mean_acc_trmap,satimage,20,0,20,119.0,0.6215133666992188,0.6215133666992188,-0.0021760329444063253,-0.01414555878291434,0.00979349289410169,-0.0021760329444063253,b,0.6215133666992188,ok,1.0,1.0,94,0
s00-19,EC-PREMASS,test_mean_acc_trmap,pendigits,20,0,20,6.0,2.6702880859375e-05,2.6702880859375e-05,-0.02934248302514657,-0.040746150725146126,-0.017938815325147017,-0.02934248302514657,b,2.6702880859375e-05,ok,0.000293731689453125,0.000293731689453125,217,0
s00-19,EC-PREMASS,test_mean_acc_trmap,digits_pca16,20,0,20,36.0,0.00830841064453125,0.00830841064453125,-0.028079365079365093,-0.0477044541241236,-0.008454276034606585,-0.028079365079365093,b,0.00830841064453125,ok,0.07477569580078125,0.07477569580078125,35,0
s00-19,EC-PREMASS,test_mean_acc_trmap,digits_pca32,20,0,20,3.0,9.5367431640625e-06,9.5367431640625e-06,-0.07705952380952381,-0.10246565567491259,-0.05165339194413504,-0.07705952380952381,b,9.5367431640625e-06,ok,0.00011444091796875,0.00011444091796875,35,0
s00-19,EC-PREMASS,test_mean_acc_trmap,letter,20,0,20,70.0,0.20244979858398438,0.20244979858398438,-0.003526120650652301,-0.008602693948929232,0.00155045264762463,-0.003526120650652301,b,0.20244979858398438,ok,1.0,1.0,314,0
s00-19,EC-PREMASS,test_mean_acc_trmap,mnist784_pca32 (20c),20,0,20,161.0,0.03623390197753906,0.03623390197753906,0.02370545315329544,0.0034726605401365802,0.043938245766454304,0.02370545315329544,a,0.03623390197753906,ok,0.25363731384277344,0.25363731384277344,667,0
s00-19,EC-PREMASS,test_mean_acc_trmap,mnist784_pca32 (50c),20,0,20,78.0,0.3299827575683594,0.3299827575683594,-0.01037327053591624,-0.03038083217909713,0.00963429110726465,-0.01037327053591624,b,0.3299827575683594,ok,1.0,1.0,266,0
s00-19,EC-GF,test_worst_acc_trmap,cluster_skew_hard,20,0,1,0.0,1.0,0.31731050786291415,-0.02954545454545454,-0.0913848016075182,0.03229389251660912,-0.02954545454545454,b,1.0,ok,1.0,1.0,44,0
s00-19,EC-GF,test_worst_acc_trmap,cluster_skew_overlap,20,0,20,0.0,1.9073486328125e-06,8.116742516708737e-05,-0.07045454545454545,-0.08421533347486534,-0.05669375743422556,-0.07045454545454545,b,1.9073486328125e-06,ok,2.6702880859375e-05,2.6702880859375e-05,44,0
s00-19,EC-GF,test_worst_acc_trmap,dirichlet_0.03,20,0,4,0.0,0.125,0.06559969214707187,-0.013636363636363636,-0.031367913840883034,0.004095186568155761,-0.013636363636363636,b,0.125,ok,1.0,1.0,44,0
s00-19,EC-GF,test_worst_acc_trmap,dirichlet_0.1,20,0,5,6.5,0.875,0.7864570351373764,-0.010227272727272729,-0.038574865757090765,0.01812032030254531,-0.010227272727272729,b,0.875,ok,1.0,1.0,44,0
s00-19,EC-GF,test_worst_acc_trmap,overlap_noise,20,0,10,4.0,0.015625,0.012225087587457363,-0.01363636363636363,-0.023638306876163084,-0.0036344203965641766,-0.01363636363636363,b,0.015625,ok,0.1875,0.1875,44,0
s00-19,EC-GF,test_worst_acc_trmap,quantity_skew_extreme,20,0,12,60.0,0.10546875,0.09948088075636445,0.07299439999324792,-0.0029627872244867987,0.14895158721098262,0.07299439999324792,a,0.10546875,ok,1.0,1.0,4,1
s00-19,EC-GF,test_worst_acc_trmap,wine,20,0,7,1.0,0.03125,0.026603454938603385,-0.075,-0.1368607417994399,-0.013139258200560097,-0.075,b,0.03125,ok,0.34375,0.34375,3,1
s00-19,EC-GF,test_worst_acc_trmap,satimage,20,0,19,116.0,0.4123039245605469,0.3980151668472035,0.01094671699839854,-0.013010062434124389,0.03490349643092147,0.01094671699839854,a,0.4123039245605469,ok,1.0,1.0,94,0
s00-19,EC-GF,test_worst_acc_trmap,pendigits,20,0,19,78.0,0.508636474609375,0.49363870545706645,-0.007372297295529065,-0.03161654111832578,0.016871946527267645,-0.007372297295529065,b,0.508636474609375,ok,1.0,1.0,217,0
s00-19,EC-GF,test_worst_acc_trmap,digits_pca16,20,0,18,51.5,0.1428680419921875,0.10203276013148771,-0.030674603174603177,-0.07254248635804637,0.011193280008840015,-0.030674603174603177,b,0.1428680419921875,ok,1.0,1.0,35,0
s00-19,EC-GF,test_worst_acc_trmap,digits_pca32,20,0,18,58.5,0.250457763671875,0.2393723084716407,-0.040793650793650785,-0.10273461943684652,0.021147317849544947,-0.040793650793650785,b,0.250457763671875,ok,1.0,1.0,35,0
s00-19,EC-GF,test_worst_acc_trmap,letter,20,0,20,87.5,0.52801513671875,0.5135122084474673,-0.004014471814374282,-0.014219415127355542,0.006190471498606978,-0.004014471814374282,b,0.52801513671875,ok,1.0,1.0,314,0
s00-19,EC-GF,test_worst_acc_trmap,mnist784_pca32 (20c),20,0,20,20.0,0.0007076263427734375,0.0007076263427734375,-0.031611073770391455,-0.0482303453864371,-0.014991802154345809,-0.031611073770391455,b,0.0007076263427734375,ok,0.009199142456054688,0.009199142456054688,667,0
s00-19,EC-GF,test_worst_acc_trmap,mnist784_pca32 (50c),20,0,20,67.5,0.1678333282470703,0.17685317993164062,-0.01996125675788701,-0.04516736058384592,0.005244847068071899,-0.01996125675788701,b,0.1678333282470703,ok,1.0,1.0,266,0
s00-19,EC-PREMASS,test_worst_acc_trmap,cluster_skew_hard,20,0,3,0.0,0.25,0.10880943004054569,-0.0375,-0.09381316530610062,0.01881316530610063,-0.0375,b,0.25,ok,1.0,1.0,44,0
s00-19,EC-PREMASS,test_worst_acc_trmap,cluster_skew_overlap,20,0,17,0.0,1.52587890625e-05,0.00027288864585207705,-0.04204545454545454,-0.054136267230946014,-0.029954641859963063,-0.04204545454545454,b,1.52587890625e-05,ok,0.000213623046875,0.000213623046875,44,0
s00-19,EC-PREMASS,test_worst_acc_trmap,dirichlet_0.03,20,0,6,6.0,0.40625,0.3454475304692257,-0.01704545454545455,-0.09648403180927417,0.062393122718365064,-0.01704545454545455,b,0.40625,ok,1.0,1.0,44,0
s00-19,EC-PREMASS,test_worst_acc_trmap,dirichlet_0.1,20,0,5,0.0,0.0625,0.042168197097155954,-0.07159090909090908,-0.15143324284265264,0.008251424660834478,-0.07159090909090908,b,0.0625,ok,0.5,0.5,44,0
s00-19,EC-PREMASS,test_worst_acc_trmap,overlap_noise,20,0,9,9.5,0.15625,0.1723162624683927,-0.02727272727272726,-0.08233751156238027,0.027792057016925747,-0.02727272727272726,b,0.15625,ok,0.9375,0.9375,44,0
s00-19,EC-PREMASS,test_worst_acc_trmap,quantity_skew_extreme,20,0,11,42.0,0.46484375,0.4235963177660037,0.04581084046521834,-0.028717214224997442,0.12033889515543413,0.04581084046521834,a,0.46484375,ok,1.0,1.0,4,1
s00-19,EC-PREMASS,test_worst_acc_trmap,wine,20,0,12,3.0,0.0029296875,0.004258391132404379,-0.10416666666666667,-0.16468636079704757,-0.043646972536285765,-0.10416666666666667,b,0.0029296875,ok,0.03515625,0.03515625,3,1
s00-19,EC-PREMASS,test_worst_acc_trmap,satimage,20,0,20,165.5,0.022052764892578125,0.023882134259345145,0.027370906733775645,0.0039016003775502323,0.05084021309000106,0.027370906733775645,a,0.022052764892578125,ok,0.22052764892578125,0.22052764892578125,94,0
s00-19,EC-PREMASS,test_worst_acc_trmap,pendigits,20,0,20,32.0,0.0046901702880859375,0.00485992431640625,-0.029234594581131746,-0.048361025383802256,-0.010108163778461236,-0.029234594581131746,b,0.0046901702880859375,ok,0.05159187316894531,0.05159187316894531,217,0
s00-19,EC-PREMASS,test_worst_acc_trmap,digits_pca16,20,0,18,62.0,0.31757354736328125,0.2946639415633202,-0.020873015873015866,-0.06632695035262452,0.024580918606592787,-0.020873015873015866,b,0.31757354736328125,ok,1.0,1.0,35,0
s00-19,EC-PREMASS,test_worst_acc_trmap,digits_pca32,20,0,19,46.5,0.050342559814453125,0.04848810124899755,-0.061190476190476184,-0.11914049284128582,-0.0032404595396665486,-0.061190476190476184,b,0.050342559814453125,ok,0.4530830383300781,0.4530830383300781,35,0
s00-19,EC-PREMASS,test_worst_acc_trmap,letter,20,0,18,125.0,0.0897674560546875,0.08538899791882958,0.007641201666092748,-0.002514435302888582,0.01779683863507408,0.007641201666092748,a,0.0897674560546875,ok,0.6283721923828125,0.6283721923828125,314,0
s00-19,EC-PREMASS,test_worst_acc_trmap,mnist784_pca32 (20c),20,0,20,81.0,0.38837623596191406,0.38837623596191406,-0.012573414564024776,-0.039307950775825634,0.014161121647776085,-0.012573414564024776,b,0.38837623596191406,ok,1.0,1.0,667,0
s00-19,EC-PREMASS,test_worst_acc_trmap,mnist784_pca32 (50c),20,0,20,10.0,8.20159912109375e-05,8.20159912109375e-05,-0.04580574866353513,-0.06637818134258365,-0.025233315984486606,-0.04580574866353513,b,8.20159912109375e-05,ok,0.0010662078857421875,0.0010662078857421875,266,0
s00-19,EC-GF,test_gacc,cluster_skew_hard,20,0,1,0.0,1.0,0.31731050786291415,-0.017045454545454548,-0.05272200092741436,0.018631091836505267,-0.017045454545454548,b,1.0,ok,1.0,1.0,44,0
s00-19,EC-GF,test_gacc,cluster_skew_overlap,20,0,20,0.0,1.9073486328125e-06,8.782404130245518e-05,-0.05009469696969697,-0.055282963929361634,-0.044906430010032305,-0.05009469696969697,b,1.9073486328125e-06,ok,2.6702880859375e-05,2.6702880859375e-05,44,0
s00-19,EC-GF,test_gacc,dirichlet_0.03,20,0,4,0.0,0.125,0.06788915486182899,-0.008238636363636365,-0.02015955797662615,0.0036822852493534203,-0.008238636363636365,b,0.125,ok,0.5,0.5,44,0
s00-19,EC-GF,test_gacc,dirichlet_0.1,20,0,6,11.0,1.0,0.9160510722818964,0.003503787878787884,-0.009735272232365196,0.016742847989940964,0.003503787878787884,a,1.0,ok,1.0,1.0,44,0
s00-19,EC-GF,test_gacc,overlap_noise,20,0,19,0.0,3.814697265625e-06,0.00012794526507976144,-0.009280303030303028,-0.011468582462555282,-0.007092023598050773,-0.009280303030303028,b,3.814697265625e-06,ok,4.9591064453125e-05,4.9591064453125e-05,44,0
s00-19,EC-GF,test_gacc,quantity_skew_extreme,20,0,15,57.5,0.90179443359375,0.8869289244651865,0.011962616822429911,-0.016071600509332828,0.039996834154192654,0.011962616822429911,a,0.90179443359375,ok,1.0,1.0,4,1
s00-19,EC-GF,test_gacc,wine,20,0,14,10.0,0.005615234375,0.008489928759191925,-0.03243243243243242,-0.053196655111386826,-0.011668209753478018,-0.03243243243243242,b,0.005615234375,ok,0.039306640625,0.039306640625,3,1
s00-19,EC-GF,test_gacc,satimage,20,0,20,47.0,0.028821945190429688,0.029575347900390625,-0.009221789883268494,-0.020167524015418176,0.001723944248881188,-0.009221789883268494,b,0.028821945190429688,ok,0.17293167114257812,0.17293167114257812,94,0
s00-19,EC-GF,test_gacc,pendigits,20,0,19,49.0,0.0661773681640625,0.06412241549743318,-0.015681818181818203,-0.032880604802482616,0.0015169684388462133,-0.015681818181818203,b,0.0661773681640625,ok,0.3308868408203125,0.3308868408203125,217,0
s00-19,EC-GF,test_gacc,digits_pca16,20,0,19,18.0,0.00091552734375,0.0019296879369098152,-0.03812849162011172,-0.05894738205146501,-0.017309601188758426,-0.03812849162011172,b,0.00091552734375,ok,0.00732421875,0.00732421875,35,0
s00-19,EC-GF,test_gacc,digits_pca32,20,0,20,10.5,9.1552734375e-05,0.0004173545243309737,-0.0655027932960894,-0.09103433423113111,-0.03997125236104771,-0.0655027932960894,b,9.1552734375e-05,ok,0.00091552734375,0.00091552734375,35,0
s00-19,EC-GF,test_gacc,letter,20,0,20,17.0,0.000370025634765625,0.0003948211669921875,-0.0106875,-0.01590804933013203,-0.005466950669867973,-0.0106875,b,0.000370025634765625,ok,0.003330230712890625,0.003330230712890625,314,0
s00-19,EC-GF,test_gacc,mnist784_pca32 (20c),20,0,20,6.0,2.6702880859375e-05,2.6702880859375e-05,-0.040165690615626345,-0.0545980438837753,-0.02573333734747739,-0.040165690615626345,b,2.6702880859375e-05,ok,0.000293731689453125,0.000293731689453125,667,0
s00-19,EC-GF,test_gacc,mnist784_pca32 (50c),20,0,20,5.5,2.09808349609375e-05,0.0002032645811030621,-0.05015004286939125,-0.0649405575029725,-0.03535952823581,-0.05015004286939125,b,2.09808349609375e-05,ok,0.00025177001953125,0.00025177001953125,266,0
s00-19,EC-PREMASS,test_gacc,cluster_skew_hard,20,0,3,0.0,0.25,0.10880943004054569,-0.019696969696969692,-0.05767472273748717,0.01828078334354779,-0.019696969696969692,b,0.25,ok,1.0,1.0,44,0
s00-19,EC-PREMASS,test_gacc,cluster_skew_overlap,20,0,20,0.0,1.9073486328125e-06,8.745059215649787e-05,-0.030776515151515155,-0.03513674484011615,-0.02641628546291416,-0.030776515151515155,b,1.9073486328125e-06,ok,2.6702880859375e-05,2.6702880859375e-05,44,0
s00-19,EC-PREMASS,test_gacc,dirichlet_0.03,20,0,6,7.0,0.5625,0.463071015014588,-0.014867424242424243,-0.07061056866079828,0.040875720175949794,-0.014867424242424243,b,0.5625,ok,1.0,1.0,44,0
s00-19,EC-PREMASS,test_gacc,dirichlet_0.1,20,0,5,4.0,0.4375,0.34523107177184,-0.02073863636363636,-0.053917405731078144,0.01244013300380543,-0.02073863636363636,b,0.4375,ok,1.0,1.0,44,0
s00-19,EC-PREMASS,test_gacc,overlap_noise,20,0,19,18.0,0.000919342041015625,0.001933786923300596,-0.026136363636363645,-0.07785866204407674,0.025585934771349454,-0.026136363636363645,b,0.000919342041015625,ok,0.006435394287109375,0.006435394287109375,44,0
s00-19,EC-PREMASS,test_gacc,quantity_skew_extreme,20,0,14,40.5,0.470947265625,0.45103589747961725,0.02121495327102805,-0.01613981972445991,0.058569726266516006,0.02121495327102805,a,0.470947265625,ok,1.0,1.0,4,1
s00-19,EC-PREMASS,test_gacc,wine,20,0,17,0.0,1.52587890625e-05,0.00027838559819647827,-0.05675675675675675,-0.07723512595851297,-0.03627838755500054,-0.05675675675675675,b,1.52587890625e-05,ok,0.0001373291015625,0.0001373291015625,3,1
s00-19,EC-PREMASS,test_gacc,satimage,20,0,20,114.5,0.7351226806640625,0.7227745822560927,0.000311284046692617,-0.012599397371373746,0.01322196546475898,0.000311284046692617,a,0.7351226806640625,ok,1.0,1.0,94,0
s00-19,EC-PREMASS,test_gacc,pendigits,20,0,20,3.0,9.5367431640625e-06,9.5367431640625e-06,-0.03490909090909091,-0.04695393514659019,-0.02286424667159163,-0.03490909090909091,b,9.5367431640625e-06,ok,0.0001049041748046875,0.0001049041748046875,217,0
s00-19,EC-PREMASS,test_gacc,digits_pca16,20,0,20,9.0,6.103515625e-05,0.00033805010033583437,-0.061871508379888265,-0.08666957896387481,-0.03707343779590172,-0.061871508379888265,b,6.103515625e-05,ok,0.00048828125,0.00048828125,35,0
s00-19,EC-PREMASS,test_gacc,digits_pca32,20,0,20,0.0,1.9073486328125e-06,8.844915021211902e-05,-0.09622905027932961,-0.1244863905566701,-0.06797171000198912,-0.09622905027932961,b,1.9073486328125e-06,ok,2.6702880859375e-05,2.6702880859375e-05,35,0
s00-19,EC-PREMASS,test_gacc,letter,20,0,20,0.0,1.9073486328125e-06,8.81987020419445e-05,-0.013299999999999996,-0.01694457050949718,-0.009655429490502812,-0.013299999999999996,b,1.9073486328125e-06,ok,2.6702880859375e-05,2.6702880859375e-05,314,0
s00-19,EC-PREMASS,test_gacc,mnist784_pca32 (20c),20,0,20,31.0,0.0042209625244140625,0.0042209625244140625,-0.028910155692044005,-0.0468696855291395,-0.010950625854948513,-0.028910155692044005,b,0.0042209625244140625,ok,0.025325775146484375,0.025325775146484375,667,0
s00-19,EC-PREMASS,test_gacc,mnist784_pca32 (50c),20,0,20,4.0,1.33514404296875e-05,1.33514404296875e-05,-0.05731280365818805,-0.07377511041298165,-0.04085049690339444,-0.05731280365818805,b,1.33514404296875e-05,ok,0.000133514404296875,0.000133514404296875,266,0
s00-19,EC-GF,test_mean_acc_refit,cluster_skew_hard,20,0,1,0.0,1.0,0.31731050786291415,-0.005776515151515144,-0.017866900314290394,0.006313870011260107,-0.005776515151515144,b,1.0,ok,1.0,1.0,44,0
s00-19,EC-GF,test_mean_acc_refit,cluster_skew_overlap,20,0,20,0.0,1.9073486328125e-06,8.832385863081276e-05,-0.050094696969697004,-0.05528296392936167,-0.04490643001003234,-0.050094696969697004,b,1.9073486328125e-06,ok,2.6702880859375e-05,2.6702880859375e-05,44,0
s00-19,EC-GF,test_mean_acc_refit,dirichlet_0.03,20,0,4,0.0,0.125,0.06788915486182899,-0.003409090909090923,-0.007641549547784376,0.0008233677296025301,-0.003409090909090923,b,0.125,ok,0.75,0.75,44,0
s00-19,EC-GF,test_mean_acc_refit,dirichlet_0.1,20,0,6,14.5,0.46875,0.463071015014588,0.006912878787878785,-0.007533060621645503,0.02135881819740307,0.006912878787878785,a,0.46875,ok,1.0,1.0,44,0
s00-19,EC-GF,test_mean_acc_refit,overlap_noise,20,0,19,0.0,3.814697265625e-06,8.807368035275506e-05,-0.009469696969696944,-0.01173412927097079,-0.0072052646684230975,-0.009469696969696944,b,3.814697265625e-06,ok,4.9591064453125e-05,4.9591064453125e-05,44,0
s00-19,EC-GF,test_mean_acc_refit,quantity_skew_extreme,20,0,16,113.0,0.01824951171875,0.01997087542560568,0.018109164261237976,0.001831069051876806,0.034387259470599146,0.018109164261237976,a,0.01824951171875,ok,0.17578125,0.17578125,4,1
s00-19,EC-GF,test_mean_acc_refit,wine,20,0,13,12.0,0.017578125,0.020511393686911312,-0.020833333333333332,-0.036408133727099314,-0.005258532939567349,-0.020833333333333332,b,0.017578125,ok,0.17578125,0.17578125,3,1
s00-19,EC-GF,test_mean_acc_refit,satimage,20,0,20,64.0,0.13272666931152344,0.13272666931152344,-0.006898431327690057,-0.015288687800455503,0.001491825145075388,-0.006898431327690057,b,0.13272666931152344,ok,0.75,0.75,94,0
s00-19,EC-GF,test_mean_acc_refit,pendigits,20,0,20,58.0,0.082550048828125,0.082550048828125,-0.01242816995004033,-0.027010591285480348,0.002154251385399689,-0.01242816995004033,b,0.082550048828125,ok,0.61956787109375,0.61956787109375,217,0
s00-19,EC-GF,test_mean_acc_refit,digits_pca16,20,0,20,57.5,0.07744598388671875,0.07615312744866509,-0.01343253968253969,-0.028077973945617327,0.001212894580537945,-0.01343253968253969,b,0.07744598388671875,ok,0.61956787109375,0.61956787109375,35,0
s00-19,EC-GF,test_mean_acc_refit,digits_pca32,20,0,20,41.0,0.01531219482421875,0.01531219482421875,-0.033436507936507945,-0.05662785416518677,-0.010245161707829114,-0.033436507936507945,b,0.01531219482421875,ok,0.16843414306640625,0.16843414306640625,35,0
s00-19,EC-GF,test_mean_acc_refit,letter,20,0,20,25.0,0.001689910888671875,0.001689910888671875,-0.006494673919188179,-0.010185399057766768,-0.0028039487806095897,-0.006494673919188179,b,0.001689910888671875,ok,0.0202789306640625,0.0202789306640625,314,0
s00-19,EC-GF,test_mean_acc_refit,mnist784_pca32 (20c),20,0,20,121.0,0.5705966949462891,0.5705966949462891,0.0047779582381199445,-0.008718302116346308,0.018274218592586197,0.0047779582381199445,a,0.5705966949462891,ok,1.0,1.0,667,0
s00-19,EC-GF,test_mean_acc_refit,mnist784_pca32 (50c),20,0,20,111.0,0.8408222198486328,0.8408222198486328,0.0015262963188304945,-0.016474234440975597,0.019526827078636583,0.0015262963188304945,a,0.8408222198486328,ok,1.0,1.0,266,0
s00-19,EC-PREMASS,test_mean_acc_refit,cluster_skew_hard,20,0,3,2.0,0.75,0.5929800980174267,-0.0017045454545454475,-0.020071410105658046,0.01666231919656715,-0.0017045454545454475,b,0.75,ok,1.0,1.0,44,0
s00-19,EC-PREMASS,test_mean_acc_refit,cluster_skew_overlap,20,0,20,0.0,1.9073486328125e-06,8.81987020419445e-05,-0.030776515151515166,-0.03513674484011616,-0.02641628546291417,-0.030776515151515166,b,1.9073486328125e-06,ok,2.6702880859375e-05,2.6702880859375e-05,44,0
s00-19,EC-PREMASS,test_mean_acc_refit,dirichlet_0.03,20,0,5,8.0,1.0,0.892738400944348,-0.003219696969696967,-0.02947353793596789,0.02303414399657396,-0.003219696969696967,b,1.0,ok,1.0,1.0,44,0
s00-19,EC-PREMASS,test_mean_acc_refit,dirichlet_0.1,20,0,5,3.0,0.3125,0.22491588401596185,-0.014962121212121204,-0.03893679874086487,0.009012556316622462,-0.014962121212121204,b,0.3125,ok,1.0,1.0,44,0
s00-19,EC-PREMASS,test_mean_acc_refit,overlap_noise,20,0,19,19.0,0.001110076904296875,0.0017098284498595065,-0.014393939393939353,-0.044727354877824546,0.015939476089945843,-0.014393939393939353,b,0.001110076904296875,ok,0.01110076904296875,0.01110076904296875,44,0
s00-19,EC-PREMASS,test_mean_acc_refit,quantity_skew_extreme,20,0,15,112.0,0.00152587890625,0.003142928531165604,0.02929964924348567,0.008902121202058213,0.04969717728491313,0.02929964924348567,a,0.00152587890625,ok,0.01373291015625,0.01373291015625,4,1
s00-19,EC-PREMASS,test_mean_acc_refit,wine,20,0,14,3.0,0.000732421875,0.0022660963183243005,-0.03416666666666665,-0.05123269736765619,-0.01710063596567711,-0.03416666666666665,b,0.000732421875,ok,0.008056640625,0.008056640625,3,1
s00-19,EC-PREMASS,test_mean_acc_refit,satimage,20,0,20,133.0,0.3117942810058594,0.3117942810058594,-0.0027449897048730464,-0.014879093009872762,0.009389113600126668,-0.0027449897048730464,b,0.3117942810058594,ok,1.0,1.0,94,0
s00-19,EC-PREMASS,test_mean_acc_refit,pendigits,20,0,20,6.0,2.6702880859375e-05,2.6702880859375e-05,-0.028484661291179846,-0.04027745059594434,-0.01669187198641535,-0.028484661291179846,b,2.6702880859375e-05,ok,0.0003204345703125,0.0003204345703125,217,0
s00-19,EC-PREMASS,test_mean_acc_refit,digits_pca16,20,0,20,30.0,0.00365447998046875,0.00365447998046875,-0.030571428571428583,-0.050137631162756394,-0.011005225980100768,-0.030571428571428583,b,0.00365447998046875,ok,0.02923583984375,0.02923583984375,35,0
s00-19,EC-PREMASS,test_mean_acc_refit,digits_pca32,20,0,20,0.0,1.9073486328125e-06,1.9073486328125e-06,-0.06582539682539681,-0.08516007357002733,-0.046490720080766296,-0.06582539682539681,b,1.9073486328125e-06,ok,2.6702880859375e-05,2.6702880859375e-05,35,0
s00-19,EC-PREMASS,test_mean_acc_refit,letter,20,0,20,72.0,0.2305126190185547,0.2305126190185547,-0.0032855860746140554,-0.008086348958261009,0.0015151768090328989,-0.0032855860746140554,b,0.2305126190185547,ok,1.0,1.0,314,0
s00-19,EC-PREMASS,test_mean_acc_refit,mnist784_pca32 (20c),20,0,20,165.0,0.023950576782226562,0.023950576782226562,0.024970449270801335,0.0051467983909791945,0.044794100150623475,0.024970449270801335,a,0.023950576782226562,ok,0.16765403747558594,0.16765403747558594,667,0
s00-19,EC-PREMASS,test_mean_acc_refit,mnist784_pca32 (50c),20,0,20,80.0,0.36827659606933594,0.36827659606933594,-0.00856562524170493,-0.027857747421157316,0.010726496937747455,-0.00856562524170493,b,0.36827659606933594,ok,1.0,1.0,266,0
s00-19,EC-GF,fcm_obj,cluster_skew_hard,20,0,20,174.0,0.00830841064453125,0.00830841064453125,-0.10138513821646086,-0.29223168417785683,0.08946140774493508,0.10138513821646086,a,0.00830841064453125,ok,0.02492523193359375,0.02492523193359375,44,0
s00-19,EC-GF,fcm_obj,cluster_skew_overlap,20,0,20,0.0,1.9073486328125e-06,1.9073486328125e-06,0.029670186069412872,0.022908083114219224,0.03643228902460652,-0.029670186069412872,b,1.9073486328125e-06,ok,2.6702880859375e-05,2.6702880859375e-05,44,0
s00-19,EC-GF,fcm_obj,dirichlet_0.03,20,0,20,210.0,1.9073486328125e-06,1.9073486328125e-06,-0.7456409754177274,-0.9459343868301264,-0.5453475640053285,0.7456409754177274,a,1.9073486328125e-06,ok,2.6702880859375e-05,2.6702880859375e-05,44,0
s00-19,EC-GF,fcm_obj,dirichlet_0.1,20,0,20,129.0,0.38837623596191406,0.38837623596191406,-0.0487859279773883,-0.1583099010663167,0.060738045111540115,0.0487859279773883,a,0.38837623596191406,ok,0.43233489990234375,0.43233489990234375,44,0
s00-19,EC-GF,fcm_obj,overlap_noise,20,0,20,139.0,0.21616744995117188,0.21616744995117188,-0.004835111056557029,-0.012368474227388999,0.002698252114274942,0.004835111056557029,a,0.21616744995117188,ok,0.43233489990234375,0.43233489990234375,44,0
s00-19,EC-GF,fcm_obj,quantity_skew_extreme,20,0,20,202.0,4.76837158203125e-05,4.76837158203125e-05,-0.44580655959492266,-0.7087193938296139,-0.18289372536023135,0.44580655959492266,a,4.76837158203125e-05,ok,0.00019073486328125,0.00019073486328125,4,0
s00-19,EC-GF,fcm_obj,wine,20,0,20,210.0,1.9073486328125e-06,1.9073486328125e-06,-0.3398685423994161,-0.3615938961031516,-0.3181431886956806,0.3398685423994161,a,1.9073486328125e-06,ok,2.6702880859375e-05,2.6702880859375e-05,3,0
s00-19,EC-GF,fcm_obj,satimage,20,0,20,209.0,3.814697265625e-06,3.814697265625e-06,-0.04371876498918894,-0.05035572219066505,-0.03708180778771283,0.04371876498918894,a,3.814697265625e-06,ok,2.6702880859375e-05,2.6702880859375e-05,94,0
s00-19,EC-GF,fcm_obj,pendigits,20,0,20,208.0,5.7220458984375e-06,5.7220458984375e-06,-0.1660679990933601,-0.22259548065774198,-0.1095405175289782,0.1660679990933601,a,5.7220458984375e-06,ok,2.86102294921875e-05,2.86102294921875e-05,217,0
s00-19,EC-GF,fcm_obj,digits_pca16,20,0,20,210.0,1.9073486328125e-06,1.9073486328125e-06,-0.38090395112625847,-0.43342071030479123,-0.3283871919477257,0.38090395112625847,a,1.9073486328125e-06,ok,2.6702880859375e-05,2.6702880859375e-05,35,0
s00-19,EC-GF,fcm_obj,digits_pca32,20,0,20,210.0,1.9073486328125e-06,1.9073486328125e-06,-1.4108399621949745,-1.5925888649143016,-1.2290910594756475,1.4108399621949745,a,1.9073486328125e-06,ok,2.6702880859375e-05,2.6702880859375e-05,35,0
s00-19,EC-GF,fcm_obj,letter,20,0,20,210.0,1.9073486328125e-06,1.9073486328125e-06,-0.34740562557927823,-0.3772332968942196,-0.3175779542643369,0.34740562557927823,a,1.9073486328125e-06,ok,2.6702880859375e-05,2.6702880859375e-05,314,0
s00-19,EC-GF,fcm_obj,mnist784_pca32 (20c),20,0,20,210.0,1.9073486328125e-06,1.9073486328125e-06,-1.2189247133179073,-1.3336611974294026,-1.104188229206412,1.2189247133179073,a,1.9073486328125e-06,ok,2.6702880859375e-05,2.6702880859375e-05,667,0
s00-19,EC-GF,fcm_obj,mnist784_pca32 (50c),20,0,20,210.0,1.9073486328125e-06,1.9073486328125e-06,-1.2751035091572331,-1.3823937608770922,-1.167813257437374,1.2751035091572331,a,1.9073486328125e-06,ok,2.6702880859375e-05,2.6702880859375e-05,266,0
s00-19,EC-PREMASS,fcm_obj,cluster_skew_hard,20,0,20,83.0,0.4304332733154297,0.4304332733154297,-0.20760666917292334,-0.6806005820548737,0.2653872437090271,0.20760666917292334,a,0.4304332733154297,ok,0.8608665466308594,0.8608665466308594,44,0
s00-19,EC-PREMASS,fcm_obj,cluster_skew_overlap,20,0,20,210.0,1.9073486328125e-06,1.9073486328125e-06,-0.10149530643428566,-0.10638354473152263,-0.09660706813704868,0.10149530643428566,a,1.9073486328125e-06,ok,2.6702880859375e-05,2.6702880859375e-05,44,0
s00-19,EC-PREMASS,fcm_obj,dirichlet_0.03,20,0,20,118.0,0.6476554870605469,0.6476554870605469,-0.4163574186133722,-1.117079065177848,0.28436422795110344,0.4163574186133722,a,0.6476554870605469,ok,0.8608665466308594,0.8608665466308594,44,0
s00-19,EC-PREMASS,fcm_obj,dirichlet_0.1,20,0,20,22.0,0.0010166168212890625,0.0010166168212890625,0.13473658492933566,-0.04616679995562381,0.3156399698142951,-0.13473658492933566,b,0.0010166168212890625,ok,0.00406646728515625,0.00406646728515625,44,0
s00-19,EC-PREMASS,fcm_obj,overlap_noise,20,0,20,156.0,0.058258056640625,0.058258056640625,-0.021947482298560982,-0.117296638559059,0.07340167396193703,0.021947482298560982,a,0.058258056640625,ok,0.174774169921875,0.174774169921875,44,0
s00-19,EC-PREMASS,fcm_obj,quantity_skew_extreme,20,0,20,193.0,0.0003948211669921875,0.0003948211669921875,-0.716037092594813,-1.1113000309478593,-0.32077415424176664,0.716037092594813,a,0.0003948211669921875,ok,0.0019741058349609375,0.0019741058349609375,4,0
s00-19,EC-PREMASS,fcm_obj,wine,20,0,20,210.0,1.9073486328125e-06,1.9073486328125e-06,-0.4086132733357301,-0.4333596452809091,-0.38386690139055113,0.4086132733357301,a,1.9073486328125e-06,ok,2.6702880859375e-05,2.6702880859375e-05,3,0
s00-19,EC-PREMASS,fcm_obj,satimage,20,0,20,210.0,1.9073486328125e-06,1.9073486328125e-06,-0.10733408044645039,-0.15073969519951053,-0.06392846569339025,0.10733408044645039,a,1.9073486328125e-06,ok,2.6702880859375e-05,2.6702880859375e-05,94,0
s00-19,EC-PREMASS,fcm_obj,pendigits,20,0,20,210.0,1.9073486328125e-06,1.9073486328125e-06,-0.21741218680810856,-0.2583615431875996,-0.17646283042861755,0.21741218680810856,a,1.9073486328125e-06,ok,2.6702880859375e-05,2.6702880859375e-05,217,0
s00-19,EC-PREMASS,fcm_obj,digits_pca16,20,0,20,210.0,1.9073486328125e-06,1.9073486328125e-06,-0.5014428290274526,-0.5571148212897648,-0.44577083676514045,0.5014428290274526,a,1.9073486328125e-06,ok,2.6702880859375e-05,2.6702880859375e-05,35,0
s00-19,EC-PREMASS,fcm_obj,digits_pca32,20,0,20,210.0,1.9073486328125e-06,1.9073486328125e-06,-1.4304879071622243,-1.571922602285605,-1.2890532120388436,1.4304879071622243,a,1.9073486328125e-06,ok,2.6702880859375e-05,2.6702880859375e-05,35,0
s00-19,EC-PREMASS,fcm_obj,letter,20,0,20,210.0,1.9073486328125e-06,1.9073486328125e-06,-0.3780547486859036,-0.42962695870921436,-0.32648253866259286,0.3780547486859036,a,1.9073486328125e-06,ok,2.6702880859375e-05,2.6702880859375e-05,314,0
s00-19,EC-PREMASS,fcm_obj,mnist784_pca32 (20c),20,0,20,210.0,1.9073486328125e-06,1.9073486328125e-06,-1.1761275802739353,-1.3297930031263256,-1.022462157421545,1.1761275802739353,a,1.9073486328125e-06,ok,2.6702880859375e-05,2.6702880859375e-05,667,0
s00-19,EC-PREMASS,fcm_obj,mnist784_pca32 (50c),20,0,20,210.0,1.9073486328125e-06,1.9073486328125e-06,-1.2581734283791803,-1.3677697762723182,-1.1485770804860425,1.2581734283791803,a,1.9073486328125e-06,ok,2.6702880859375e-05,2.6702880859375e-05,266,0
s00-19,EC-GF,mean_acc,cluster_skew_hard,20,0,1,0.0,1.0,0.31731050786291415,-0.006439393939393944,-0.019917200350356552,0.007038412471568662,-0.006439393939393944,b,1.0,ok,1.0,1.0,44,0
s00-19,EC-GF,mean_acc,cluster_skew_overlap,20,0,20,0.0,1.9073486328125e-06,8.844915021211902e-05,-0.05021306818181814,-0.05292752731572478,-0.047498609047911505,-0.05021306818181814,b,1.9073486328125e-06,ok,2.6702880859375e-05,2.6702880859375e-05,44,0
s00-19,EC-GF,mean_acc,dirichlet_0.03,20,0,3,0.0,0.25,0.10880943004054569,-0.0029592803030302982,-0.006444465700090575,0.0005259050940299784,-0.0029592803030302982,b,0.25,ok,1.0,1.0,44,0
s00-19,EC-GF,mean_acc,dirichlet_0.1,20,0,5,9.0,0.8125,0.6858304344516057,0.008285984848484852,-0.00766005894089709,0.024232028637866793,0.008285984848484852,a,0.8125,ok,1.0,1.0,44,0
s00-19,EC-GF,mean_acc,overlap_noise,20,0,20,0.0,1.9073486328125e-06,8.81987020419445e-05,-0.00949337121212121,-0.011653208801483649,-0.007333533622758771,-0.00949337121212121,b,1.9073486328125e-06,ok,2.6702880859375e-05,2.6702880859375e-05,44,0
s00-19,EC-GF,mean_acc,quantity_skew_extreme,20,0,16,133.0,0.000152587890625,0.0007764114990637486,0.023288090605544393,0.006764048501438236,0.03981213270965055,0.023288090605544393,a,0.000152587890625,ok,0.00152587890625,0.00152587890625,4,0
s00-19,EC-GF,mean_acc,wine,20,0,20,0.0,1.9073486328125e-06,8.844915021211902e-05,-0.03576121794871797,-0.04535678021632448,-0.026165655681111462,-0.03576121794871797,b,1.9073486328125e-06,ok,2.6702880859375e-05,2.6702880859375e-05,3,0
s00-19,EC-GF,mean_acc,satimage,20,0,20,51.0,0.04405403137207031,0.04405403137207031,-0.008669729611680466,-0.018539765953531934,0.0012003067301710017,-0.008669729611680466,b,0.04405403137207031,ok,0.3083782196044922,0.3083782196044922,94,0
s00-19,EC-GF,mean_acc,pendigits,20,0,20,65.0,0.14290618896484375,0.14290618896484375,-0.011500734537415685,-0.0270359267084772,0.0040344576336458285,-0.011500734537415685,b,0.14290618896484375,ok,0.8574371337890625,0.8574371337890625,217,0
s00-19,EC-GF,mean_acc,digits_pca16,20,0,20,23.0,0.001209259033203125,0.001209259033203125,-0.023002308538800524,-0.03484311174808444,-0.011161505329516607,-0.023002308538800524,b,0.001209259033203125,ok,0.010883331298828125,0.010883331298828125,35,0
s00-19,EC-GF,mean_acc,digits_pca32,20,0,20,8.0,4.76837158203125e-05,4.76837158203125e-05,-0.05943433482863923,-0.07983314129615277,-0.0390355283611257,-0.05943433482863923,b,4.76837158203125e-05,ok,0.0005245208740234375,0.0005245208740234375,35,0
s00-19,EC-GF,mean_acc,letter,20,0,20,25.0,0.001689910888671875,0.001689910888671875,-0.006494519067109228,-0.010419006057477464,-0.002570032076740992,-0.006494519067109228,b,0.001689910888671875,ok,0.013519287109375,0.013519287109375,314,0
s00-19,EC-GF,mean_acc,mnist784_pca32 (20c),20,0,20,125.0,0.47490501403808594,0.47490501403808594,0.005559112678868733,-0.008206810429196146,0.019325035786933613,0.005559112678868733,a,0.47490501403808594,ok,1.0,1.0,667,0
s00-19,EC-GF,mean_acc,mnist784_pca32 (50c),20,0,20,97.0,0.7841262817382812,0.7841262817382812,-0.002284884763261749,-0.019757378810207327,0.015187609283683828,-0.002284884763261749,b,0.7841262817382812,ok,1.0,1.0,266,0
s00-19,EC-PREMASS,mean_acc,cluster_skew_hard,20,0,3,2.0,0.75,0.5929800980174267,-0.001964962121212127,-0.02158899543717797,0.017659071194753715,-0.001964962121212127,b,0.75,ok,1.0,1.0,44,0
s00-19,EC-PREMASS,mean_acc,cluster_skew_overlap,20,0,20,0.0,1.9073486328125e-06,8.832385863081276e-05,-0.03004261363636359,-0.03223923321856104,-0.027845994054166132,-0.03004261363636359,b,1.9073486328125e-06,ok,2.6702880859375e-05,2.6702880859375e-05,44,0
s00-19,EC-PREMASS,mean_acc,dirichlet_0.03,20,0,6,11.0,1.0,0.916511907863894,-0.0035984848484848287,-0.028927793665766886,0.021730823968797226,-0.0035984848484848287,b,1.0,ok,1.0,1.0,44,0
s00-19,EC-PREMASS,mean_acc,dirichlet_0.1,20,0,4,0.0,0.125,0.06788915486182899,-0.017234848484848485,-0.04311348087028055,0.008643783900583586,-0.017234848484848485,b,0.125,ok,0.625,0.625,44,0
s00-19,EC-PREMASS,mean_acc,overlap_noise,20,0,20,19.0,0.0005626678466796875,0.001321961308240755,-0.01508049242424243,-0.047528785106877275,0.017367800258392418,-0.01508049242424243,b,0.0005626678466796875,ok,0.005626678466796875,0.005626678466796875,44,0
s00-19,EC-PREMASS,mean_acc,quantity_skew_extreme,20,0,16,119.0,0.00628662109375,0.008360653818070695,0.03178737758070786,0.004974562267653276,0.05860019289376245,0.03178737758070786,a,0.00628662109375,ok,0.05029296875,0.05029296875,4,0
s00-19,EC-PREMASS,mean_acc,wine,20,0,20,0.0,1.9073486328125e-06,1.9073486328125e-06,-0.05916277472527474,-0.06890489746785729,-0.04942065198269219,-0.05916277472527474,b,1.9073486328125e-06,ok,2.6702880859375e-05,2.6702880859375e-05,3,0
s00-19,EC-PREMASS,mean_acc,satimage,20,0,20,142.0,0.17685317993164062,0.17685317993164062,-0.0021509645317619674,-0.01514842543379114,0.010846496370267205,-0.0021509645317619674,b,0.17685317993164062,ok,0.7074127197265625,0.7074127197265625,94,0
s00-19,EC-PREMASS,mean_acc,pendigits,20,0,20,9.0,6.29425048828125e-05,6.29425048828125e-05,-0.026303557923708788,-0.03748209932856922,-0.015125016518848356,-0.026303557923708788,b,6.29425048828125e-05,ok,0.0006923675537109375,0.0006923675537109375,217,0
s00-19,EC-PREMASS,mean_acc,digits_pca16,20,0,20,21.0,0.000850677490234375,0.000850677490234375,-0.036199390715716526,-0.05477090752443038,-0.01762787390700267,-0.036199390715716526,b,0.000850677490234375,ok,0.007656097412109375,0.007656097412109375,35,0
s00-19,EC-PREMASS,mean_acc,digits_pca32,20,0,20,0.0,1.9073486328125e-06,1.9073486328125e-06,-0.07759858489685748,-0.09992628265686011,-0.05527088713685484,-0.07759858489685748,b,1.9073486328125e-06,ok,2.6702880859375e-05,2.6702880859375e-05,35,0
s00-19,EC-PREMASS,mean_acc,letter,20,0,20,41.0,0.01531219482421875,0.01531219482421875,-0.005559536362551351,-0.009825057626978356,-0.0012940150981243454,-0.005559536362551351,b,0.01531219482421875,ok,0.10718536376953125,0.10718536376953125,314,0
s00-19,EC-PREMASS,mean_acc,mnist784_pca32 (20c),20,0,20,163.0,0.029575347900390625,0.029575347900390625,0.025454495732723504,0.0046085039534649284,0.04630048751198208,0.025454495732723504,a,0.029575347900390625,ok,0.17745208740234375,0.17745208740234375,667,0
s00-19,EC-PREMASS,mean_acc,mnist784_pca32 (50c),20,0,20,78.0,0.3299827575683594,0.3299827575683594,-0.009967437174047416,-0.029768104086317575,0.009833229738222744,-0.009967437174047416,b,0.3299827575683594,ok,0.9899482727050781,0.9899482727050781,266,0
s00-19,EC-GF,gacc,cluster_skew_hard,20,0,1,0.0,1.0,0.31731050786291415,-0.018134469696969698,-0.05609035098666582,0.019821411592726428,-0.018134469696969698,b,1.0,ok,1.0,1.0,44,0
s00-19,EC-GF,gacc,cluster_skew_overlap,20,0,20,0.0,1.9073486328125e-06,8.782404130245518e-05,-0.0502130681818182,-0.05292752731572484,-0.04749860904791156,-0.0502130681818182,b,1.9073486328125e-06,ok,2.6702880859375e-05,2.6702880859375e-05,44,0
s00-19,EC-GF,gacc,dirichlet_0.03,20,0,3,0.0,0.25,0.10880943004054569,-0.007504734848484846,-0.0196728251068287,0.004663355409859009,-0.007504734848484846,b,0.25,ok,0.75,0.75,44,0
s00-19,EC-GF,gacc,dirichlet_0.1,20,0,5,8.0,1.0,0.892738400944348,0.004427083333333337,-0.008162335796350756,0.01701650246301743,0.004427083333333337,a,1.0,ok,1.0,1.0,44,0
s00-19,EC-GF,gacc,overlap_noise,20,0,20,0.0,1.9073486328125e-06,8.794879347050152e-05,-0.00949337121212121,-0.011653208801483649,-0.007333533622758771,-0.00949337121212121,b,1.9073486328125e-06,ok,2.6702880859375e-05,2.6702880859375e-05,44,0
s00-19,EC-GF,gacc,quantity_skew_extreme,20,0,15,85.0,0.164306640625,0.15563546075803855,0.017432052483598887,-0.009433932103693903,0.04429803707089168,0.017432052483598887,a,0.164306640625,ok,0.6572265625,0.6572265625,4,0
s00-19,EC-GF,gacc,wine,20,0,20,0.0,1.9073486328125e-06,8.720229793087962e-05,-0.040425531914893606,-0.0541365534783002,-0.02671451035148701,-0.040425531914893606,b,1.9073486328125e-06,ok,2.6702880859375e-05,2.6702880859375e-05,3,0
s00-19,EC-GF,gacc,satimage,20,0,20,47.0,0.02887725830078125,0.029575347900390625,-0.012303206997084537,-0.024529715145663447,-7.669884850562518e-05,-0.012303206997084537,b,0.02887725830078125,ok,0.1732635498046875,0.1732635498046875,94,0
s00-19,EC-GF,gacc,pendigits,20,0,20,55.0,0.06372261047363281,0.06372261047363281,-0.014160600545950867,-0.031215865817579864,0.0028946647256781304,-0.014160600545950867,b,0.06372261047363281,ok,0.31861305236816406,0.31861305236816406,217,0
s00-19,EC-GF,gacc,digits_pca16,20,0,20,3.5,1.1444091796875e-05,0.0001399457931085244,-0.04263377345378734,-0.059565868380288226,-0.025701678527286453,-0.04263377345378734,b,1.1444091796875e-05,ok,0.000102996826171875,0.000102996826171875,35,0
s00-19,EC-GF,gacc,digits_pca32,20,0,20,0.0,1.9073486328125e-06,8.844915021211902e-05,-0.08307852675469074,-0.10502994399307267,-0.061127109516308814,-0.08307852675469074,b,1.9073486328125e-06,ok,2.6702880859375e-05,2.6702880859375e-05,35,0
s00-19,EC-GF,gacc,letter,20,0,20,5.0,1.9073486328125e-05,0.0001887680428950374,-0.010999999999999992,-0.015160539110267237,-0.006839460889732749,-0.010999999999999992,b,1.9073486328125e-05,ok,0.000152587890625,0.000152587890625,314,0
s00-19,EC-GF,gacc,mnist784_pca32 (20c),20,0,20,5.0,1.9073486328125e-05,1.9073486328125e-05,-0.039946962391513983,-0.053931963350590556,-0.02596196143243741,-0.039946962391513983,b,1.9073486328125e-05,ok,0.000152587890625,0.000152587890625,667,0
s00-19,EC-GF,gacc,mnist784_pca32 (50c),20,0,20,1.0,3.814697265625e-06,3.814697265625e-06,-0.05237304478251553,-0.06653370608369091,-0.03821238348134015,-0.05237304478251553,b,3.814697265625e-06,ok,3.814697265625e-05,3.814697265625e-05,266,0
s00-19,EC-PREMASS,gacc,cluster_skew_hard,20,0,3,0.0,0.25,0.10880943004054569,-0.019128787878787874,-0.05828470716422944,0.020027131406653697,-0.019128787878787874,b,0.25,ok,1.0,1.0,44,0
s00-19,EC-PREMASS,gacc,cluster_skew_overlap,20,0,20,0.0,1.9073486328125e-06,8.832385863081276e-05,-0.03004261363636364,-0.03223923321856111,-0.02784599405416617,-0.03004261363636364,b,1.9073486328125e-06,ok,2.6702880859375e-05,2.6702880859375e-05,44,0
s00-19,EC-PREMASS,gacc,dirichlet_0.03,20,0,6,6.0,0.4375,0.3454475304692257,-0.01571969696969696,-0.0705391746941361,0.039099780754742186,-0.01571969696969696,b,0.4375,ok,1.0,1.0,44,0
s00-19,EC-PREMASS,gacc,dirichlet_0.1,20,0,5,2.0,0.1875,0.1380107375686596,-0.021070075757575756,-0.05443696880479826,0.012296817289646749,-0.021070075757575756,b,0.1875,ok,0.9375,0.9375,44,0
s00-19,EC-PREMASS,gacc,overlap_noise,20,0,20,20.0,0.000690460205078125,0.0015001220655882581,-0.026325757575757575,-0.07549782640969502,0.022846311258179864,-0.026325757575757575,b,0.000690460205078125,ok,0.004833221435546875,0.004833221435546875,44,0
s00-19,EC-PREMASS,gacc,quantity_skew_extreme,20,0,16,69.0,0.969512939453125,0.9587331805329754,0.022024367385192128,-0.01271453148212624,0.05676326625251049,0.022024367385192128,a,0.969512939453125,ok,1.0,1.0,4,0
s00-19,EC-PREMASS,gacc,wine,20,0,20,0.0,1.9073486328125e-06,8.572377593819397e-05,-0.06879432624113475,-0.08375907546161515,-0.05382957702065435,-0.06879432624113475,b,1.9073486328125e-06,ok,2.6702880859375e-05,2.6702880859375e-05,3,0
s00-19,EC-PREMASS,gacc,satimage,20,0,20,115.0,0.7216625213623047,0.7088568965831903,0.0010787172011661739,-0.012499193532127521,0.014656627934459869,0.0010787172011661739,a,0.7216625213623047,ok,1.0,1.0,94,0
s00-19,EC-PREMASS,gacc,pendigits,20,0,20,3.0,9.5367431640625e-06,9.5367431640625e-06,-0.032029117379435854,-0.04201546699681705,-0.02204276776205466,-0.032029117379435854,b,9.5367431640625e-06,ok,9.5367431640625e-05,9.5367431640625e-05,217,0
s00-19,EC-PREMASS,gacc,digits_pca16,20,0,20,14.0,0.000202178955078125,0.000209808349609375,-0.06289089645587212,-0.08550910042544174,-0.040272692486302504,-0.06289089645587212,b,0.000202178955078125,ok,0.001617431640625,0.001617431640625,35,0
s00-19,EC-PREMASS,gacc,digits_pca32,20,0,20,0.0,1.9073486328125e-06,1.9073486328125e-06,-0.10013898540653232,-0.12376588314888973,-0.07651208766417492,-0.10013898540653232,b,1.9073486328125e-06,ok,2.6702880859375e-05,2.6702880859375e-05,35,0
s00-19,EC-PREMASS,gacc,letter,20,0,20,0.0,1.9073486328125e-06,1.9073486328125e-06,-0.015731250000000002,-0.019059406084566955,-0.01240309391543305,-0.015731250000000002,b,1.9073486328125e-06,ok,2.6702880859375e-05,2.6702880859375e-05,314,0
s00-19,EC-PREMASS,gacc,mnist784_pca32 (20c),20,0,20,32.0,0.00485992431640625,0.00485992431640625,-0.02871977570627522,-0.047248794775946075,-0.010190756636604362,-0.02871977570627522,b,0.00485992431640625,ok,0.0291595458984375,0.0291595458984375,667,0
s00-19,EC-PREMASS,gacc,mnist784_pca32 (50c),20,0,20,3.0,9.5367431640625e-06,9.5367431640625e-06,-0.058059245768159407,-0.07397789191510172,-0.04214059962121709,-0.058059245768159407,b,9.5367431640625e-06,ok,9.5367431640625e-05,9.5367431640625e-05,266,0
