source,key,field,prior,new,match,strict
paper2/figures/degeneracy_data.csv,wine|2.0|0,distinct,3,3,1,1
paper2/figures/degeneracy_data.csv,wine|2.0|0,entropy_norm,0.814136,0.814136,1,1
paper2/figures/degeneracy_data.csv,wine|2.0|0,n,178,178,1,1
paper2/figures/degeneracy_data.csv,wine|2.0|0,d,13,13,1,1
paper2/figures/degeneracy_data.csv,wine|2.0|0,c,3,3,1,1
paper2/figures/degeneracy_data.csv,wine|2.0|1,distinct,3,3,1,1
paper2/figures/degeneracy_data.csv,wine|2.0|1,entropy_norm,0.814136,0.814136,1,1
paper2/figures/degeneracy_data.csv,wine|2.0|1,n,178,178,1,1
paper2/figures/degeneracy_data.csv,wine|2.0|1,d,13,13,1,1
paper2/figures/degeneracy_data.csv,wine|2.0|1,c,3,3,1,1
paper2/figures/degeneracy_data.csv,wine|2.0|2,distinct,3,3,1,1
paper2/figures/degeneracy_data.csv,wine|2.0|2,entropy_norm,0.814136,0.814136,1,1
paper2/figures/degeneracy_data.csv,wine|2.0|2,n,178,178,1,1
paper2/figures/degeneracy_data.csv,wine|2.0|2,d,13,13,1,1
paper2/figures/degeneracy_data.csv,wine|2.0|2,c,3,3,1,1
paper2/figures/degeneracy_data.csv,wine|2.0|3,distinct,3,3,1,1
paper2/figures/degeneracy_data.csv,wine|2.0|3,entropy_norm,0.814136,0.814136,1,1
paper2/figures/degeneracy_data.csv,wine|2.0|3,n,178,178,1,1
paper2/figures/degeneracy_data.csv,wine|2.0|3,d,13,13,1,1
paper2/figures/degeneracy_data.csv,wine|2.0|3,c,3,3,1,1
paper2/figures/degeneracy_data.csv,wine|2.0|4,distinct,3,3,1,1
paper2/figures/degeneracy_data.csv,wine|2.0|4,entropy_norm,0.814135,0.814135,1,1
paper2/figures/degeneracy_data.csv,wine|2.0|4,n,178,178,1,1
paper2/figures/degeneracy_data.csv,wine|2.0|4,d,13,13,1,1
paper2/figures/degeneracy_data.csv,wine|2.0|4,c,3,3,1,1
paper2/figures/degeneracy_data.csv,wine|1.5|0,distinct,3,3,1,1
paper2/figures/degeneracy_data.csv,wine|1.5|0,entropy_norm,0.451712,0.451712,1,1
paper2/figures/degeneracy_data.csv,wine|1.5|0,n,178,178,1,1
paper2/figures/degeneracy_data.csv,wine|1.5|0,d,13,13,1,1
paper2/figures/degeneracy_data.csv,wine|1.5|0,c,3,3,1,1
paper2/figures/degeneracy_data.csv,wine|1.5|1,distinct,3,3,1,1
paper2/figures/degeneracy_data.csv,wine|1.5|1,entropy_norm,0.451712,0.451712,1,1
paper2/figures/degeneracy_data.csv,wine|1.5|1,n,178,178,1,1
paper2/figures/degeneracy_data.csv,wine|1.5|1,d,13,13,1,1
paper2/figures/degeneracy_data.csv,wine|1.5|1,c,3,3,1,1
paper2/figures/degeneracy_data.csv,wine|1.5|2,distinct,3,3,1,1
paper2/figures/degeneracy_data.csv,wine|1.5|2,entropy_norm,0.451712,0.451712,1,1
paper2/figures/degeneracy_data.csv,wine|1.5|2,n,178,178,1,1
paper2/figures/degeneracy_data.csv,wine|1.5|2,d,13,13,1,1
paper2/figures/degeneracy_data.csv,wine|1.5|2,c,3,3,1,1
paper2/figures/degeneracy_data.csv,wine|1.5|3,distinct,3,3,1,1
paper2/figures/degeneracy_data.csv,wine|1.5|3,entropy_norm,0.451712,0.451712,1,1
paper2/figures/degeneracy_data.csv,wine|1.5|3,n,178,178,1,1
paper2/figures/degeneracy_data.csv,wine|1.5|3,d,13,13,1,1
paper2/figures/degeneracy_data.csv,wine|1.5|3,c,3,3,1,1
paper2/figures/degeneracy_data.csv,wine|1.5|4,distinct,3,3,1,1
paper2/figures/degeneracy_data.csv,wine|1.5|4,entropy_norm,0.451712,0.451712,1,1
paper2/figures/degeneracy_data.csv,wine|1.5|4,n,178,178,1,1
paper2/figures/degeneracy_data.csv,wine|1.5|4,d,13,13,1,1
paper2/figures/degeneracy_data.csv,wine|1.5|4,c,3,3,1,1
paper2/figures/degeneracy_data.csv,wine|1.3|0,distinct,3,3,1,1
paper2/figures/degeneracy_data.csv,wine|1.3|0,entropy_norm,0.231007,0.231007,1,1
paper2/figures/degeneracy_data.csv,wine|1.3|0,n,178,178,1,1
paper2/figures/degeneracy_data.csv,wine|1.3|0,d,13,13,1,1
paper2/figures/degeneracy_data.csv,wine|1.3|0,c,3,3,1,1
paper2/figures/degeneracy_data.csv,wine|1.3|1,distinct,3,3,1,1
paper2/figures/degeneracy_data.csv,wine|1.3|1,entropy_norm,0.231007,0.231007,1,1
paper2/figures/degeneracy_data.csv,wine|1.3|1,n,178,178,1,1
paper2/figures/degeneracy_data.csv,wine|1.3|1,d,13,13,1,1
paper2/figures/degeneracy_data.csv,wine|1.3|1,c,3,3,1,1
paper2/figures/degeneracy_data.csv,wine|1.3|2,distinct,3,3,1,1
paper2/figures/degeneracy_data.csv,wine|1.3|2,entropy_norm,0.231007,0.231007,1,1
paper2/figures/degeneracy_data.csv,wine|1.3|2,n,178,178,1,1
paper2/figures/degeneracy_data.csv,wine|1.3|2,d,13,13,1,1
paper2/figures/degeneracy_data.csv,wine|1.3|2,c,3,3,1,1
paper2/figures/degeneracy_data.csv,wine|1.3|3,distinct,3,3,1,1
paper2/figures/degeneracy_data.csv,wine|1.3|3,entropy_norm,0.231007,0.231007,1,1
paper2/figures/degeneracy_data.csv,wine|1.3|3,n,178,178,1,1
paper2/figures/degeneracy_data.csv,wine|1.3|3,d,13,13,1,1
paper2/figures/degeneracy_data.csv,wine|1.3|3,c,3,3,1,1
paper2/figures/degeneracy_data.csv,wine|1.3|4,distinct,3,3,1,1
paper2/figures/degeneracy_data.csv,wine|1.3|4,entropy_norm,0.231007,0.231007,1,1
paper2/figures/degeneracy_data.csv,wine|1.3|4,n,178,178,1,1
paper2/figures/degeneracy_data.csv,wine|1.3|4,d,13,13,1,1
paper2/figures/degeneracy_data.csv,wine|1.3|4,c,3,3,1,1
paper2/figures/degeneracy_data.csv,wine|1.2|0,distinct,3,3,1,1
paper2/figures/degeneracy_data.csv,wine|1.2|0,entropy_norm,0.135197,0.135197,1,1
paper2/figures/degeneracy_data.csv,wine|1.2|0,n,178,178,1,1
paper2/figures/degeneracy_data.csv,wine|1.2|0,d,13,13,1,1
paper2/figures/degeneracy_data.csv,wine|1.2|0,c,3,3,1,1
paper2/figures/degeneracy_data.csv,wine|1.2|1,distinct,3,3,1,1
paper2/figures/degeneracy_data.csv,wine|1.2|1,entropy_norm,0.135198,0.135198,1,1
paper2/figures/degeneracy_data.csv,wine|1.2|1,n,178,178,1,1
paper2/figures/degeneracy_data.csv,wine|1.2|1,d,13,13,1,1
paper2/figures/degeneracy_data.csv,wine|1.2|1,c,3,3,1,1
paper2/figures/degeneracy_data.csv,wine|1.2|2,distinct,3,3,1,1
paper2/figures/degeneracy_data.csv,wine|1.2|2,entropy_norm,0.135198,0.135198,1,1
paper2/figures/degeneracy_data.csv,wine|1.2|2,n,178,178,1,1
paper2/figures/degeneracy_data.csv,wine|1.2|2,d,13,13,1,1
paper2/figures/degeneracy_data.csv,wine|1.2|2,c,3,3,1,1
paper2/figures/degeneracy_data.csv,wine|1.2|3,distinct,3,3,1,1
paper2/figures/degeneracy_data.csv,wine|1.2|3,entropy_norm,0.135198,0.135198,1,1
paper2/figures/degeneracy_data.csv,wine|1.2|3,n,178,178,1,1
paper2/figures/degeneracy_data.csv,wine|1.2|3,d,13,13,1,1
paper2/figures/degeneracy_data.csv,wine|1.2|3,c,3,3,1,1
paper2/figures/degeneracy_data.csv,wine|1.2|4,distinct,3,3,1,1
paper2/figures/degeneracy_data.csv,wine|1.2|4,entropy_norm,0.135197,0.135197,1,1
paper2/figures/degeneracy_data.csv,wine|1.2|4,n,178,178,1,1
paper2/figures/degeneracy_data.csv,wine|1.2|4,d,13,13,1,1
paper2/figures/degeneracy_data.csv,wine|1.2|4,c,3,3,1,1
paper2/figures/degeneracy_data.csv,wine|1.1|0,distinct,3,3,1,1
paper2/figures/degeneracy_data.csv,wine|1.1|0,entropy_norm,0.057225,0.057225,1,1
paper2/figures/degeneracy_data.csv,wine|1.1|0,n,178,178,1,1
paper2/figures/degeneracy_data.csv,wine|1.1|0,d,13,13,1,1
paper2/figures/degeneracy_data.csv,wine|1.1|0,c,3,3,1,1
paper2/figures/degeneracy_data.csv,wine|1.1|1,distinct,3,3,1,1
paper2/figures/degeneracy_data.csv,wine|1.1|1,entropy_norm,0.057225,0.057225,1,1
paper2/figures/degeneracy_data.csv,wine|1.1|1,n,178,178,1,1
paper2/figures/degeneracy_data.csv,wine|1.1|1,d,13,13,1,1
paper2/figures/degeneracy_data.csv,wine|1.1|1,c,3,3,1,1
paper2/figures/degeneracy_data.csv,wine|1.1|2,distinct,3,3,1,1
paper2/figures/degeneracy_data.csv,wine|1.1|2,entropy_norm,0.057225,0.057225,1,1
paper2/figures/degeneracy_data.csv,wine|1.1|2,n,178,178,1,1
paper2/figures/degeneracy_data.csv,wine|1.1|2,d,13,13,1,1
paper2/figures/degeneracy_data.csv,wine|1.1|2,c,3,3,1,1
paper2/figures/degeneracy_data.csv,wine|1.1|3,distinct,3,3,1,1
paper2/figures/degeneracy_data.csv,wine|1.1|3,entropy_norm,0.057225,0.057225,1,1
paper2/figures/degeneracy_data.csv,wine|1.1|3,n,178,178,1,1
paper2/figures/degeneracy_data.csv,wine|1.1|3,d,13,13,1,1
paper2/figures/degeneracy_data.csv,wine|1.1|3,c,3,3,1,1
paper2/figures/degeneracy_data.csv,wine|1.1|4,distinct,3,3,1,1
paper2/figures/degeneracy_data.csv,wine|1.1|4,entropy_norm,0.057225,0.057225,1,1
paper2/figures/degeneracy_data.csv,wine|1.1|4,n,178,178,1,1
paper2/figures/degeneracy_data.csv,wine|1.1|4,d,13,13,1,1
paper2/figures/degeneracy_data.csv,wine|1.1|4,c,3,3,1,1
paper2/figures/degeneracy_data.csv,satimage|2.0|0,distinct,6,6,1,1
paper2/figures/degeneracy_data.csv,satimage|2.0|0,entropy_norm,0.617608,0.617608,1,1
paper2/figures/degeneracy_data.csv,satimage|2.0|0,n,6430,6430,1,1
paper2/figures/degeneracy_data.csv,satimage|2.0|0,d,36,36,1,1
paper2/figures/degeneracy_data.csv,satimage|2.0|0,c,6,6,1,1
paper2/figures/degeneracy_data.csv,satimage|2.0|1,distinct,6,6,1,1
paper2/figures/degeneracy_data.csv,satimage|2.0|1,entropy_norm,0.617608,0.617608,1,1
paper2/figures/degeneracy_data.csv,satimage|2.0|1,n,6430,6430,1,1
paper2/figures/degeneracy_data.csv,satimage|2.0|1,d,36,36,1,1
paper2/figures/degeneracy_data.csv,satimage|2.0|1,c,6,6,1,1
paper2/figures/degeneracy_data.csv,satimage|2.0|2,distinct,6,6,1,1
paper2/figures/degeneracy_data.csv,satimage|2.0|2,entropy_norm,0.617608,0.617608,1,1
paper2/figures/degeneracy_data.csv,satimage|2.0|2,n,6430,6430,1,1
paper2/figures/degeneracy_data.csv,satimage|2.0|2,d,36,36,1,1
paper2/figures/degeneracy_data.csv,satimage|2.0|2,c,6,6,1,1
paper2/figures/degeneracy_data.csv,satimage|2.0|3,distinct,6,6,1,1
paper2/figures/degeneracy_data.csv,satimage|2.0|3,entropy_norm,0.617608,0.617608,1,1
paper2/figures/degeneracy_data.csv,satimage|2.0|3,n,6430,6430,1,1
paper2/figures/degeneracy_data.csv,satimage|2.0|3,d,36,36,1,1
paper2/figures/degeneracy_data.csv,satimage|2.0|3,c,6,6,1,1
paper2/figures/degeneracy_data.csv,satimage|2.0|4,distinct,6,6,1,1
paper2/figures/degeneracy_data.csv,satimage|2.0|4,entropy_norm,0.617608,0.617608,1,1
paper2/figures/degeneracy_data.csv,satimage|2.0|4,n,6430,6430,1,1
paper2/figures/degeneracy_data.csv,satimage|2.0|4,d,36,36,1,1
paper2/figures/degeneracy_data.csv,satimage|2.0|4,c,6,6,1,1
paper2/figures/degeneracy_data.csv,satimage|1.5|0,distinct,6,6,1,1
paper2/figures/degeneracy_data.csv,satimage|1.5|0,entropy_norm,0.281564,0.281564,1,1
paper2/figures/degeneracy_data.csv,satimage|1.5|0,n,6430,6430,1,1
paper2/figures/degeneracy_data.csv,satimage|1.5|0,d,36,36,1,1
paper2/figures/degeneracy_data.csv,satimage|1.5|0,c,6,6,1,1
paper2/figures/degeneracy_data.csv,satimage|1.5|1,distinct,6,6,1,1
paper2/figures/degeneracy_data.csv,satimage|1.5|1,entropy_norm,0.281564,0.281564,1,1
paper2/figures/degeneracy_data.csv,satimage|1.5|1,n,6430,6430,1,1
paper2/figures/degeneracy_data.csv,satimage|1.5|1,d,36,36,1,1
paper2/figures/degeneracy_data.csv,satimage|1.5|1,c,6,6,1,1
paper2/figures/degeneracy_data.csv,satimage|1.5|2,distinct,6,6,1,1
paper2/figures/degeneracy_data.csv,satimage|1.5|2,entropy_norm,0.281564,0.281564,1,1
paper2/figures/degeneracy_data.csv,satimage|1.5|2,n,6430,6430,1,1
paper2/figures/degeneracy_data.csv,satimage|1.5|2,d,36,36,1,1
paper2/figures/degeneracy_data.csv,satimage|1.5|2,c,6,6,1,1
paper2/figures/degeneracy_data.csv,satimage|1.5|3,distinct,6,6,1,1
paper2/figures/degeneracy_data.csv,satimage|1.5|3,entropy_norm,0.281564,0.281564,1,1
paper2/figures/degeneracy_data.csv,satimage|1.5|3,n,6430,6430,1,1
paper2/figures/degeneracy_data.csv,satimage|1.5|3,d,36,36,1,1
paper2/figures/degeneracy_data.csv,satimage|1.5|3,c,6,6,1,1
paper2/figures/degeneracy_data.csv,satimage|1.5|4,distinct,6,6,1,1
paper2/figures/degeneracy_data.csv,satimage|1.5|4,entropy_norm,0.281564,0.281564,1,1
paper2/figures/degeneracy_data.csv,satimage|1.5|4,n,6430,6430,1,1
paper2/figures/degeneracy_data.csv,satimage|1.5|4,d,36,36,1,1
paper2/figures/degeneracy_data.csv,satimage|1.5|4,c,6,6,1,1
paper2/figures/degeneracy_data.csv,satimage|1.3|0,distinct,6,6,1,1
paper2/figures/degeneracy_data.csv,satimage|1.3|0,entropy_norm,0.138441,0.138441,1,1
paper2/figures/degeneracy_data.csv,satimage|1.3|0,n,6430,6430,1,1
paper2/figures/degeneracy_data.csv,satimage|1.3|0,d,36,36,1,1
paper2/figures/degeneracy_data.csv,satimage|1.3|0,c,6,6,1,1
paper2/figures/degeneracy_data.csv,satimage|1.3|1,distinct,6,6,1,1
paper2/figures/degeneracy_data.csv,satimage|1.3|1,entropy_norm,0.138441,0.138441,1,1
paper2/figures/degeneracy_data.csv,satimage|1.3|1,n,6430,6430,1,1
paper2/figures/degeneracy_data.csv,satimage|1.3|1,d,36,36,1,1
paper2/figures/degeneracy_data.csv,satimage|1.3|1,c,6,6,1,1
paper2/figures/degeneracy_data.csv,satimage|1.3|2,distinct,6,6,1,1
paper2/figures/degeneracy_data.csv,satimage|1.3|2,entropy_norm,0.138441,0.138441,1,1
paper2/figures/degeneracy_data.csv,satimage|1.3|2,n,6430,6430,1,1
paper2/figures/degeneracy_data.csv,satimage|1.3|2,d,36,36,1,1
paper2/figures/degeneracy_data.csv,satimage|1.3|2,c,6,6,1,1
paper2/figures/degeneracy_data.csv,satimage|1.3|3,distinct,6,6,1,1
paper2/figures/degeneracy_data.csv,satimage|1.3|3,entropy_norm,0.138441,0.138441,1,1
paper2/figures/degeneracy_data.csv,satimage|1.3|3,n,6430,6430,1,1
paper2/figures/degeneracy_data.csv,satimage|1.3|3,d,36,36,1,1
paper2/figures/degeneracy_data.csv,satimage|1.3|3,c,6,6,1,1
paper2/figures/degeneracy_data.csv,satimage|1.3|4,distinct,6,6,1,1
paper2/figures/degeneracy_data.csv,satimage|1.3|4,entropy_norm,0.138441,0.138441,1,1
paper2/figures/degeneracy_data.csv,satimage|1.3|4,n,6430,6430,1,1
paper2/figures/degeneracy_data.csv,satimage|1.3|4,d,36,36,1,1
paper2/figures/degeneracy_data.csv,satimage|1.3|4,c,6,6,1,1
paper2/figures/degeneracy_data.csv,satimage|1.2|0,distinct,6,6,1,1
paper2/figures/degeneracy_data.csv,satimage|1.2|0,entropy_norm,0.081627,0.081627,1,1
paper2/figures/degeneracy_data.csv,satimage|1.2|0,n,6430,6430,1,1
paper2/figures/degeneracy_data.csv,satimage|1.2|0,d,36,36,1,1
paper2/figures/degeneracy_data.csv,satimage|1.2|0,c,6,6,1,1
paper2/figures/degeneracy_data.csv,satimage|1.2|1,distinct,6,6,1,1
paper2/figures/degeneracy_data.csv,satimage|1.2|1,entropy_norm,0.081627,0.081627,1,1
paper2/figures/degeneracy_data.csv,satimage|1.2|1,n,6430,6430,1,1
paper2/figures/degeneracy_data.csv,satimage|1.2|1,d,36,36,1,1
paper2/figures/degeneracy_data.csv,satimage|1.2|1,c,6,6,1,1
paper2/figures/degeneracy_data.csv,satimage|1.2|2,distinct,6,6,1,1
paper2/figures/degeneracy_data.csv,satimage|1.2|2,entropy_norm,0.081627,0.081627,1,1
paper2/figures/degeneracy_data.csv,satimage|1.2|2,n,6430,6430,1,1
paper2/figures/degeneracy_data.csv,satimage|1.2|2,d,36,36,1,1
paper2/figures/degeneracy_data.csv,satimage|1.2|2,c,6,6,1,1
paper2/figures/degeneracy_data.csv,satimage|1.2|3,distinct,6,6,1,1
paper2/figures/degeneracy_data.csv,satimage|1.2|3,entropy_norm,0.081627,0.081627,1,1
paper2/figures/degeneracy_data.csv,satimage|1.2|3,n,6430,6430,1,1
paper2/figures/degeneracy_data.csv,satimage|1.2|3,d,36,36,1,1
paper2/figures/degeneracy_data.csv,satimage|1.2|3,c,6,6,1,1
paper2/figures/degeneracy_data.csv,satimage|1.2|4,distinct,6,6,1,1
paper2/figures/degeneracy_data.csv,satimage|1.2|4,entropy_norm,0.081627,0.081627,1,1
paper2/figures/degeneracy_data.csv,satimage|1.2|4,n,6430,6430,1,1
paper2/figures/degeneracy_data.csv,satimage|1.2|4,d,36,36,1,1
paper2/figures/degeneracy_data.csv,satimage|1.2|4,c,6,6,1,1
paper2/figures/degeneracy_data.csv,satimage|1.1|0,distinct,6,6,1,1
paper2/figures/degeneracy_data.csv,satimage|1.1|0,entropy_norm,0.036822,0.036822,1,1
paper2/figures/degeneracy_data.csv,satimage|1.1|0,n,6430,6430,1,1
paper2/figures/degeneracy_data.csv,satimage|1.1|0,d,36,36,1,1
paper2/figures/degeneracy_data.csv,satimage|1.1|0,c,6,6,1,1
paper2/figures/degeneracy_data.csv,satimage|1.1|1,distinct,6,6,1,1
paper2/figures/degeneracy_data.csv,satimage|1.1|1,entropy_norm,0.036822,0.036822,1,1
paper2/figures/degeneracy_data.csv,satimage|1.1|1,n,6430,6430,1,1
paper2/figures/degeneracy_data.csv,satimage|1.1|1,d,36,36,1,1
paper2/figures/degeneracy_data.csv,satimage|1.1|1,c,6,6,1,1
paper2/figures/degeneracy_data.csv,satimage|1.1|2,distinct,6,6,1,1
paper2/figures/degeneracy_data.csv,satimage|1.1|2,entropy_norm,0.036822,0.036822,1,1
paper2/figures/degeneracy_data.csv,satimage|1.1|2,n,6430,6430,1,1
paper2/figures/degeneracy_data.csv,satimage|1.1|2,d,36,36,1,1
paper2/figures/degeneracy_data.csv,satimage|1.1|2,c,6,6,1,1
paper2/figures/degeneracy_data.csv,satimage|1.1|3,distinct,6,6,1,1
paper2/figures/degeneracy_data.csv,satimage|1.1|3,entropy_norm,0.036822,0.036822,1,1
paper2/figures/degeneracy_data.csv,satimage|1.1|3,n,6430,6430,1,1
paper2/figures/degeneracy_data.csv,satimage|1.1|3,d,36,36,1,1
paper2/figures/degeneracy_data.csv,satimage|1.1|3,c,6,6,1,1
paper2/figures/degeneracy_data.csv,satimage|1.1|4,distinct,6,6,1,1
paper2/figures/degeneracy_data.csv,satimage|1.1|4,entropy_norm,0.036822,0.036822,1,1
paper2/figures/degeneracy_data.csv,satimage|1.1|4,n,6430,6430,1,1
paper2/figures/degeneracy_data.csv,satimage|1.1|4,d,36,36,1,1
paper2/figures/degeneracy_data.csv,satimage|1.1|4,c,6,6,1,1
paper2/figures/degeneracy_data.csv,pendigits|2.0|0,distinct,6,6,1,1
paper2/figures/degeneracy_data.csv,pendigits|2.0|0,entropy_norm,0.952663,0.952663,1,1
paper2/figures/degeneracy_data.csv,pendigits|2.0|0,n,10992,10992,1,1
paper2/figures/degeneracy_data.csv,pendigits|2.0|0,d,16,16,1,1
paper2/figures/degeneracy_data.csv,pendigits|2.0|0,c,10,10,1,1
paper2/figures/degeneracy_data.csv,pendigits|2.0|1,distinct,8,8,1,1
paper2/figures/degeneracy_data.csv,pendigits|2.0|1,entropy_norm,0.952286,0.952286,1,1
paper2/figures/degeneracy_data.csv,pendigits|2.0|1,n,10992,10992,1,1
paper2/figures/degeneracy_data.csv,pendigits|2.0|1,d,16,16,1,1
paper2/figures/degeneracy_data.csv,pendigits|2.0|1,c,10,10,1,1
paper2/figures/degeneracy_data.csv,pendigits|2.0|2,distinct,10,10,1,1
paper2/figures/degeneracy_data.csv,pendigits|2.0|2,entropy_norm,0.952286,0.952286,1,1
paper2/figures/degeneracy_data.csv,pendigits|2.0|2,n,10992,10992,1,1
paper2/figures/degeneracy_data.csv,pendigits|2.0|2,d,16,16,1,1
paper2/figures/degeneracy_data.csv,pendigits|2.0|2,c,10,10,1,1
paper2/figures/degeneracy_data.csv,pendigits|2.0|3,distinct,5,5,1,1
paper2/figures/degeneracy_data.csv,pendigits|2.0|3,entropy_norm,0.912587,0.912587,1,1
paper2/figures/degeneracy_data.csv,pendigits|2.0|3,n,10992,10992,1,1
paper2/figures/degeneracy_data.csv,pendigits|2.0|3,d,16,16,1,1
paper2/figures/degeneracy_data.csv,pendigits|2.0|3,c,10,10,1,1
paper2/figures/degeneracy_data.csv,pendigits|2.0|4,distinct,7,7,1,1
paper2/figures/degeneracy_data.csv,pendigits|2.0|4,entropy_norm,0.894954,0.894954,1,1
paper2/figures/degeneracy_data.csv,pendigits|2.0|4,n,10992,10992,1,1
paper2/figures/degeneracy_data.csv,pendigits|2.0|4,d,16,16,1,1
paper2/figures/degeneracy_data.csv,pendigits|2.0|4,c,10,10,1,1
paper2/figures/degeneracy_data.csv,pendigits|1.5|0,distinct,10,10,1,1
paper2/figures/degeneracy_data.csv,pendigits|1.5|0,entropy_norm,0.461477,0.461477,1,1
paper2/figures/degeneracy_data.csv,pendigits|1.5|0,n,10992,10992,1,1
paper2/figures/degeneracy_data.csv,pendigits|1.5|0,d,16,16,1,1
paper2/figures/degeneracy_data.csv,pendigits|1.5|0,c,10,10,1,1
paper2/figures/degeneracy_data.csv,pendigits|1.5|1,distinct,10,10,1,1
paper2/figures/degeneracy_data.csv,pendigits|1.5|1,entropy_norm,0.461476,0.461476,1,1
paper2/figures/degeneracy_data.csv,pendigits|1.5|1,n,10992,10992,1,1
paper2/figures/degeneracy_data.csv,pendigits|1.5|1,d,16,16,1,1
paper2/figures/degeneracy_data.csv,pendigits|1.5|1,c,10,10,1,1
paper2/figures/degeneracy_data.csv,pendigits|1.5|2,distinct,10,10,1,1
paper2/figures/degeneracy_data.csv,pendigits|1.5|2,entropy_norm,0.501199,0.501199,1,1
paper2/figures/degeneracy_data.csv,pendigits|1.5|2,n,10992,10992,1,1
paper2/figures/degeneracy_data.csv,pendigits|1.5|2,d,16,16,1,1
paper2/figures/degeneracy_data.csv,pendigits|1.5|2,c,10,10,1,1
paper2/figures/degeneracy_data.csv,pendigits|1.5|3,distinct,10,10,1,1
paper2/figures/degeneracy_data.csv,pendigits|1.5|3,entropy_norm,0.461477,0.461477,1,1
paper2/figures/degeneracy_data.csv,pendigits|1.5|3,n,10992,10992,1,1
paper2/figures/degeneracy_data.csv,pendigits|1.5|3,d,16,16,1,1
paper2/figures/degeneracy_data.csv,pendigits|1.5|3,c,10,10,1,1
paper2/figures/degeneracy_data.csv,pendigits|1.5|4,distinct,10,10,1,1
paper2/figures/degeneracy_data.csv,pendigits|1.5|4,entropy_norm,0.461477,0.461477,1,1
paper2/figures/degeneracy_data.csv,pendigits|1.5|4,n,10992,10992,1,1
paper2/figures/degeneracy_data.csv,pendigits|1.5|4,d,16,16,1,1
paper2/figures/degeneracy_data.csv,pendigits|1.5|4,c,10,10,1,1
paper2/figures/degeneracy_data.csv,pendigits|1.3|0,distinct,10,10,1,1
paper2/figures/degeneracy_data.csv,pendigits|1.3|0,entropy_norm,0.231127,0.231127,1,1
paper2/figures/degeneracy_data.csv,pendigits|1.3|0,n,10992,10992,1,1
paper2/figures/degeneracy_data.csv,pendigits|1.3|0,d,16,16,1,1
paper2/figures/degeneracy_data.csv,pendigits|1.3|0,c,10,10,1,1
paper2/figures/degeneracy_data.csv,pendigits|1.3|1,distinct,10,10,1,1
paper2/figures/degeneracy_data.csv,pendigits|1.3|1,entropy_norm,0.233286,0.233286,1,1
paper2/figures/degeneracy_data.csv,pendigits|1.3|1,n,10992,10992,1,1
paper2/figures/degeneracy_data.csv,pendigits|1.3|1,d,16,16,1,1
paper2/figures/degeneracy_data.csv,pendigits|1.3|1,c,10,10,1,1
paper2/figures/degeneracy_data.csv,pendigits|1.3|2,distinct,10,10,1,1
paper2/figures/degeneracy_data.csv,pendigits|1.3|2,entropy_norm,0.227753,0.227753,1,1
paper2/figures/degeneracy_data.csv,pendigits|1.3|2,n,10992,10992,1,1
paper2/figures/degeneracy_data.csv,pendigits|1.3|2,d,16,16,1,1
paper2/figures/degeneracy_data.csv,pendigits|1.3|2,c,10,10,1,1
paper2/figures/degeneracy_data.csv,pendigits|1.3|3,distinct,10,10,1,1
paper2/figures/degeneracy_data.csv,pendigits|1.3|3,entropy_norm,0.231127,0.231127,1,1
paper2/figures/degeneracy_data.csv,pendigits|1.3|3,n,10992,10992,1,1
paper2/figures/degeneracy_data.csv,pendigits|1.3|3,d,16,16,1,1
paper2/figures/degeneracy_data.csv,pendigits|1.3|3,c,10,10,1,1
paper2/figures/degeneracy_data.csv,pendigits|1.3|4,distinct,10,10,1,1
paper2/figures/degeneracy_data.csv,pendigits|1.3|4,entropy_norm,0.231127,0.231127,1,1
paper2/figures/degeneracy_data.csv,pendigits|1.3|4,n,10992,10992,1,1
paper2/figures/degeneracy_data.csv,pendigits|1.3|4,d,16,16,1,1
paper2/figures/degeneracy_data.csv,pendigits|1.3|4,c,10,10,1,1
paper2/figures/degeneracy_data.csv,pendigits|1.2|0,distinct,10,10,1,1
paper2/figures/degeneracy_data.csv,pendigits|1.2|0,entropy_norm,0.127302,0.127302,1,1
paper2/figures/degeneracy_data.csv,pendigits|1.2|0,n,10992,10992,1,1
paper2/figures/degeneracy_data.csv,pendigits|1.2|0,d,16,16,1,1
paper2/figures/degeneracy_data.csv,pendigits|1.2|0,c,10,10,1,1
paper2/figures/degeneracy_data.csv,pendigits|1.2|1,distinct,10,10,1,1
paper2/figures/degeneracy_data.csv,pendigits|1.2|1,entropy_norm,0.110111,0.110111,1,1
paper2/figures/degeneracy_data.csv,pendigits|1.2|1,n,10992,10992,1,1
paper2/figures/degeneracy_data.csv,pendigits|1.2|1,d,16,16,1,1
paper2/figures/degeneracy_data.csv,pendigits|1.2|1,c,10,10,1,1
paper2/figures/degeneracy_data.csv,pendigits|1.2|2,distinct,10,10,1,1
paper2/figures/degeneracy_data.csv,pendigits|1.2|2,entropy_norm,0.118076,0.118076,1,1
paper2/figures/degeneracy_data.csv,pendigits|1.2|2,n,10992,10992,1,1
paper2/figures/degeneracy_data.csv,pendigits|1.2|2,d,16,16,1,1
paper2/figures/degeneracy_data.csv,pendigits|1.2|2,c,10,10,1,1
paper2/figures/degeneracy_data.csv,pendigits|1.2|3,distinct,10,10,1,1
paper2/figures/degeneracy_data.csv,pendigits|1.2|3,entropy_norm,0.127302,0.127302,1,1
paper2/figures/degeneracy_data.csv,pendigits|1.2|3,n,10992,10992,1,1
paper2/figures/degeneracy_data.csv,pendigits|1.2|3,d,16,16,1,1
paper2/figures/degeneracy_data.csv,pendigits|1.2|3,c,10,10,1,1
paper2/figures/degeneracy_data.csv,pendigits|1.2|4,distinct,10,10,1,1
paper2/figures/degeneracy_data.csv,pendigits|1.2|4,entropy_norm,0.127302,0.127302,1,1
paper2/figures/degeneracy_data.csv,pendigits|1.2|4,n,10992,10992,1,1
paper2/figures/degeneracy_data.csv,pendigits|1.2|4,d,16,16,1,1
paper2/figures/degeneracy_data.csv,pendigits|1.2|4,c,10,10,1,1
paper2/figures/degeneracy_data.csv,pendigits|1.1|0,distinct,10,10,1,1
paper2/figures/degeneracy_data.csv,pendigits|1.1|0,entropy_norm,0.049429,0.049429,1,1
paper2/figures/degeneracy_data.csv,pendigits|1.1|0,n,10992,10992,1,1
paper2/figures/degeneracy_data.csv,pendigits|1.1|0,d,16,16,1,1
paper2/figures/degeneracy_data.csv,pendigits|1.1|0,c,10,10,1,1
paper2/figures/degeneracy_data.csv,pendigits|1.1|1,distinct,10,10,1,1
paper2/figures/degeneracy_data.csv,pendigits|1.1|1,entropy_norm,0.050058,0.050058,1,1
paper2/figures/degeneracy_data.csv,pendigits|1.1|1,n,10992,10992,1,1
paper2/figures/degeneracy_data.csv,pendigits|1.1|1,d,16,16,1,1
paper2/figures/degeneracy_data.csv,pendigits|1.1|1,c,10,10,1,1
paper2/figures/degeneracy_data.csv,pendigits|1.1|2,distinct,10,10,1,1
paper2/figures/degeneracy_data.csv,pendigits|1.1|2,entropy_norm,0.043092,0.043092,1,1
paper2/figures/degeneracy_data.csv,pendigits|1.1|2,n,10992,10992,1,1
paper2/figures/degeneracy_data.csv,pendigits|1.1|2,d,16,16,1,1
paper2/figures/degeneracy_data.csv,pendigits|1.1|2,c,10,10,1,1
paper2/figures/degeneracy_data.csv,pendigits|1.1|3,distinct,10,10,1,1
paper2/figures/degeneracy_data.csv,pendigits|1.1|3,entropy_norm,0.050058,0.050058,1,1
paper2/figures/degeneracy_data.csv,pendigits|1.1|3,n,10992,10992,1,1
paper2/figures/degeneracy_data.csv,pendigits|1.1|3,d,16,16,1,1
paper2/figures/degeneracy_data.csv,pendigits|1.1|3,c,10,10,1,1
paper2/figures/degeneracy_data.csv,pendigits|1.1|4,distinct,10,10,1,1
paper2/figures/degeneracy_data.csv,pendigits|1.1|4,entropy_norm,0.049429,0.049429,1,1
paper2/figures/degeneracy_data.csv,pendigits|1.1|4,n,10992,10992,1,1
paper2/figures/degeneracy_data.csv,pendigits|1.1|4,d,16,16,1,1
paper2/figures/degeneracy_data.csv,pendigits|1.1|4,c,10,10,1,1
paper2/figures/degeneracy_data.csv,digits_pca16|2.0|0,distinct,1,1,1,1
paper2/figures/degeneracy_data.csv,digits_pca16|2.0|0,entropy_norm,1.0,1.0,1,1
paper2/figures/degeneracy_data.csv,digits_pca16|2.0|0,n,1797,1797,1,1
paper2/figures/degeneracy_data.csv,digits_pca16|2.0|0,d,16,16,1,1
paper2/figures/degeneracy_data.csv,digits_pca16|2.0|0,c,10,10,1,1
paper2/figures/degeneracy_data.csv,digits_pca16|2.0|1,distinct,1,1,1,1
paper2/figures/degeneracy_data.csv,digits_pca16|2.0|1,entropy_norm,1.0,1.0,1,1
paper2/figures/degeneracy_data.csv,digits_pca16|2.0|1,n,1797,1797,1,1
paper2/figures/degeneracy_data.csv,digits_pca16|2.0|1,d,16,16,1,1
paper2/figures/degeneracy_data.csv,digits_pca16|2.0|1,c,10,10,1,1
paper2/figures/degeneracy_data.csv,digits_pca16|2.0|2,distinct,1,1,1,1
paper2/figures/degeneracy_data.csv,digits_pca16|2.0|2,entropy_norm,1.0,1.0,1,1
paper2/figures/degeneracy_data.csv,digits_pca16|2.0|2,n,1797,1797,1,1
paper2/figures/degeneracy_data.csv,digits_pca16|2.0|2,d,16,16,1,1
paper2/figures/degeneracy_data.csv,digits_pca16|2.0|2,c,10,10,1,1
paper2/figures/degeneracy_data.csv,digits_pca16|2.0|3,distinct,1,1,1,1
paper2/figures/degeneracy_data.csv,digits_pca16|2.0|3,entropy_norm,1.0,1.0,1,1
paper2/figures/degeneracy_data.csv,digits_pca16|2.0|3,n,1797,1797,1,1
paper2/figures/degeneracy_data.csv,digits_pca16|2.0|3,d,16,16,1,1
paper2/figures/degeneracy_data.csv,digits_pca16|2.0|3,c,10,10,1,1
paper2/figures/degeneracy_data.csv,digits_pca16|2.0|4,distinct,1,1,1,1
paper2/figures/degeneracy_data.csv,digits_pca16|2.0|4,entropy_norm,1.0,1.0,1,1
paper2/figures/degeneracy_data.csv,digits_pca16|2.0|4,n,1797,1797,1,1
paper2/figures/degeneracy_data.csv,digits_pca16|2.0|4,d,16,16,1,1
paper2/figures/degeneracy_data.csv,digits_pca16|2.0|4,c,10,10,1,1
paper2/figures/degeneracy_data.csv,digits_pca16|1.5|0,distinct,1,1,1,1
paper2/figures/degeneracy_data.csv,digits_pca16|1.5|0,entropy_norm,1.0,1.0,1,1
paper2/figures/degeneracy_data.csv,digits_pca16|1.5|0,n,1797,1797,1,1
paper2/figures/degeneracy_data.csv,digits_pca16|1.5|0,d,16,16,1,1
paper2/figures/degeneracy_data.csv,digits_pca16|1.5|0,c,10,10,1,1
paper2/figures/degeneracy_data.csv,digits_pca16|1.5|1,distinct,1,1,1,1
paper2/figures/degeneracy_data.csv,digits_pca16|1.5|1,entropy_norm,1.0,1.0,1,1
paper2/figures/degeneracy_data.csv,digits_pca16|1.5|1,n,1797,1797,1,1
paper2/figures/degeneracy_data.csv,digits_pca16|1.5|1,d,16,16,1,1
paper2/figures/degeneracy_data.csv,digits_pca16|1.5|1,c,10,10,1,1
paper2/figures/degeneracy_data.csv,digits_pca16|1.5|2,distinct,1,1,1,1
paper2/figures/degeneracy_data.csv,digits_pca16|1.5|2,entropy_norm,1.0,1.0,1,1
paper2/figures/degeneracy_data.csv,digits_pca16|1.5|2,n,1797,1797,1,1
paper2/figures/degeneracy_data.csv,digits_pca16|1.5|2,d,16,16,1,1
paper2/figures/degeneracy_data.csv,digits_pca16|1.5|2,c,10,10,1,1
paper2/figures/degeneracy_data.csv,digits_pca16|1.5|3,distinct,1,1,1,1
paper2/figures/degeneracy_data.csv,digits_pca16|1.5|3,entropy_norm,1.0,1.0,1,1
paper2/figures/degeneracy_data.csv,digits_pca16|1.5|3,n,1797,1797,1,1
paper2/figures/degeneracy_data.csv,digits_pca16|1.5|3,d,16,16,1,1
paper2/figures/degeneracy_data.csv,digits_pca16|1.5|3,c,10,10,1,1
paper2/figures/degeneracy_data.csv,digits_pca16|1.5|4,distinct,1,1,1,1
paper2/figures/degeneracy_data.csv,digits_pca16|1.5|4,entropy_norm,1.0,1.0,1,1
paper2/figures/degeneracy_data.csv,digits_pca16|1.5|4,n,1797,1797,1,1
paper2/figures/degeneracy_data.csv,digits_pca16|1.5|4,d,16,16,1,1
paper2/figures/degeneracy_data.csv,digits_pca16|1.5|4,c,10,10,1,1
paper2/figures/degeneracy_data.csv,digits_pca16|1.3|0,distinct,10,10,1,1
paper2/figures/degeneracy_data.csv,digits_pca16|1.3|0,entropy_norm,0.543257,0.543257,1,1
paper2/figures/degeneracy_data.csv,digits_pca16|1.3|0,n,1797,1797,1,1
paper2/figures/degeneracy_data.csv,digits_pca16|1.3|0,d,16,16,1,1
paper2/figures/degeneracy_data.csv,digits_pca16|1.3|0,c,10,10,1,1
paper2/figures/degeneracy_data.csv,digits_pca16|1.3|1,distinct,10,10,1,1
paper2/figures/degeneracy_data.csv,digits_pca16|1.3|1,entropy_norm,0.543257,0.543257,1,1
paper2/figures/degeneracy_data.csv,digits_pca16|1.3|1,n,1797,1797,1,1
paper2/figures/degeneracy_data.csv,digits_pca16|1.3|1,d,16,16,1,1
paper2/figures/degeneracy_data.csv,digits_pca16|1.3|1,c,10,10,1,1
paper2/figures/degeneracy_data.csv,digits_pca16|1.3|2,distinct,10,10,1,1
paper2/figures/degeneracy_data.csv,digits_pca16|1.3|2,entropy_norm,0.518553,0.518553,1,1
paper2/figures/degeneracy_data.csv,digits_pca16|1.3|2,n,1797,1797,1,1
paper2/figures/degeneracy_data.csv,digits_pca16|1.3|2,d,16,16,1,1
paper2/figures/degeneracy_data.csv,digits_pca16|1.3|2,c,10,10,1,1
paper2/figures/degeneracy_data.csv,digits_pca16|1.3|3,distinct,10,10,1,1
paper2/figures/degeneracy_data.csv,digits_pca16|1.3|3,entropy_norm,0.520842,0.520842,1,1
paper2/figures/degeneracy_data.csv,digits_pca16|1.3|3,n,1797,1797,1,1
paper2/figures/degeneracy_data.csv,digits_pca16|1.3|3,d,16,16,1,1
paper2/figures/degeneracy_data.csv,digits_pca16|1.3|3,c,10,10,1,1
paper2/figures/degeneracy_data.csv,digits_pca16|1.3|4,distinct,10,10,1,1
paper2/figures/degeneracy_data.csv,digits_pca16|1.3|4,entropy_norm,0.543257,0.543257,1,1
paper2/figures/degeneracy_data.csv,digits_pca16|1.3|4,n,1797,1797,1,1
paper2/figures/degeneracy_data.csv,digits_pca16|1.3|4,d,16,16,1,1
paper2/figures/degeneracy_data.csv,digits_pca16|1.3|4,c,10,10,1,1
paper2/figures/degeneracy_data.csv,digits_pca16|1.2|0,distinct,10,10,1,1
paper2/figures/degeneracy_data.csv,digits_pca16|1.2|0,entropy_norm,0.286717,0.286717,1,1
paper2/figures/degeneracy_data.csv,digits_pca16|1.2|0,n,1797,1797,1,1
paper2/figures/degeneracy_data.csv,digits_pca16|1.2|0,d,16,16,1,1
paper2/figures/degeneracy_data.csv,digits_pca16|1.2|0,c,10,10,1,1
paper2/figures/degeneracy_data.csv,digits_pca16|1.2|1,distinct,10,10,1,1
paper2/figures/degeneracy_data.csv,digits_pca16|1.2|1,entropy_norm,0.308431,0.308431,1,1
paper2/figures/degeneracy_data.csv,digits_pca16|1.2|1,n,1797,1797,1,1
paper2/figures/degeneracy_data.csv,digits_pca16|1.2|1,d,16,16,1,1
paper2/figures/degeneracy_data.csv,digits_pca16|1.2|1,c,10,10,1,1
paper2/figures/degeneracy_data.csv,digits_pca16|1.2|2,distinct,10,10,1,1
paper2/figures/degeneracy_data.csv,digits_pca16|1.2|2,entropy_norm,0.287543,0.287543,1,1
paper2/figures/degeneracy_data.csv,digits_pca16|1.2|2,n,1797,1797,1,1
paper2/figures/degeneracy_data.csv,digits_pca16|1.2|2,d,16,16,1,1
paper2/figures/degeneracy_data.csv,digits_pca16|1.2|2,c,10,10,1,1
paper2/figures/degeneracy_data.csv,digits_pca16|1.2|3,distinct,10,10,1,1
paper2/figures/degeneracy_data.csv,digits_pca16|1.2|3,entropy_norm,0.308431,0.308431,1,1
paper2/figures/degeneracy_data.csv,digits_pca16|1.2|3,n,1797,1797,1,1
paper2/figures/degeneracy_data.csv,digits_pca16|1.2|3,d,16,16,1,1
paper2/figures/degeneracy_data.csv,digits_pca16|1.2|3,c,10,10,1,1
paper2/figures/degeneracy_data.csv,digits_pca16|1.2|4,distinct,10,10,1,1
paper2/figures/degeneracy_data.csv,digits_pca16|1.2|4,entropy_norm,0.300031,0.300031,1,1
paper2/figures/degeneracy_data.csv,digits_pca16|1.2|4,n,1797,1797,1,1
paper2/figures/degeneracy_data.csv,digits_pca16|1.2|4,d,16,16,1,1
paper2/figures/degeneracy_data.csv,digits_pca16|1.2|4,c,10,10,1,1
paper2/figures/degeneracy_data.csv,digits_pca16|1.1|0,distinct,10,10,1,1
paper2/figures/degeneracy_data.csv,digits_pca16|1.1|0,entropy_norm,0.104958,0.104958,1,1
paper2/figures/degeneracy_data.csv,digits_pca16|1.1|0,n,1797,1797,1,1
paper2/figures/degeneracy_data.csv,digits_pca16|1.1|0,d,16,16,1,1
paper2/figures/degeneracy_data.csv,digits_pca16|1.1|0,c,10,10,1,1
paper2/figures/degeneracy_data.csv,digits_pca16|1.1|1,distinct,10,10,1,1
paper2/figures/degeneracy_data.csv,digits_pca16|1.1|1,entropy_norm,0.104958,0.104958,1,1
paper2/figures/degeneracy_data.csv,digits_pca16|1.1|1,n,1797,1797,1,1
paper2/figures/degeneracy_data.csv,digits_pca16|1.1|1,d,16,16,1,1
paper2/figures/degeneracy_data.csv,digits_pca16|1.1|1,c,10,10,1,1
paper2/figures/degeneracy_data.csv,digits_pca16|1.1|2,distinct,10,10,1,1
paper2/figures/degeneracy_data.csv,digits_pca16|1.1|2,entropy_norm,0.101725,0.101725,1,1
paper2/figures/degeneracy_data.csv,digits_pca16|1.1|2,n,1797,1797,1,1
paper2/figures/degeneracy_data.csv,digits_pca16|1.1|2,d,16,16,1,1
paper2/figures/degeneracy_data.csv,digits_pca16|1.1|2,c,10,10,1,1
paper2/figures/degeneracy_data.csv,digits_pca16|1.1|3,distinct,10,10,1,1
paper2/figures/degeneracy_data.csv,digits_pca16|1.1|3,entropy_norm,0.100599,0.100599,1,1
paper2/figures/degeneracy_data.csv,digits_pca16|1.1|3,n,1797,1797,1,1
paper2/figures/degeneracy_data.csv,digits_pca16|1.1|3,d,16,16,1,1
paper2/figures/degeneracy_data.csv,digits_pca16|1.1|3,c,10,10,1,1
paper2/figures/degeneracy_data.csv,digits_pca16|1.1|4,distinct,10,10,1,1
paper2/figures/degeneracy_data.csv,digits_pca16|1.1|4,entropy_norm,0.100599,0.100599,1,1
paper2/figures/degeneracy_data.csv,digits_pca16|1.1|4,n,1797,1797,1,1
paper2/figures/degeneracy_data.csv,digits_pca16|1.1|4,d,16,16,1,1
paper2/figures/degeneracy_data.csv,digits_pca16|1.1|4,c,10,10,1,1
paper2/figures/degeneracy_data.csv,digits_pca32|2.0|0,distinct,1,1,1,1
paper2/figures/degeneracy_data.csv,digits_pca32|2.0|0,entropy_norm,1.0,1.0,1,1
paper2/figures/degeneracy_data.csv,digits_pca32|2.0|0,n,1797,1797,1,1
paper2/figures/degeneracy_data.csv,digits_pca32|2.0|0,d,32,32,1,1
paper2/figures/degeneracy_data.csv,digits_pca32|2.0|0,c,10,10,1,1
paper2/figures/degeneracy_data.csv,digits_pca32|2.0|1,distinct,1,1,1,1
paper2/figures/degeneracy_data.csv,digits_pca32|2.0|1,entropy_norm,1.0,1.0,1,1
paper2/figures/degeneracy_data.csv,digits_pca32|2.0|1,n,1797,1797,1,1
paper2/figures/degeneracy_data.csv,digits_pca32|2.0|1,d,32,32,1,1
paper2/figures/degeneracy_data.csv,digits_pca32|2.0|1,c,10,10,1,1
paper2/figures/degeneracy_data.csv,digits_pca32|2.0|2,distinct,1,1,1,1
paper2/figures/degeneracy_data.csv,digits_pca32|2.0|2,entropy_norm,1.0,1.0,1,1
paper2/figures/degeneracy_data.csv,digits_pca32|2.0|2,n,1797,1797,1,1
paper2/figures/degeneracy_data.csv,digits_pca32|2.0|2,d,32,32,1,1
paper2/figures/degeneracy_data.csv,digits_pca32|2.0|2,c,10,10,1,1
paper2/figures/degeneracy_data.csv,digits_pca32|2.0|3,distinct,1,1,1,1
paper2/figures/degeneracy_data.csv,digits_pca32|2.0|3,entropy_norm,1.0,1.0,1,1
paper2/figures/degeneracy_data.csv,digits_pca32|2.0|3,n,1797,1797,1,1
paper2/figures/degeneracy_data.csv,digits_pca32|2.0|3,d,32,32,1,1
paper2/figures/degeneracy_data.csv,digits_pca32|2.0|3,c,10,10,1,1
paper2/figures/degeneracy_data.csv,digits_pca32|2.0|4,distinct,1,1,1,1
paper2/figures/degeneracy_data.csv,digits_pca32|2.0|4,entropy_norm,1.0,1.0,1,1
paper2/figures/degeneracy_data.csv,digits_pca32|2.0|4,n,1797,1797,1,1
paper2/figures/degeneracy_data.csv,digits_pca32|2.0|4,d,32,32,1,1
paper2/figures/degeneracy_data.csv,digits_pca32|2.0|4,c,10,10,1,1
paper2/figures/degeneracy_data.csv,digits_pca32|1.5|0,distinct,1,1,1,1
paper2/figures/degeneracy_data.csv,digits_pca32|1.5|0,entropy_norm,1.0,1.0,1,1
paper2/figures/degeneracy_data.csv,digits_pca32|1.5|0,n,1797,1797,1,1
paper2/figures/degeneracy_data.csv,digits_pca32|1.5|0,d,32,32,1,1
paper2/figures/degeneracy_data.csv,digits_pca32|1.5|0,c,10,10,1,1
paper2/figures/degeneracy_data.csv,digits_pca32|1.5|1,distinct,1,1,1,1
paper2/figures/degeneracy_data.csv,digits_pca32|1.5|1,entropy_norm,1.0,1.0,1,1
paper2/figures/degeneracy_data.csv,digits_pca32|1.5|1,n,1797,1797,1,1
paper2/figures/degeneracy_data.csv,digits_pca32|1.5|1,d,32,32,1,1
paper2/figures/degeneracy_data.csv,digits_pca32|1.5|1,c,10,10,1,1
paper2/figures/degeneracy_data.csv,digits_pca32|1.5|2,distinct,1,1,1,1
paper2/figures/degeneracy_data.csv,digits_pca32|1.5|2,entropy_norm,1.0,1.0,1,1
paper2/figures/degeneracy_data.csv,digits_pca32|1.5|2,n,1797,1797,1,1
paper2/figures/degeneracy_data.csv,digits_pca32|1.5|2,d,32,32,1,1
paper2/figures/degeneracy_data.csv,digits_pca32|1.5|2,c,10,10,1,1
paper2/figures/degeneracy_data.csv,digits_pca32|1.5|3,distinct,1,1,1,1
paper2/figures/degeneracy_data.csv,digits_pca32|1.5|3,entropy_norm,1.0,1.0,1,1
paper2/figures/degeneracy_data.csv,digits_pca32|1.5|3,n,1797,1797,1,1
paper2/figures/degeneracy_data.csv,digits_pca32|1.5|3,d,32,32,1,1
paper2/figures/degeneracy_data.csv,digits_pca32|1.5|3,c,10,10,1,1
paper2/figures/degeneracy_data.csv,digits_pca32|1.5|4,distinct,1,1,1,1
paper2/figures/degeneracy_data.csv,digits_pca32|1.5|4,entropy_norm,1.0,1.0,1,1
paper2/figures/degeneracy_data.csv,digits_pca32|1.5|4,n,1797,1797,1,1
paper2/figures/degeneracy_data.csv,digits_pca32|1.5|4,d,32,32,1,1
paper2/figures/degeneracy_data.csv,digits_pca32|1.5|4,c,10,10,1,1
paper2/figures/degeneracy_data.csv,digits_pca32|1.3|0,distinct,1,1,1,1
paper2/figures/degeneracy_data.csv,digits_pca32|1.3|0,entropy_norm,1.0,1.0,1,1
paper2/figures/degeneracy_data.csv,digits_pca32|1.3|0,n,1797,1797,1,1
paper2/figures/degeneracy_data.csv,digits_pca32|1.3|0,d,32,32,1,1
paper2/figures/degeneracy_data.csv,digits_pca32|1.3|0,c,10,10,1,1
paper2/figures/degeneracy_data.csv,digits_pca32|1.3|1,distinct,1,1,1,1
paper2/figures/degeneracy_data.csv,digits_pca32|1.3|1,entropy_norm,1.0,1.0,1,1
paper2/figures/degeneracy_data.csv,digits_pca32|1.3|1,n,1797,1797,1,1
paper2/figures/degeneracy_data.csv,digits_pca32|1.3|1,d,32,32,1,1
paper2/figures/degeneracy_data.csv,digits_pca32|1.3|1,c,10,10,1,1
paper2/figures/degeneracy_data.csv,digits_pca32|1.3|2,distinct,1,1,1,1
paper2/figures/degeneracy_data.csv,digits_pca32|1.3|2,entropy_norm,1.0,1.0,1,1
paper2/figures/degeneracy_data.csv,digits_pca32|1.3|2,n,1797,1797,1,1
paper2/figures/degeneracy_data.csv,digits_pca32|1.3|2,d,32,32,1,1
paper2/figures/degeneracy_data.csv,digits_pca32|1.3|2,c,10,10,1,1
paper2/figures/degeneracy_data.csv,digits_pca32|1.3|3,distinct,1,1,1,1
paper2/figures/degeneracy_data.csv,digits_pca32|1.3|3,entropy_norm,1.0,1.0,1,1
paper2/figures/degeneracy_data.csv,digits_pca32|1.3|3,n,1797,1797,1,1
paper2/figures/degeneracy_data.csv,digits_pca32|1.3|3,d,32,32,1,1
paper2/figures/degeneracy_data.csv,digits_pca32|1.3|3,c,10,10,1,1
paper2/figures/degeneracy_data.csv,digits_pca32|1.3|4,distinct,1,1,1,1
paper2/figures/degeneracy_data.csv,digits_pca32|1.3|4,entropy_norm,1.0,1.0,1,1
paper2/figures/degeneracy_data.csv,digits_pca32|1.3|4,n,1797,1797,1,1
paper2/figures/degeneracy_data.csv,digits_pca32|1.3|4,d,32,32,1,1
paper2/figures/degeneracy_data.csv,digits_pca32|1.3|4,c,10,10,1,1
paper2/figures/degeneracy_data.csv,digits_pca32|1.2|0,distinct,2,2,1,1
paper2/figures/degeneracy_data.csv,digits_pca32|1.2|0,entropy_norm,0.952695,0.952695,1,1
paper2/figures/degeneracy_data.csv,digits_pca32|1.2|0,n,1797,1797,1,1
paper2/figures/degeneracy_data.csv,digits_pca32|1.2|0,d,32,32,1,1
paper2/figures/degeneracy_data.csv,digits_pca32|1.2|0,c,10,10,1,1
paper2/figures/degeneracy_data.csv,digits_pca32|1.2|1,distinct,1,1,1,1
paper2/figures/degeneracy_data.csv,digits_pca32|1.2|1,entropy_norm,1.0,1.0,1,1
paper2/figures/degeneracy_data.csv,digits_pca32|1.2|1,n,1797,1797,1,1
paper2/figures/degeneracy_data.csv,digits_pca32|1.2|1,d,32,32,1,1
paper2/figures/degeneracy_data.csv,digits_pca32|1.2|1,c,10,10,1,1
paper2/figures/degeneracy_data.csv,digits_pca32|1.2|2,distinct,2,2,1,1
paper2/figures/degeneracy_data.csv,digits_pca32|1.2|2,entropy_norm,0.952695,0.952695,1,1
paper2/figures/degeneracy_data.csv,digits_pca32|1.2|2,n,1797,1797,1,1
paper2/figures/degeneracy_data.csv,digits_pca32|1.2|2,d,32,32,1,1
paper2/figures/degeneracy_data.csv,digits_pca32|1.2|2,c,10,10,1,1
paper2/figures/degeneracy_data.csv,digits_pca32|1.2|3,distinct,2,2,1,1
paper2/figures/degeneracy_data.csv,digits_pca32|1.2|3,entropy_norm,0.949013,0.949013,1,1
paper2/figures/degeneracy_data.csv,digits_pca32|1.2|3,n,1797,1797,1,1
paper2/figures/degeneracy_data.csv,digits_pca32|1.2|3,d,32,32,1,1
paper2/figures/degeneracy_data.csv,digits_pca32|1.2|3,c,10,10,1,1
paper2/figures/degeneracy_data.csv,digits_pca32|1.2|4,distinct,2,2,1,1
paper2/figures/degeneracy_data.csv,digits_pca32|1.2|4,entropy_norm,0.952695,0.952695,1,1
paper2/figures/degeneracy_data.csv,digits_pca32|1.2|4,n,1797,1797,1,1
paper2/figures/degeneracy_data.csv,digits_pca32|1.2|4,d,32,32,1,1
paper2/figures/degeneracy_data.csv,digits_pca32|1.2|4,c,10,10,1,1
paper2/figures/degeneracy_data.csv,digits_pca32|1.1|0,distinct,10,10,1,1
paper2/figures/degeneracy_data.csv,digits_pca32|1.1|0,entropy_norm,0.28701,0.28701,1,1
paper2/figures/degeneracy_data.csv,digits_pca32|1.1|0,n,1797,1797,1,1
paper2/figures/degeneracy_data.csv,digits_pca32|1.1|0,d,32,32,1,1
paper2/figures/degeneracy_data.csv,digits_pca32|1.1|0,c,10,10,1,1
paper2/figures/degeneracy_data.csv,digits_pca32|1.1|1,distinct,10,10,1,1
paper2/figures/degeneracy_data.csv,digits_pca32|1.1|1,entropy_norm,0.285931,0.285931,1,1
paper2/figures/degeneracy_data.csv,digits_pca32|1.1|1,n,1797,1797,1,1
paper2/figures/degeneracy_data.csv,digits_pca32|1.1|1,d,32,32,1,1
paper2/figures/degeneracy_data.csv,digits_pca32|1.1|1,c,10,10,1,1
paper2/figures/degeneracy_data.csv,digits_pca32|1.1|2,distinct,10,10,1,1
paper2/figures/degeneracy_data.csv,digits_pca32|1.1|2,entropy_norm,0.294381,0.294381,1,1
paper2/figures/degeneracy_data.csv,digits_pca32|1.1|2,n,1797,1797,1,1
paper2/figures/degeneracy_data.csv,digits_pca32|1.1|2,d,32,32,1,1
paper2/figures/degeneracy_data.csv,digits_pca32|1.1|2,c,10,10,1,1
paper2/figures/degeneracy_data.csv,digits_pca32|1.1|3,distinct,10,10,1,1
paper2/figures/degeneracy_data.csv,digits_pca32|1.1|3,entropy_norm,0.280133,0.280133,1,1
paper2/figures/degeneracy_data.csv,digits_pca32|1.1|3,n,1797,1797,1,1
paper2/figures/degeneracy_data.csv,digits_pca32|1.1|3,d,32,32,1,1
paper2/figures/degeneracy_data.csv,digits_pca32|1.1|3,c,10,10,1,1
paper2/figures/degeneracy_data.csv,digits_pca32|1.1|4,distinct,10,10,1,1
paper2/figures/degeneracy_data.csv,digits_pca32|1.1|4,entropy_norm,0.281461,0.281461,1,1
paper2/figures/degeneracy_data.csv,digits_pca32|1.1|4,n,1797,1797,1,1
paper2/figures/degeneracy_data.csv,digits_pca32|1.1|4,d,32,32,1,1
paper2/figures/degeneracy_data.csv,digits_pca32|1.1|4,c,10,10,1,1
paper2/figures/degeneracy_data.csv,letter|2.0|0,distinct,1,1,1,1
paper2/figures/degeneracy_data.csv,letter|2.0|0,entropy_norm,1.0,1.0,1,1
paper2/figures/degeneracy_data.csv,letter|2.0|0,n,20000,20000,1,1
paper2/figures/degeneracy_data.csv,letter|2.0|0,d,16,16,1,1
paper2/figures/degeneracy_data.csv,letter|2.0|0,c,26,26,1,1
paper2/figures/degeneracy_data.csv,letter|2.0|1,distinct,1,1,1,1
paper2/figures/degeneracy_data.csv,letter|2.0|1,entropy_norm,1.0,1.0,1,1
paper2/figures/degeneracy_data.csv,letter|2.0|1,n,20000,20000,1,1
paper2/figures/degeneracy_data.csv,letter|2.0|1,d,16,16,1,1
paper2/figures/degeneracy_data.csv,letter|2.0|1,c,26,26,1,1
paper2/figures/degeneracy_data.csv,letter|2.0|2,distinct,2,2,1,1
paper2/figures/degeneracy_data.csv,letter|2.0|2,entropy_norm,0.993628,0.993628,1,1
paper2/figures/degeneracy_data.csv,letter|2.0|2,n,20000,20000,1,1
paper2/figures/degeneracy_data.csv,letter|2.0|2,d,16,16,1,1
paper2/figures/degeneracy_data.csv,letter|2.0|2,c,26,26,1,1
paper2/figures/degeneracy_data.csv,letter|2.0|3,distinct,1,1,1,1
paper2/figures/degeneracy_data.csv,letter|2.0|3,entropy_norm,1.0,1.0,1,1
paper2/figures/degeneracy_data.csv,letter|2.0|3,n,20000,20000,1,1
paper2/figures/degeneracy_data.csv,letter|2.0|3,d,16,16,1,1
paper2/figures/degeneracy_data.csv,letter|2.0|3,c,26,26,1,1
paper2/figures/degeneracy_data.csv,letter|2.0|4,distinct,2,2,1,1
paper2/figures/degeneracy_data.csv,letter|2.0|4,entropy_norm,0.993628,0.993628,1,1
paper2/figures/degeneracy_data.csv,letter|2.0|4,n,20000,20000,1,1
paper2/figures/degeneracy_data.csv,letter|2.0|4,d,16,16,1,1
paper2/figures/degeneracy_data.csv,letter|2.0|4,c,26,26,1,1
paper2/figures/degeneracy_data.csv,letter|1.5|0,distinct,23,23,1,1
paper2/figures/degeneracy_data.csv,letter|1.5|0,entropy_norm,0.882267,0.882267,1,1
paper2/figures/degeneracy_data.csv,letter|1.5|0,n,20000,20000,1,1
paper2/figures/degeneracy_data.csv,letter|1.5|0,d,16,16,1,1
paper2/figures/degeneracy_data.csv,letter|1.5|0,c,26,26,1,1
paper2/figures/degeneracy_data.csv,letter|1.5|1,distinct,25,25,1,1
paper2/figures/degeneracy_data.csv,letter|1.5|1,entropy_norm,0.869166,0.869166,1,1
paper2/figures/degeneracy_data.csv,letter|1.5|1,n,20000,20000,1,1
paper2/figures/degeneracy_data.csv,letter|1.5|1,d,16,16,1,1
paper2/figures/degeneracy_data.csv,letter|1.5|1,c,26,26,1,1
paper2/figures/degeneracy_data.csv,letter|1.5|2,distinct,24,24,1,1
paper2/figures/degeneracy_data.csv,letter|1.5|2,entropy_norm,0.851814,0.851814,1,1
paper2/figures/degeneracy_data.csv,letter|1.5|2,n,20000,20000,1,1
paper2/figures/degeneracy_data.csv,letter|1.5|2,d,16,16,1,1
paper2/figures/degeneracy_data.csv,letter|1.5|2,c,26,26,1,1
paper2/figures/degeneracy_data.csv,letter|1.5|3,distinct,24,24,1,1
paper2/figures/degeneracy_data.csv,letter|1.5|3,entropy_norm,0.869589,0.869589,1,1
paper2/figures/degeneracy_data.csv,letter|1.5|3,n,20000,20000,1,1
paper2/figures/degeneracy_data.csv,letter|1.5|3,d,16,16,1,1
paper2/figures/degeneracy_data.csv,letter|1.5|3,c,26,26,1,1
paper2/figures/degeneracy_data.csv,letter|1.5|4,distinct,26,26,1,1
paper2/figures/degeneracy_data.csv,letter|1.5|4,entropy_norm,0.882557,0.882557,1,1
paper2/figures/degeneracy_data.csv,letter|1.5|4,n,20000,20000,1,1
paper2/figures/degeneracy_data.csv,letter|1.5|4,d,16,16,1,1
paper2/figures/degeneracy_data.csv,letter|1.5|4,c,26,26,1,1
paper2/figures/degeneracy_data.csv,letter|1.3|0,distinct,26,26,1,1
paper2/figures/degeneracy_data.csv,letter|1.3|0,entropy_norm,0.500944,0.500944,1,1
paper2/figures/degeneracy_data.csv,letter|1.3|0,n,20000,20000,1,1
paper2/figures/degeneracy_data.csv,letter|1.3|0,d,16,16,1,1
paper2/figures/degeneracy_data.csv,letter|1.3|0,c,26,26,1,1
paper2/figures/degeneracy_data.csv,letter|1.3|1,distinct,26,26,1,1
paper2/figures/degeneracy_data.csv,letter|1.3|1,entropy_norm,0.475974,0.475974,1,1
paper2/figures/degeneracy_data.csv,letter|1.3|1,n,20000,20000,1,1
paper2/figures/degeneracy_data.csv,letter|1.3|1,d,16,16,1,1
paper2/figures/degeneracy_data.csv,letter|1.3|1,c,26,26,1,1
paper2/figures/degeneracy_data.csv,letter|1.3|2,distinct,26,26,1,1
paper2/figures/degeneracy_data.csv,letter|1.3|2,entropy_norm,0.467648,0.467648,1,1
paper2/figures/degeneracy_data.csv,letter|1.3|2,n,20000,20000,1,1
paper2/figures/degeneracy_data.csv,letter|1.3|2,d,16,16,1,1
paper2/figures/degeneracy_data.csv,letter|1.3|2,c,26,26,1,1
paper2/figures/degeneracy_data.csv,letter|1.3|3,distinct,26,26,1,1
paper2/figures/degeneracy_data.csv,letter|1.3|3,entropy_norm,0.474327,0.474327,1,1
paper2/figures/degeneracy_data.csv,letter|1.3|3,n,20000,20000,1,1
paper2/figures/degeneracy_data.csv,letter|1.3|3,d,16,16,1,1
paper2/figures/degeneracy_data.csv,letter|1.3|3,c,26,26,1,1
paper2/figures/degeneracy_data.csv,letter|1.3|4,distinct,26,26,1,1
paper2/figures/degeneracy_data.csv,letter|1.3|4,entropy_norm,0.472518,0.472518,1,1
paper2/figures/degeneracy_data.csv,letter|1.3|4,n,20000,20000,1,1
paper2/figures/degeneracy_data.csv,letter|1.3|4,d,16,16,1,1
paper2/figures/degeneracy_data.csv,letter|1.3|4,c,26,26,1,1
paper2/figures/degeneracy_data.csv,letter|1.2|0,distinct,26,26,1,1
paper2/figures/degeneracy_data.csv,letter|1.2|0,entropy_norm,0.247562,0.247562,1,1
paper2/figures/degeneracy_data.csv,letter|1.2|0,n,20000,20000,1,1
paper2/figures/degeneracy_data.csv,letter|1.2|0,d,16,16,1,1
paper2/figures/degeneracy_data.csv,letter|1.2|0,c,26,26,1,1
paper2/figures/degeneracy_data.csv,letter|1.2|1,distinct,26,26,1,1
paper2/figures/degeneracy_data.csv,letter|1.2|1,entropy_norm,0.246536,0.246536,1,1
paper2/figures/degeneracy_data.csv,letter|1.2|1,n,20000,20000,1,1
paper2/figures/degeneracy_data.csv,letter|1.2|1,d,16,16,1,1
paper2/figures/degeneracy_data.csv,letter|1.2|1,c,26,26,1,1
paper2/figures/degeneracy_data.csv,letter|1.2|2,distinct,26,26,1,1
paper2/figures/degeneracy_data.csv,letter|1.2|2,entropy_norm,0.246011,0.246011,1,1
paper2/figures/degeneracy_data.csv,letter|1.2|2,n,20000,20000,1,1
paper2/figures/degeneracy_data.csv,letter|1.2|2,d,16,16,1,1
paper2/figures/degeneracy_data.csv,letter|1.2|2,c,26,26,1,1
paper2/figures/degeneracy_data.csv,letter|1.2|3,distinct,26,26,1,1
paper2/figures/degeneracy_data.csv,letter|1.2|3,entropy_norm,0.242872,0.242872,1,1
paper2/figures/degeneracy_data.csv,letter|1.2|3,n,20000,20000,1,1
paper2/figures/degeneracy_data.csv,letter|1.2|3,d,16,16,1,1
paper2/figures/degeneracy_data.csv,letter|1.2|3,c,26,26,1,1
paper2/figures/degeneracy_data.csv,letter|1.2|4,distinct,26,26,1,1
paper2/figures/degeneracy_data.csv,letter|1.2|4,entropy_norm,0.244152,0.244152,1,1
paper2/figures/degeneracy_data.csv,letter|1.2|4,n,20000,20000,1,1
paper2/figures/degeneracy_data.csv,letter|1.2|4,d,16,16,1,1
paper2/figures/degeneracy_data.csv,letter|1.2|4,c,26,26,1,1
paper2/figures/degeneracy_data.csv,letter|1.1|0,distinct,26,26,1,1
paper2/figures/degeneracy_data.csv,letter|1.1|0,entropy_norm,0.089214,0.089214,1,1
paper2/figures/degeneracy_data.csv,letter|1.1|0,n,20000,20000,1,1
paper2/figures/degeneracy_data.csv,letter|1.1|0,d,16,16,1,1
paper2/figures/degeneracy_data.csv,letter|1.1|0,c,26,26,1,1
paper2/figures/degeneracy_data.csv,letter|1.1|1,distinct,26,26,1,1
paper2/figures/degeneracy_data.csv,letter|1.1|1,entropy_norm,0.088393,0.088393,1,1
paper2/figures/degeneracy_data.csv,letter|1.1|1,n,20000,20000,1,1
paper2/figures/degeneracy_data.csv,letter|1.1|1,d,16,16,1,1
paper2/figures/degeneracy_data.csv,letter|1.1|1,c,26,26,1,1
paper2/figures/degeneracy_data.csv,letter|1.1|2,distinct,26,26,1,1
paper2/figures/degeneracy_data.csv,letter|1.1|2,entropy_norm,0.083339,0.083339,1,1
paper2/figures/degeneracy_data.csv,letter|1.1|2,n,20000,20000,1,1
paper2/figures/degeneracy_data.csv,letter|1.1|2,d,16,16,1,1
paper2/figures/degeneracy_data.csv,letter|1.1|2,c,26,26,1,1
paper2/figures/degeneracy_data.csv,letter|1.1|3,distinct,26,26,1,1
paper2/figures/degeneracy_data.csv,letter|1.1|3,entropy_norm,0.084919,0.084919,1,1
paper2/figures/degeneracy_data.csv,letter|1.1|3,n,20000,20000,1,1
paper2/figures/degeneracy_data.csv,letter|1.1|3,d,16,16,1,1
paper2/figures/degeneracy_data.csv,letter|1.1|3,c,26,26,1,1
paper2/figures/degeneracy_data.csv,letter|1.1|4,distinct,26,26,1,1
paper2/figures/degeneracy_data.csv,letter|1.1|4,entropy_norm,0.087782,0.087782,1,1
paper2/figures/degeneracy_data.csv,letter|1.1|4,n,20000,20000,1,1
paper2/figures/degeneracy_data.csv,letter|1.1|4,d,16,16,1,1
paper2/figures/degeneracy_data.csv,letter|1.1|4,c,26,26,1,1
paper2/figures/degeneracy_data.csv,mnist784_pca32 (20c)|2.0|0,distinct,1,1,1,1
paper2/figures/degeneracy_data.csv,mnist784_pca32 (20c)|2.0|0,entropy_norm,1.0,1.0,1,1
paper2/figures/degeneracy_data.csv,mnist784_pca32 (20c)|2.0|0,n,70000,70000,1,1
paper2/figures/degeneracy_data.csv,mnist784_pca32 (20c)|2.0|0,d,32,32,1,1
paper2/figures/degeneracy_data.csv,mnist784_pca32 (20c)|2.0|0,c,10,10,1,1
paper2/figures/degeneracy_data.csv,mnist784_pca32 (20c)|2.0|1,distinct,1,1,1,1
paper2/figures/degeneracy_data.csv,mnist784_pca32 (20c)|2.0|1,entropy_norm,1.0,1.0,1,1
paper2/figures/degeneracy_data.csv,mnist784_pca32 (20c)|2.0|1,n,70000,70000,1,1
paper2/figures/degeneracy_data.csv,mnist784_pca32 (20c)|2.0|1,d,32,32,1,1
paper2/figures/degeneracy_data.csv,mnist784_pca32 (20c)|2.0|1,c,10,10,1,1
paper2/figures/degeneracy_data.csv,mnist784_pca32 (20c)|2.0|2,distinct,1,1,1,1
paper2/figures/degeneracy_data.csv,mnist784_pca32 (20c)|2.0|2,entropy_norm,1.0,1.0,1,1
paper2/figures/degeneracy_data.csv,mnist784_pca32 (20c)|2.0|2,n,70000,70000,1,1
paper2/figures/degeneracy_data.csv,mnist784_pca32 (20c)|2.0|2,d,32,32,1,1
paper2/figures/degeneracy_data.csv,mnist784_pca32 (20c)|2.0|2,c,10,10,1,1
paper2/figures/degeneracy_data.csv,mnist784_pca32 (20c)|2.0|3,distinct,1,1,1,1
paper2/figures/degeneracy_data.csv,mnist784_pca32 (20c)|2.0|3,entropy_norm,1.0,1.0,1,1
paper2/figures/degeneracy_data.csv,mnist784_pca32 (20c)|2.0|3,n,70000,70000,1,1
paper2/figures/degeneracy_data.csv,mnist784_pca32 (20c)|2.0|3,d,32,32,1,1
paper2/figures/degeneracy_data.csv,mnist784_pca32 (20c)|2.0|3,c,10,10,1,1
paper2/figures/degeneracy_data.csv,mnist784_pca32 (20c)|2.0|4,distinct,1,1,1,1
paper2/figures/degeneracy_data.csv,mnist784_pca32 (20c)|2.0|4,entropy_norm,1.0,1.0,1,1
paper2/figures/degeneracy_data.csv,mnist784_pca32 (20c)|2.0|4,n,70000,70000,1,1
paper2/figures/degeneracy_data.csv,mnist784_pca32 (20c)|2.0|4,d,32,32,1,1
paper2/figures/degeneracy_data.csv,mnist784_pca32 (20c)|2.0|4,c,10,10,1,1
paper2/figures/degeneracy_data.csv,mnist784_pca32 (20c)|1.5|0,distinct,1,1,1,1
paper2/figures/degeneracy_data.csv,mnist784_pca32 (20c)|1.5|0,entropy_norm,1.0,1.0,1,1
paper2/figures/degeneracy_data.csv,mnist784_pca32 (20c)|1.5|0,n,70000,70000,1,1
paper2/figures/degeneracy_data.csv,mnist784_pca32 (20c)|1.5|0,d,32,32,1,1
paper2/figures/degeneracy_data.csv,mnist784_pca32 (20c)|1.5|0,c,10,10,1,1
paper2/figures/degeneracy_data.csv,mnist784_pca32 (20c)|1.5|1,distinct,1,1,1,1
paper2/figures/degeneracy_data.csv,mnist784_pca32 (20c)|1.5|1,entropy_norm,1.0,1.0,1,1
paper2/figures/degeneracy_data.csv,mnist784_pca32 (20c)|1.5|1,n,70000,70000,1,1
paper2/figures/degeneracy_data.csv,mnist784_pca32 (20c)|1.5|1,d,32,32,1,1
paper2/figures/degeneracy_data.csv,mnist784_pca32 (20c)|1.5|1,c,10,10,1,1
paper2/figures/degeneracy_data.csv,mnist784_pca32 (20c)|1.5|2,distinct,1,1,1,1
paper2/figures/degeneracy_data.csv,mnist784_pca32 (20c)|1.5|2,entropy_norm,1.0,1.0,1,1
paper2/figures/degeneracy_data.csv,mnist784_pca32 (20c)|1.5|2,n,70000,70000,1,1
paper2/figures/degeneracy_data.csv,mnist784_pca32 (20c)|1.5|2,d,32,32,1,1
paper2/figures/degeneracy_data.csv,mnist784_pca32 (20c)|1.5|2,c,10,10,1,1
paper2/figures/degeneracy_data.csv,mnist784_pca32 (20c)|1.5|3,distinct,1,1,1,1
paper2/figures/degeneracy_data.csv,mnist784_pca32 (20c)|1.5|3,entropy_norm,1.0,1.0,1,1
paper2/figures/degeneracy_data.csv,mnist784_pca32 (20c)|1.5|3,n,70000,70000,1,1
paper2/figures/degeneracy_data.csv,mnist784_pca32 (20c)|1.5|3,d,32,32,1,1
paper2/figures/degeneracy_data.csv,mnist784_pca32 (20c)|1.5|3,c,10,10,1,1
paper2/figures/degeneracy_data.csv,mnist784_pca32 (20c)|1.5|4,distinct,1,1,1,1
paper2/figures/degeneracy_data.csv,mnist784_pca32 (20c)|1.5|4,entropy_norm,1.0,1.0,1,1
paper2/figures/degeneracy_data.csv,mnist784_pca32 (20c)|1.5|4,n,70000,70000,1,1
paper2/figures/degeneracy_data.csv,mnist784_pca32 (20c)|1.5|4,d,32,32,1,1
paper2/figures/degeneracy_data.csv,mnist784_pca32 (20c)|1.5|4,c,10,10,1,1
paper2/figures/degeneracy_data.csv,mnist784_pca32 (20c)|1.3|0,distinct,2,2,1,1
paper2/figures/degeneracy_data.csv,mnist784_pca32 (20c)|1.3|0,entropy_norm,0.964672,0.964672,1,1
paper2/figures/degeneracy_data.csv,mnist784_pca32 (20c)|1.3|0,n,70000,70000,1,1
paper2/figures/degeneracy_data.csv,mnist784_pca32 (20c)|1.3|0,d,32,32,1,1
paper2/figures/degeneracy_data.csv,mnist784_pca32 (20c)|1.3|0,c,10,10,1,1
paper2/figures/degeneracy_data.csv,mnist784_pca32 (20c)|1.3|1,distinct,1,1,1,1
paper2/figures/degeneracy_data.csv,mnist784_pca32 (20c)|1.3|1,entropy_norm,1.0,1.0,1,1
paper2/figures/degeneracy_data.csv,mnist784_pca32 (20c)|1.3|1,n,70000,70000,1,1
paper2/figures/degeneracy_data.csv,mnist784_pca32 (20c)|1.3|1,d,32,32,1,1
paper2/figures/degeneracy_data.csv,mnist784_pca32 (20c)|1.3|1,c,10,10,1,1
paper2/figures/degeneracy_data.csv,mnist784_pca32 (20c)|1.3|2,distinct,1,1,1,1
paper2/figures/degeneracy_data.csv,mnist784_pca32 (20c)|1.3|2,entropy_norm,1.0,1.0,1,1
paper2/figures/degeneracy_data.csv,mnist784_pca32 (20c)|1.3|2,n,70000,70000,1,1
paper2/figures/degeneracy_data.csv,mnist784_pca32 (20c)|1.3|2,d,32,32,1,1
paper2/figures/degeneracy_data.csv,mnist784_pca32 (20c)|1.3|2,c,10,10,1,1
paper2/figures/degeneracy_data.csv,mnist784_pca32 (20c)|1.3|3,distinct,1,1,1,1
paper2/figures/degeneracy_data.csv,mnist784_pca32 (20c)|1.3|3,entropy_norm,1.0,1.0,1,1
paper2/figures/degeneracy_data.csv,mnist784_pca32 (20c)|1.3|3,n,70000,70000,1,1
paper2/figures/degeneracy_data.csv,mnist784_pca32 (20c)|1.3|3,d,32,32,1,1
paper2/figures/degeneracy_data.csv,mnist784_pca32 (20c)|1.3|3,c,10,10,1,1
paper2/figures/degeneracy_data.csv,mnist784_pca32 (20c)|1.3|4,distinct,1,1,1,1
paper2/figures/degeneracy_data.csv,mnist784_pca32 (20c)|1.3|4,entropy_norm,1.0,1.0,1,1
paper2/figures/degeneracy_data.csv,mnist784_pca32 (20c)|1.3|4,n,70000,70000,1,1
paper2/figures/degeneracy_data.csv,mnist784_pca32 (20c)|1.3|4,d,32,32,1,1
paper2/figures/degeneracy_data.csv,mnist784_pca32 (20c)|1.3|4,c,10,10,1,1
paper2/figures/degeneracy_data.csv,mnist784_pca32 (20c)|1.2|0,distinct,3,3,1,1
paper2/figures/degeneracy_data.csv,mnist784_pca32 (20c)|1.2|0,entropy_norm,0.892241,0.892241,1,1
paper2/figures/degeneracy_data.csv,mnist784_pca32 (20c)|1.2|0,n,70000,70000,1,1
paper2/figures/degeneracy_data.csv,mnist784_pca32 (20c)|1.2|0,d,32,32,1,1
paper2/figures/degeneracy_data.csv,mnist784_pca32 (20c)|1.2|0,c,10,10,1,1
paper2/figures/degeneracy_data.csv,mnist784_pca32 (20c)|1.2|1,distinct,2,2,1,1
paper2/figures/degeneracy_data.csv,mnist784_pca32 (20c)|1.2|1,entropy_norm,0.934403,0.934403,1,1
paper2/figures/degeneracy_data.csv,mnist784_pca32 (20c)|1.2|1,n,70000,70000,1,1
paper2/figures/degeneracy_data.csv,mnist784_pca32 (20c)|1.2|1,d,32,32,1,1
paper2/figures/degeneracy_data.csv,mnist784_pca32 (20c)|1.2|1,c,10,10,1,1
paper2/figures/degeneracy_data.csv,mnist784_pca32 (20c)|1.2|2,distinct,3,3,1,1
paper2/figures/degeneracy_data.csv,mnist784_pca32 (20c)|1.2|2,entropy_norm,0.892241,0.892241,1,1
paper2/figures/degeneracy_data.csv,mnist784_pca32 (20c)|1.2|2,n,70000,70000,1,1
paper2/figures/degeneracy_data.csv,mnist784_pca32 (20c)|1.2|2,d,32,32,1,1
paper2/figures/degeneracy_data.csv,mnist784_pca32 (20c)|1.2|2,c,10,10,1,1
paper2/figures/degeneracy_data.csv,mnist784_pca32 (20c)|1.2|3,distinct,3,3,1,1
paper2/figures/degeneracy_data.csv,mnist784_pca32 (20c)|1.2|3,entropy_norm,0.892241,0.892241,1,1
paper2/figures/degeneracy_data.csv,mnist784_pca32 (20c)|1.2|3,n,70000,70000,1,1
paper2/figures/degeneracy_data.csv,mnist784_pca32 (20c)|1.2|3,d,32,32,1,1
paper2/figures/degeneracy_data.csv,mnist784_pca32 (20c)|1.2|3,c,10,10,1,1
paper2/figures/degeneracy_data.csv,mnist784_pca32 (20c)|1.2|4,distinct,3,3,1,1
paper2/figures/degeneracy_data.csv,mnist784_pca32 (20c)|1.2|4,entropy_norm,0.892241,0.892241,1,1
paper2/figures/degeneracy_data.csv,mnist784_pca32 (20c)|1.2|4,n,70000,70000,1,1
paper2/figures/degeneracy_data.csv,mnist784_pca32 (20c)|1.2|4,d,32,32,1,1
paper2/figures/degeneracy_data.csv,mnist784_pca32 (20c)|1.2|4,c,10,10,1,1
paper2/figures/degeneracy_data.csv,mnist784_pca32 (20c)|1.1|0,distinct,10,10,1,1
paper2/figures/degeneracy_data.csv,mnist784_pca32 (20c)|1.1|0,entropy_norm,0.348946,0.348946,1,1
paper2/figures/degeneracy_data.csv,mnist784_pca32 (20c)|1.1|0,n,70000,70000,1,1
paper2/figures/degeneracy_data.csv,mnist784_pca32 (20c)|1.1|0,d,32,32,1,1
paper2/figures/degeneracy_data.csv,mnist784_pca32 (20c)|1.1|0,c,10,10,1,1
paper2/figures/degeneracy_data.csv,mnist784_pca32 (20c)|1.1|1,distinct,10,10,1,1
paper2/figures/degeneracy_data.csv,mnist784_pca32 (20c)|1.1|1,entropy_norm,0.34884,0.34884,1,1
paper2/figures/degeneracy_data.csv,mnist784_pca32 (20c)|1.1|1,n,70000,70000,1,1
paper2/figures/degeneracy_data.csv,mnist784_pca32 (20c)|1.1|1,d,32,32,1,1
paper2/figures/degeneracy_data.csv,mnist784_pca32 (20c)|1.1|1,c,10,10,1,1
paper2/figures/degeneracy_data.csv,mnist784_pca32 (20c)|1.1|2,distinct,10,10,1,1
paper2/figures/degeneracy_data.csv,mnist784_pca32 (20c)|1.1|2,entropy_norm,0.380499,0.380499,1,1
paper2/figures/degeneracy_data.csv,mnist784_pca32 (20c)|1.1|2,n,70000,70000,1,1
paper2/figures/degeneracy_data.csv,mnist784_pca32 (20c)|1.1|2,d,32,32,1,1
paper2/figures/degeneracy_data.csv,mnist784_pca32 (20c)|1.1|2,c,10,10,1,1
paper2/figures/degeneracy_data.csv,mnist784_pca32 (20c)|1.1|3,distinct,10,10,1,1
paper2/figures/degeneracy_data.csv,mnist784_pca32 (20c)|1.1|3,entropy_norm,0.350897,0.350897,1,1
paper2/figures/degeneracy_data.csv,mnist784_pca32 (20c)|1.1|3,n,70000,70000,1,1
paper2/figures/degeneracy_data.csv,mnist784_pca32 (20c)|1.1|3,d,32,32,1,1
paper2/figures/degeneracy_data.csv,mnist784_pca32 (20c)|1.1|3,c,10,10,1,1
paper2/figures/degeneracy_data.csv,mnist784_pca32 (20c)|1.1|4,distinct,10,10,1,1
paper2/figures/degeneracy_data.csv,mnist784_pca32 (20c)|1.1|4,entropy_norm,0.350547,0.350547,1,1
paper2/figures/degeneracy_data.csv,mnist784_pca32 (20c)|1.1|4,n,70000,70000,1,1
paper2/figures/degeneracy_data.csv,mnist784_pca32 (20c)|1.1|4,d,32,32,1,1
paper2/figures/degeneracy_data.csv,mnist784_pca32 (20c)|1.1|4,c,10,10,1,1
paper2/figures/degeneracy_data.csv,mnist784_pca32 (50c)|2.0|0,distinct,1,1,1,1
paper2/figures/degeneracy_data.csv,mnist784_pca32 (50c)|2.0|0,entropy_norm,1.0,1.0,1,1
paper2/figures/degeneracy_data.csv,mnist784_pca32 (50c)|2.0|0,n,70000,70000,1,1
paper2/figures/degeneracy_data.csv,mnist784_pca32 (50c)|2.0|0,d,32,32,1,1
paper2/figures/degeneracy_data.csv,mnist784_pca32 (50c)|2.0|0,c,10,10,1,1
paper2/figures/degeneracy_data.csv,mnist784_pca32 (50c)|2.0|1,distinct,1,1,1,1
paper2/figures/degeneracy_data.csv,mnist784_pca32 (50c)|2.0|1,entropy_norm,1.0,1.0,1,1
paper2/figures/degeneracy_data.csv,mnist784_pca32 (50c)|2.0|1,n,70000,70000,1,1
paper2/figures/degeneracy_data.csv,mnist784_pca32 (50c)|2.0|1,d,32,32,1,1
paper2/figures/degeneracy_data.csv,mnist784_pca32 (50c)|2.0|1,c,10,10,1,1
paper2/figures/degeneracy_data.csv,mnist784_pca32 (50c)|2.0|2,distinct,1,1,1,1
paper2/figures/degeneracy_data.csv,mnist784_pca32 (50c)|2.0|2,entropy_norm,1.0,1.0,1,1
paper2/figures/degeneracy_data.csv,mnist784_pca32 (50c)|2.0|2,n,70000,70000,1,1
paper2/figures/degeneracy_data.csv,mnist784_pca32 (50c)|2.0|2,d,32,32,1,1
paper2/figures/degeneracy_data.csv,mnist784_pca32 (50c)|2.0|2,c,10,10,1,1
paper2/figures/degeneracy_data.csv,mnist784_pca32 (50c)|2.0|3,distinct,1,1,1,1
paper2/figures/degeneracy_data.csv,mnist784_pca32 (50c)|2.0|3,entropy_norm,1.0,1.0,1,1
paper2/figures/degeneracy_data.csv,mnist784_pca32 (50c)|2.0|3,n,70000,70000,1,1
paper2/figures/degeneracy_data.csv,mnist784_pca32 (50c)|2.0|3,d,32,32,1,1
paper2/figures/degeneracy_data.csv,mnist784_pca32 (50c)|2.0|3,c,10,10,1,1
paper2/figures/degeneracy_data.csv,mnist784_pca32 (50c)|2.0|4,distinct,1,1,1,1
paper2/figures/degeneracy_data.csv,mnist784_pca32 (50c)|2.0|4,entropy_norm,1.0,1.0,1,1
paper2/figures/degeneracy_data.csv,mnist784_pca32 (50c)|2.0|4,n,70000,70000,1,1
paper2/figures/degeneracy_data.csv,mnist784_pca32 (50c)|2.0|4,d,32,32,1,1
paper2/figures/degeneracy_data.csv,mnist784_pca32 (50c)|2.0|4,c,10,10,1,1
paper2/figures/degeneracy_data.csv,mnist784_pca32 (50c)|1.5|0,distinct,1,1,1,1
paper2/figures/degeneracy_data.csv,mnist784_pca32 (50c)|1.5|0,entropy_norm,1.0,1.0,1,1
paper2/figures/degeneracy_data.csv,mnist784_pca32 (50c)|1.5|0,n,70000,70000,1,1
paper2/figures/degeneracy_data.csv,mnist784_pca32 (50c)|1.5|0,d,32,32,1,1
paper2/figures/degeneracy_data.csv,mnist784_pca32 (50c)|1.5|0,c,10,10,1,1
paper2/figures/degeneracy_data.csv,mnist784_pca32 (50c)|1.5|1,distinct,1,1,1,1
paper2/figures/degeneracy_data.csv,mnist784_pca32 (50c)|1.5|1,entropy_norm,1.0,1.0,1,1
paper2/figures/degeneracy_data.csv,mnist784_pca32 (50c)|1.5|1,n,70000,70000,1,1
paper2/figures/degeneracy_data.csv,mnist784_pca32 (50c)|1.5|1,d,32,32,1,1
paper2/figures/degeneracy_data.csv,mnist784_pca32 (50c)|1.5|1,c,10,10,1,1
paper2/figures/degeneracy_data.csv,mnist784_pca32 (50c)|1.5|2,distinct,1,1,1,1
paper2/figures/degeneracy_data.csv,mnist784_pca32 (50c)|1.5|2,entropy_norm,1.0,1.0,1,1
paper2/figures/degeneracy_data.csv,mnist784_pca32 (50c)|1.5|2,n,70000,70000,1,1
paper2/figures/degeneracy_data.csv,mnist784_pca32 (50c)|1.5|2,d,32,32,1,1
paper2/figures/degeneracy_data.csv,mnist784_pca32 (50c)|1.5|2,c,10,10,1,1
paper2/figures/degeneracy_data.csv,mnist784_pca32 (50c)|1.5|3,distinct,1,1,1,1
paper2/figures/degeneracy_data.csv,mnist784_pca32 (50c)|1.5|3,entropy_norm,1.0,1.0,1,1
paper2/figures/degeneracy_data.csv,mnist784_pca32 (50c)|1.5|3,n,70000,70000,1,1
paper2/figures/degeneracy_data.csv,mnist784_pca32 (50c)|1.5|3,d,32,32,1,1
paper2/figures/degeneracy_data.csv,mnist784_pca32 (50c)|1.5|3,c,10,10,1,1
paper2/figures/degeneracy_data.csv,mnist784_pca32 (50c)|1.5|4,distinct,1,1,1,1
paper2/figures/degeneracy_data.csv,mnist784_pca32 (50c)|1.5|4,entropy_norm,1.0,1.0,1,1
paper2/figures/degeneracy_data.csv,mnist784_pca32 (50c)|1.5|4,n,70000,70000,1,1
paper2/figures/degeneracy_data.csv,mnist784_pca32 (50c)|1.5|4,d,32,32,1,1
paper2/figures/degeneracy_data.csv,mnist784_pca32 (50c)|1.5|4,c,10,10,1,1
paper2/figures/degeneracy_data.csv,mnist784_pca32 (50c)|1.3|0,distinct,1,1,1,1
paper2/figures/degeneracy_data.csv,mnist784_pca32 (50c)|1.3|0,entropy_norm,1.0,1.0,1,1
paper2/figures/degeneracy_data.csv,mnist784_pca32 (50c)|1.3|0,n,70000,70000,1,1
paper2/figures/degeneracy_data.csv,mnist784_pca32 (50c)|1.3|0,d,32,32,1,1
paper2/figures/degeneracy_data.csv,mnist784_pca32 (50c)|1.3|0,c,10,10,1,1
paper2/figures/degeneracy_data.csv,mnist784_pca32 (50c)|1.3|1,distinct,2,2,1,1
paper2/figures/degeneracy_data.csv,mnist784_pca32 (50c)|1.3|1,entropy_norm,0.964672,0.964672,1,1
paper2/figures/degeneracy_data.csv,mnist784_pca32 (50c)|1.3|1,n,70000,70000,1,1
paper2/figures/degeneracy_data.csv,mnist784_pca32 (50c)|1.3|1,d,32,32,1,1
paper2/figures/degeneracy_data.csv,mnist784_pca32 (50c)|1.3|1,c,10,10,1,1
paper2/figures/degeneracy_data.csv,mnist784_pca32 (50c)|1.3|2,distinct,1,1,1,1
paper2/figures/degeneracy_data.csv,mnist784_pca32 (50c)|1.3|2,entropy_norm,1.0,1.0,1,1
paper2/figures/degeneracy_data.csv,mnist784_pca32 (50c)|1.3|2,n,70000,70000,1,1
paper2/figures/degeneracy_data.csv,mnist784_pca32 (50c)|1.3|2,d,32,32,1,1
paper2/figures/degeneracy_data.csv,mnist784_pca32 (50c)|1.3|2,c,10,10,1,1
paper2/figures/degeneracy_data.csv,mnist784_pca32 (50c)|1.3|3,distinct,1,1,1,1
paper2/figures/degeneracy_data.csv,mnist784_pca32 (50c)|1.3|3,entropy_norm,1.0,1.0,1,1
paper2/figures/degeneracy_data.csv,mnist784_pca32 (50c)|1.3|3,n,70000,70000,1,1
paper2/figures/degeneracy_data.csv,mnist784_pca32 (50c)|1.3|3,d,32,32,1,1
paper2/figures/degeneracy_data.csv,mnist784_pca32 (50c)|1.3|3,c,10,10,1,1
paper2/figures/degeneracy_data.csv,mnist784_pca32 (50c)|1.3|4,distinct,1,1,1,1
paper2/figures/degeneracy_data.csv,mnist784_pca32 (50c)|1.3|4,entropy_norm,1.0,1.0,1,1
paper2/figures/degeneracy_data.csv,mnist784_pca32 (50c)|1.3|4,n,70000,70000,1,1
paper2/figures/degeneracy_data.csv,mnist784_pca32 (50c)|1.3|4,d,32,32,1,1
paper2/figures/degeneracy_data.csv,mnist784_pca32 (50c)|1.3|4,c,10,10,1,1
paper2/figures/degeneracy_data.csv,mnist784_pca32 (50c)|1.2|0,distinct,2,2,1,1
paper2/figures/degeneracy_data.csv,mnist784_pca32 (50c)|1.2|0,entropy_norm,0.934403,0.934403,1,1
paper2/figures/degeneracy_data.csv,mnist784_pca32 (50c)|1.2|0,n,70000,70000,1,1
paper2/figures/degeneracy_data.csv,mnist784_pca32 (50c)|1.2|0,d,32,32,1,1
paper2/figures/degeneracy_data.csv,mnist784_pca32 (50c)|1.2|0,c,10,10,1,1
paper2/figures/degeneracy_data.csv,mnist784_pca32 (50c)|1.2|1,distinct,3,3,1,1
paper2/figures/degeneracy_data.csv,mnist784_pca32 (50c)|1.2|1,entropy_norm,0.892241,0.892241,1,1
paper2/figures/degeneracy_data.csv,mnist784_pca32 (50c)|1.2|1,n,70000,70000,1,1
paper2/figures/degeneracy_data.csv,mnist784_pca32 (50c)|1.2|1,d,32,32,1,1
paper2/figures/degeneracy_data.csv,mnist784_pca32 (50c)|1.2|1,c,10,10,1,1
paper2/figures/degeneracy_data.csv,mnist784_pca32 (50c)|1.2|2,distinct,3,3,1,1
paper2/figures/degeneracy_data.csv,mnist784_pca32 (50c)|1.2|2,entropy_norm,0.892241,0.892241,1,1
paper2/figures/degeneracy_data.csv,mnist784_pca32 (50c)|1.2|2,n,70000,70000,1,1
paper2/figures/degeneracy_data.csv,mnist784_pca32 (50c)|1.2|2,d,32,32,1,1
paper2/figures/degeneracy_data.csv,mnist784_pca32 (50c)|1.2|2,c,10,10,1,1
paper2/figures/degeneracy_data.csv,mnist784_pca32 (50c)|1.2|3,distinct,3,3,1,1
paper2/figures/degeneracy_data.csv,mnist784_pca32 (50c)|1.2|3,entropy_norm,0.892241,0.892241,1,1
paper2/figures/degeneracy_data.csv,mnist784_pca32 (50c)|1.2|3,n,70000,70000,1,1
paper2/figures/degeneracy_data.csv,mnist784_pca32 (50c)|1.2|3,d,32,32,1,1
paper2/figures/degeneracy_data.csv,mnist784_pca32 (50c)|1.2|3,c,10,10,1,1
paper2/figures/degeneracy_data.csv,mnist784_pca32 (50c)|1.2|4,distinct,2,2,1,1
paper2/figures/degeneracy_data.csv,mnist784_pca32 (50c)|1.2|4,entropy_norm,0.934403,0.934403,1,1
paper2/figures/degeneracy_data.csv,mnist784_pca32 (50c)|1.2|4,n,70000,70000,1,1
paper2/figures/degeneracy_data.csv,mnist784_pca32 (50c)|1.2|4,d,32,32,1,1
paper2/figures/degeneracy_data.csv,mnist784_pca32 (50c)|1.2|4,c,10,10,1,1
paper2/figures/degeneracy_data.csv,mnist784_pca32 (50c)|1.1|0,distinct,10,10,1,1
paper2/figures/degeneracy_data.csv,mnist784_pca32 (50c)|1.1|0,entropy_norm,0.368358,0.368358,1,1
paper2/figures/degeneracy_data.csv,mnist784_pca32 (50c)|1.1|0,n,70000,70000,1,1
paper2/figures/degeneracy_data.csv,mnist784_pca32 (50c)|1.1|0,d,32,32,1,1
paper2/figures/degeneracy_data.csv,mnist784_pca32 (50c)|1.1|0,c,10,10,1,1
paper2/figures/degeneracy_data.csv,mnist784_pca32 (50c)|1.1|1,distinct,10,10,1,1
paper2/figures/degeneracy_data.csv,mnist784_pca32 (50c)|1.1|1,entropy_norm,0.372004,0.372004,1,1
paper2/figures/degeneracy_data.csv,mnist784_pca32 (50c)|1.1|1,n,70000,70000,1,1
paper2/figures/degeneracy_data.csv,mnist784_pca32 (50c)|1.1|1,d,32,32,1,1
paper2/figures/degeneracy_data.csv,mnist784_pca32 (50c)|1.1|1,c,10,10,1,1
paper2/figures/degeneracy_data.csv,mnist784_pca32 (50c)|1.1|2,distinct,10,10,1,1
paper2/figures/degeneracy_data.csv,mnist784_pca32 (50c)|1.1|2,entropy_norm,0.38391,0.38391,1,1
paper2/figures/degeneracy_data.csv,mnist784_pca32 (50c)|1.1|2,n,70000,70000,1,1
paper2/figures/degeneracy_data.csv,mnist784_pca32 (50c)|1.1|2,d,32,32,1,1
paper2/figures/degeneracy_data.csv,mnist784_pca32 (50c)|1.1|2,c,10,10,1,1
paper2/figures/degeneracy_data.csv,mnist784_pca32 (50c)|1.1|3,distinct,10,10,1,1
paper2/figures/degeneracy_data.csv,mnist784_pca32 (50c)|1.1|3,entropy_norm,0.363672,0.363672,1,1
paper2/figures/degeneracy_data.csv,mnist784_pca32 (50c)|1.1|3,n,70000,70000,1,1
paper2/figures/degeneracy_data.csv,mnist784_pca32 (50c)|1.1|3,d,32,32,1,1
paper2/figures/degeneracy_data.csv,mnist784_pca32 (50c)|1.1|3,c,10,10,1,1
paper2/figures/degeneracy_data.csv,mnist784_pca32 (50c)|1.1|4,distinct,10,10,1,1
paper2/figures/degeneracy_data.csv,mnist784_pca32 (50c)|1.1|4,entropy_norm,0.348864,0.348864,1,1
paper2/figures/degeneracy_data.csv,mnist784_pca32 (50c)|1.1|4,n,70000,70000,1,1
paper2/figures/degeneracy_data.csv,mnist784_pca32 (50c)|1.1|4,d,32,32,1,1
paper2/figures/degeneracy_data.csv,mnist784_pca32 (50c)|1.1|4,c,10,10,1,1
