dataset,L,rounds,m,eta_l,eta_g,rel_obj_gap,n_stable,n_grid,edge_eta_l,edge_eta_g,on_edge,Jc,cal_seed,grid
cluster_skew_hard,1,250,2.0,1.0,2.0,1.4291195865943642e-14,35,63,interior,interior,0,2736.52901710151,100,ed
cluster_skew_overlap,1,250,2.0,0.5,8.0,2.2239158863155552e-13,48,63,interior,interior,0,5475.986808527853,100,ed
dirichlet_0.03,1,250,2.0,1.0,2.0,5.9752538643951045e-12,30,63,interior,interior,0,2707.9720136510396,100,ed
dirichlet_0.1,1,250,2.0,0.1,32.0,4.82797785869702e-12,36,63,interior,high,1,2672.736123988114,100,ed
overlap_noise,1,250,2.0,2.0,2.0,1.0470022854894973e-12,42,63,interior,interior,0,6185.766603457896,100,ed
quantity_skew_extreme,1,250,2.0,0.5,4.0,0.005856743340052147,35,63,interior,interior,0,2768.132677585294,100,ed
wine,1,250,2.0,0.05,4.0,0.00010238091690743177,42,63,low,interior,1,721.2171837341994,100,ed
satimage,1,250,2.0,0.05,32.0,0.0022973206978338556,48,63,low,high,1,23920.360794905988,100,ed
pendigits,1,250,1.5,0.05,16.0,5.794586432484873e-05,48,63,low,interior,1,42912.82874911436,100,ed
digits_pca16,1,250,1.3,0.5,8.0,0.0028940560851639695,48,63,interior,interior,0,13870.180555513583,100,ed
digits_pca32,1,250,1.1,0.2,8.0,3.7615491025779987e-06,42,63,interior,interior,0,42967.94154735972,100,ed
letter,1,250,1.3,0.5,32.0,0.001275182673514669,53,63,interior,high,1,99405.33704901236,100,ed
mnist784_pca32 (20c),1,250,1.1,0.5,8.0,3.768661188158881e-05,36,63,interior,interior,0,1700219.1887521935,100,ed
mnist784_pca32 (50c),1,250,1.1,0.5,4.0,0.00021422575273228578,42,63,interior,interior,0,1698281.2143852585,100,ed
