dataset,L,rounds,m,alpha,rel_obj_gap,n_stable,n_grid,edge_alpha,on_edge,Jc,cal_seed,grid
cluster_skew_hard,5,50,2.0,,,0,10,,,2736.52901710151,100,ee
cluster_skew_overlap,5,50,2.0,0.05,0.2628280903134681,8,10,interior,0,5475.986808527853,100,ee
dirichlet_0.03,5,50,2.0,,,0,10,,,2707.9720136510396,100,ee
dirichlet_0.1,5,50,2.0,,,0,10,,,2672.736123988114,100,ee
overlap_noise,5,50,2.0,0.01,0.1578893697634745,8,10,interior,0,6185.766603457896,100,ee
quantity_skew_extreme,5,50,2.0,0.0005,2.9298661897997316,2,10,low,1,2768.132677585294,100,ee
wine,5,50,2.0,0.05,0.04862800174208836,9,10,interior,0,721.2171837341994,100,ee
satimage,5,50,2.0,0.005,0.2659674042113166,5,10,interior,0,23920.360794905988,100,ee
pendigits,5,50,1.5,0.0005,0.25585484440644135,3,10,low,1,42912.828749114364,100,ee
digits_pca16,5,50,1.3,0.01,0.0631006658560491,6,10,interior,0,13870.18055551356,100,ee
digits_pca32,5,50,1.1,0.002,0.04895277260288074,6,10,interior,0,42967.94154735976,100,ee
letter,5,50,1.3,0.005,0.05923462322638884,5,10,interior,0,99405.33704901236,100,ee
mnist784_pca32 (20c),5,50,1.1,0.001,0.029182917075222393,3,10,interior,0,1700219.1887521609,100,ee
mnist784_pca32 (50c),5,50,1.1,0.0005,0.023058631385743,4,10,low,1,1698281.214385228,100,ee
