dataset,seed,method,L,rounds,n_rounds,alpha,participation,n_part,n_clients,split,m,n_clusters,dim,min_dist,mean_acc,worst_acc,fcm_obj,gacc,xb,hnorm,upload_numbers,error,runtime_s
cluster_skew_hard,0,pedrycz,1,50,-1,,1.0,,,0.0,2.0,,,nan,nan,nan,nan,nan,nan,nan,-1,no_stable_setting,
cluster_skew_hard,1,pedrycz,1,50,-1,,1.0,,,0.0,2.0,,,nan,nan,nan,nan,nan,nan,nan,-1,no_stable_setting,
cluster_skew_hard,2,pedrycz,1,50,-1,,1.0,,,0.0,2.0,,,nan,nan,nan,nan,nan,nan,nan,-1,no_stable_setting,
cluster_skew_hard,3,pedrycz,1,50,-1,,1.0,,,0.0,2.0,,,nan,nan,nan,nan,nan,nan,nan,-1,no_stable_setting,
cluster_skew_hard,4,pedrycz,1,50,-1,,1.0,,,0.0,2.0,,,nan,nan,nan,nan,nan,nan,nan,-1,no_stable_setting,
cluster_skew_hard,5,pedrycz,1,50,-1,,1.0,,,0.0,2.0,,,nan,nan,nan,nan,nan,nan,nan,-1,no_stable_setting,
cluster_skew_hard,6,pedrycz,1,50,-1,,1.0,,,0.0,2.0,,,nan,nan,nan,nan,nan,nan,nan,-1,no_stable_setting,
cluster_skew_hard,7,pedrycz,1,50,-1,,1.0,,,0.0,2.0,,,nan,nan,nan,nan,nan,nan,nan,-1,no_stable_setting,
cluster_skew_hard,8,pedrycz,1,50,-1,,1.0,,,0.0,2.0,,,nan,nan,nan,nan,nan,nan,nan,-1,no_stable_setting,
cluster_skew_hard,9,pedrycz,1,50,-1,,1.0,,,0.0,2.0,,,nan,nan,nan,nan,nan,nan,nan,-1,no_stable_setting,
cluster_skew_hard,10,pedrycz,1,50,-1,,1.0,,,0.0,2.0,,,nan,nan,nan,nan,nan,nan,nan,-1,no_stable_setting,
cluster_skew_hard,11,pedrycz,1,50,-1,,1.0,,,0.0,2.0,,,nan,nan,nan,nan,nan,nan,nan,-1,no_stable_setting,
cluster_skew_hard,12,pedrycz,1,50,-1,,1.0,,,0.0,2.0,,,nan,nan,nan,nan,nan,nan,nan,-1,no_stable_setting,
cluster_skew_hard,13,pedrycz,1,50,-1,,1.0,,,0.0,2.0,,,nan,nan,nan,nan,nan,nan,nan,-1,no_stable_setting,
cluster_skew_hard,14,pedrycz,1,50,-1,,1.0,,,0.0,2.0,,,nan,nan,nan,nan,nan,nan,nan,-1,no_stable_setting,
cluster_skew_hard,15,pedrycz,1,50,-1,,1.0,,,0.0,2.0,,,nan,nan,nan,nan,nan,nan,nan,-1,no_stable_setting,
cluster_skew_hard,16,pedrycz,1,50,-1,,1.0,,,0.0,2.0,,,nan,nan,nan,nan,nan,nan,nan,-1,no_stable_setting,
cluster_skew_hard,17,pedrycz,1,50,-1,,1.0,,,0.0,2.0,,,nan,nan,nan,nan,nan,nan,nan,-1,no_stable_setting,
cluster_skew_hard,18,pedrycz,1,50,-1,,1.0,,,0.0,2.0,,,nan,nan,nan,nan,nan,nan,nan,-1,no_stable_setting,
cluster_skew_hard,19,pedrycz,1,50,-1,,1.0,,,0.0,2.0,,,nan,nan,nan,nan,nan,nan,nan,-1,no_stable_setting,
cluster_skew_overlap,0,pedrycz,1,50,50,0.002,1.0,12,12,0.0,2.0,4,2,1.0358108693926051,0.6818181818181818,0.5,2.9155526296122467,0.5348484848484848,2.717439959736836,0.7754027602666143,,,0.24
cluster_skew_overlap,1,pedrycz,1,50,50,0.002,1.0,12,12,0.0,2.0,4,2,2.148725806024399,0.7393939393939394,0.5954545454545455,2.7151769234685106,0.6659090909090909,0.588079627259769,0.7195249257496935,,,0.254
cluster_skew_overlap,2,pedrycz,1,50,50,0.002,1.0,12,12,0.0,2.0,4,2,1.4099824242896104,0.7757575757575758,0.5545454545454546,2.8724869592106916,0.7723484848484848,1.4448762999324072,0.7710215595719573,,,0.17
cluster_skew_overlap,3,pedrycz,1,50,50,0.002,1.0,12,12,0.0,2.0,4,2,0.8763144935517954,0.631060606060606,0.4772727272727273,3.037888226623096,0.6071969696969697,3.955959178700411,0.8281713358492433,,,0.219
cluster_skew_overlap,4,pedrycz,1,50,50,0.002,1.0,12,12,0.0,2.0,4,2,1.1511645349122908,0.7515151515151516,0.6772727272727272,2.6880909297023363,0.5772727272727273,2.0284726323241333,0.7076120322432653,,,0.17
cluster_skew_overlap,5,pedrycz,1,50,50,0.002,1.0,12,12,0.0,2.0,4,2,1.4818202825661961,0.7291666666666666,0.39545454545454545,2.8642180549784992,0.7219696969696969,1.3044126689028732,0.7417318293258358,,,0.214
cluster_skew_overlap,6,pedrycz,1,50,50,0.002,1.0,12,12,0.0,2.0,4,2,0.9628463912218456,0.7647727272727272,0.5045454545454545,3.1074326502021856,0.7643939393939394,3.351874199798574,0.8374884606803736,,,0.216
cluster_skew_overlap,7,pedrycz,1,50,50,0.002,1.0,12,12,0.0,2.0,4,2,0.516331737030507,0.7049242424242425,0.5681818181818182,3.1840945218108834,0.5553030303030303,11.94340916291267,0.8752355532195862,,,0.168
cluster_skew_overlap,8,pedrycz,1,50,50,0.002,1.0,12,12,0.0,2.0,4,2,0.6438681865898145,0.7893939393939395,0.6454545454545455,3.072374941328793,0.6106060606060606,7.411059155979006,0.7989633927514471,,,0.109
cluster_skew_overlap,9,pedrycz,1,50,50,0.002,1.0,12,12,0.0,2.0,4,2,3.0879934636285467,0.8397727272727273,0.740909090909091,2.4034134431666487,0.8397727272727272,0.2520436389454571,0.623146018560964,,,0.223
cluster_skew_overlap,10,pedrycz,1,50,50,0.002,1.0,12,12,0.0,2.0,4,2,0.5956300364019173,0.743939393939394,0.5454545454545454,2.7412137662722627,0.7037878787878787,7.726623021644868,0.7549750499268096,,,0.209
cluster_skew_overlap,11,pedrycz,1,50,50,0.002,1.0,12,12,0.0,2.0,4,2,2.0148623637467606,0.8151515151515153,0.6136363636363636,2.533438572607489,0.8151515151515152,0.6240503187224555,0.6825766486575078,,,0.169
cluster_skew_overlap,12,pedrycz,1,50,50,0.002,1.0,12,12,0.0,2.0,4,2,1.4006378703468056,0.7397727272727274,0.5136363636363637,3.039018878323093,0.6386363636363637,1.5491079000217742,0.8107848261699843,,,0.106
cluster_skew_overlap,13,pedrycz,1,50,50,0.002,1.0,12,12,0.0,2.0,4,2,0.5338223082978932,0.5837121212121211,0.35909090909090907,3.3404004869013217,0.5340909090909091,11.722091324019422,0.8232309257872886,,,0.207
cluster_skew_overlap,14,pedrycz,1,50,50,0.002,1.0,12,12,0.0,2.0,4,2,0.6102150254245872,0.7856060606060608,0.55,3.060201851073363,0.7840909090909091,8.218343307510045,0.8211218688857741,,,0.167
cluster_skew_overlap,15,pedrycz,1,50,50,0.002,1.0,12,12,0.0,2.0,4,2,2.1955538349392922,0.8265151515151515,0.6818181818181818,2.582442904324589,0.8265151515151515,0.5357257820268774,0.6804342617858565,,,0.165
cluster_skew_overlap,16,pedrycz,1,50,50,0.002,1.0,12,12,0.0,2.0,4,2,1.6697032289567633,0.7507575757575758,0.5772727272727273,2.8283793376311084,0.6079545454545454,1.0145164231289907,0.7223682882929637,,,0.107
cluster_skew_overlap,17,pedrycz,1,50,50,0.002,1.0,12,12,0.0,2.0,4,2,0.634061924405503,0.7223484848484848,0.5681818181818182,3.3265608661616115,0.6261363636363636,8.274316427413076,0.8558847964498049,,,0.209
cluster_skew_overlap,18,pedrycz,1,50,50,0.002,1.0,12,12,0.0,2.0,4,2,0.9946951391625987,0.7405303030303031,0.5227272727272727,2.8005699258346373,0.6060606060606061,2.830521313917046,0.7709915670029102,,,0.208
cluster_skew_overlap,19,pedrycz,1,50,50,0.002,1.0,12,12,0.0,2.0,4,2,0.19068466338122317,0.7477272727272727,0.5181818181818182,2.7117993721468974,0.6704545454545454,74.58062643677576,0.7650900046123028,,,0.166
dirichlet_0.03,0,pedrycz,1,50,-1,,1.0,,,0.0,2.0,,,nan,nan,nan,nan,nan,nan,nan,-1,no_stable_setting,
dirichlet_0.03,1,pedrycz,1,50,-1,,1.0,,,0.0,2.0,,,nan,nan,nan,nan,nan,nan,nan,-1,no_stable_setting,
dirichlet_0.03,2,pedrycz,1,50,-1,,1.0,,,0.0,2.0,,,nan,nan,nan,nan,nan,nan,nan,-1,no_stable_setting,
dirichlet_0.03,3,pedrycz,1,50,-1,,1.0,,,0.0,2.0,,,nan,nan,nan,nan,nan,nan,nan,-1,no_stable_setting,
dirichlet_0.03,4,pedrycz,1,50,-1,,1.0,,,0.0,2.0,,,nan,nan,nan,nan,nan,nan,nan,-1,no_stable_setting,
dirichlet_0.03,5,pedrycz,1,50,-1,,1.0,,,0.0,2.0,,,nan,nan,nan,nan,nan,nan,nan,-1,no_stable_setting,
dirichlet_0.03,6,pedrycz,1,50,-1,,1.0,,,0.0,2.0,,,nan,nan,nan,nan,nan,nan,nan,-1,no_stable_setting,
dirichlet_0.03,7,pedrycz,1,50,-1,,1.0,,,0.0,2.0,,,nan,nan,nan,nan,nan,nan,nan,-1,no_stable_setting,
dirichlet_0.03,8,pedrycz,1,50,-1,,1.0,,,0.0,2.0,,,nan,nan,nan,nan,nan,nan,nan,-1,no_stable_setting,
dirichlet_0.03,9,pedrycz,1,50,-1,,1.0,,,0.0,2.0,,,nan,nan,nan,nan,nan,nan,nan,-1,no_stable_setting,
dirichlet_0.03,10,pedrycz,1,50,-1,,1.0,,,0.0,2.0,,,nan,nan,nan,nan,nan,nan,nan,-1,no_stable_setting,
dirichlet_0.03,11,pedrycz,1,50,-1,,1.0,,,0.0,2.0,,,nan,nan,nan,nan,nan,nan,nan,-1,no_stable_setting,
dirichlet_0.03,12,pedrycz,1,50,-1,,1.0,,,0.0,2.0,,,nan,nan,nan,nan,nan,nan,nan,-1,no_stable_setting,
dirichlet_0.03,13,pedrycz,1,50,-1,,1.0,,,0.0,2.0,,,nan,nan,nan,nan,nan,nan,nan,-1,no_stable_setting,
dirichlet_0.03,14,pedrycz,1,50,-1,,1.0,,,0.0,2.0,,,nan,nan,nan,nan,nan,nan,nan,-1,no_stable_setting,
dirichlet_0.03,15,pedrycz,1,50,-1,,1.0,,,0.0,2.0,,,nan,nan,nan,nan,nan,nan,nan,-1,no_stable_setting,
dirichlet_0.03,16,pedrycz,1,50,-1,,1.0,,,0.0,2.0,,,nan,nan,nan,nan,nan,nan,nan,-1,no_stable_setting,
dirichlet_0.03,17,pedrycz,1,50,-1,,1.0,,,0.0,2.0,,,nan,nan,nan,nan,nan,nan,nan,-1,no_stable_setting,
dirichlet_0.03,18,pedrycz,1,50,-1,,1.0,,,0.0,2.0,,,nan,nan,nan,nan,nan,nan,nan,-1,no_stable_setting,
dirichlet_0.03,19,pedrycz,1,50,-1,,1.0,,,0.0,2.0,,,nan,nan,nan,nan,nan,nan,nan,-1,no_stable_setting,
dirichlet_0.1,0,pedrycz,1,50,-1,,1.0,,,0.0,2.0,,,nan,nan,nan,nan,nan,nan,nan,-1,no_stable_setting,
dirichlet_0.1,1,pedrycz,1,50,-1,,1.0,,,0.0,2.0,,,nan,nan,nan,nan,nan,nan,nan,-1,no_stable_setting,
dirichlet_0.1,2,pedrycz,1,50,-1,,1.0,,,0.0,2.0,,,nan,nan,nan,nan,nan,nan,nan,-1,no_stable_setting,
dirichlet_0.1,3,pedrycz,1,50,-1,,1.0,,,0.0,2.0,,,nan,nan,nan,nan,nan,nan,nan,-1,no_stable_setting,
dirichlet_0.1,4,pedrycz,1,50,-1,,1.0,,,0.0,2.0,,,nan,nan,nan,nan,nan,nan,nan,-1,no_stable_setting,
dirichlet_0.1,5,pedrycz,1,50,-1,,1.0,,,0.0,2.0,,,nan,nan,nan,nan,nan,nan,nan,-1,no_stable_setting,
dirichlet_0.1,6,pedrycz,1,50,-1,,1.0,,,0.0,2.0,,,nan,nan,nan,nan,nan,nan,nan,-1,no_stable_setting,
dirichlet_0.1,7,pedrycz,1,50,-1,,1.0,,,0.0,2.0,,,nan,nan,nan,nan,nan,nan,nan,-1,no_stable_setting,
dirichlet_0.1,8,pedrycz,1,50,-1,,1.0,,,0.0,2.0,,,nan,nan,nan,nan,nan,nan,nan,-1,no_stable_setting,
dirichlet_0.1,9,pedrycz,1,50,-1,,1.0,,,0.0,2.0,,,nan,nan,nan,nan,nan,nan,nan,-1,no_stable_setting,
dirichlet_0.1,10,pedrycz,1,50,-1,,1.0,,,0.0,2.0,,,nan,nan,nan,nan,nan,nan,nan,-1,no_stable_setting,
dirichlet_0.1,11,pedrycz,1,50,-1,,1.0,,,0.0,2.0,,,nan,nan,nan,nan,nan,nan,nan,-1,no_stable_setting,
dirichlet_0.1,12,pedrycz,1,50,-1,,1.0,,,0.0,2.0,,,nan,nan,nan,nan,nan,nan,nan,-1,no_stable_setting,
dirichlet_0.1,13,pedrycz,1,50,-1,,1.0,,,0.0,2.0,,,nan,nan,nan,nan,nan,nan,nan,-1,no_stable_setting,
dirichlet_0.1,14,pedrycz,1,50,-1,,1.0,,,0.0,2.0,,,nan,nan,nan,nan,nan,nan,nan,-1,no_stable_setting,
dirichlet_0.1,15,pedrycz,1,50,-1,,1.0,,,0.0,2.0,,,nan,nan,nan,nan,nan,nan,nan,-1,no_stable_setting,
dirichlet_0.1,16,pedrycz,1,50,-1,,1.0,,,0.0,2.0,,,nan,nan,nan,nan,nan,nan,nan,-1,no_stable_setting,
dirichlet_0.1,17,pedrycz,1,50,-1,,1.0,,,0.0,2.0,,,nan,nan,nan,nan,nan,nan,nan,-1,no_stable_setting,
dirichlet_0.1,18,pedrycz,1,50,-1,,1.0,,,0.0,2.0,,,nan,nan,nan,nan,nan,nan,nan,-1,no_stable_setting,
dirichlet_0.1,19,pedrycz,1,50,-1,,1.0,,,0.0,2.0,,,nan,nan,nan,nan,nan,nan,nan,-1,no_stable_setting,
overlap_noise,0,pedrycz,1,50,50,0.05,1.0,12,12,0.0,2.0,4,2,4.314381270833669,0.8897727272727272,0.8681818181818182,2.340403619237922,0.8897727272727273,0.12573428518130828,0.479740689429065,,,0.106
overlap_noise,1,pedrycz,1,50,50,0.05,1.0,12,12,0.0,2.0,4,2,4.634873875791264,0.9049242424242424,0.8818181818181818,2.373722542579635,0.9049242424242424,0.11049792253417963,0.45636241393234483,,,0.21
overlap_noise,2,pedrycz,1,50,50,0.05,1.0,12,12,0.0,2.0,4,2,4.634709701290131,0.8999999999999998,0.8818181818181818,2.282020830101074,0.9,0.10623668985523292,0.45722783509090437,,,0.215
overlap_noise,3,pedrycz,1,50,50,0.05,1.0,12,12,0.0,2.0,4,2,4.715451238781876,0.8988636363636364,0.8818181818181818,2.3686757712371893,0.8988636363636363,0.10652685393745705,0.46149032234410287,,,0.169
overlap_noise,4,pedrycz,1,50,50,0.05,1.0,12,12,0.0,2.0,4,2,4.879848308205899,0.9053030303030304,0.8727272727272727,2.4188268508404898,0.9053030303030303,0.10157624098603266,0.4506421206246998,,,0.107
overlap_noise,5,pedrycz,1,50,50,0.05,1.0,12,12,0.0,2.0,4,2,4.113618342887748,0.8886363636363637,0.8454545454545455,2.3528529726194325,0.8886363636363637,0.13904225343625856,0.47697936796904217,,,0.219
overlap_noise,6,pedrycz,1,50,50,0.05,1.0,12,12,0.0,2.0,4,2,4.931202545826085,0.9075757575757576,0.8636363636363636,2.3392235475021312,0.9075757575757576,0.09619800035799655,0.4441112033006992,,,0.205
overlap_noise,7,pedrycz,1,50,46,0.05,1.0,12,12,0.0,2.0,4,2,4.603474716397586,0.8969696969696969,0.8681818181818182,2.3853396618899643,0.896969696969697,0.11255860576330128,0.45930883373414133,,,0.155
overlap_noise,8,pedrycz,1,50,50,0.05,1.0,12,12,0.0,2.0,4,2,4.217828117139692,0.8981060606060605,0.8590909090909091,2.3036795003043147,0.8981060606060606,0.12949240666294792,0.46612935759856666,,,0.165
overlap_noise,9,pedrycz,1,50,50,0.05,1.0,12,12,0.0,2.0,4,2,4.567088870161862,0.9071969696969697,0.8727272727272727,2.4257042788016308,0.9071969696969697,0.11629443395763171,0.4583867772888505,,,0.106
overlap_noise,10,pedrycz,1,50,50,0.05,1.0,12,12,0.0,2.0,4,2,4.608964527118664,0.9026515151515152,0.8727272727272727,2.3626356326807256,0.9026515151515152,0.1112218253661765,0.46332524849282747,,,0.203
overlap_noise,11,pedrycz,1,50,50,0.05,1.0,12,12,0.0,2.0,4,2,4.554464511538165,0.9068181818181819,0.8636363636363636,2.285094713877999,0.9068181818181819,0.11016142899269127,0.4510610369601363,,,0.108
overlap_noise,12,pedrycz,1,50,50,0.05,1.0,12,12,0.0,2.0,4,2,0.8551560466891528,0.8481060606060606,0.7454545454545455,2.917983697009648,0.8481060606060606,3.9901766174379634,0.5882799004344372,,,0.166
overlap_noise,13,pedrycz,1,50,50,0.05,1.0,12,12,0.0,2.0,4,2,1.9922545379223866,0.6928030303030304,0.5045454545454545,2.325632773164877,0.6746212121212121,0.5859377641015467,0.5119892571412372,,,0.202
overlap_noise,14,pedrycz,1,50,36,0.05,1.0,12,12,0.0,2.0,4,2,4.738036060115716,0.9018939393939392,0.8636363636363636,2.300126490093002,0.9018939393939394,0.10246015210300571,0.4454356166585386,,,0.153
overlap_noise,15,pedrycz,1,50,50,0.05,1.0,12,12,0.0,2.0,4,2,1.717890191167965,0.731060606060606,0.5318181818181819,2.760269525719278,0.7242424242424242,0.9353210117899368,0.5786372262933754,,,0.208
overlap_noise,16,pedrycz,1,50,50,0.05,1.0,12,12,0.0,2.0,4,2,4.209046299814157,0.8946969696969695,0.8681818181818182,2.2960543256014923,0.8946969696969697,0.12960291011965897,0.4685543164772709,,,0.167
overlap_noise,17,pedrycz,1,50,50,0.05,1.0,12,12,0.0,2.0,4,2,4.4609050867833275,0.8878787878787878,0.8363636363636363,2.39644052185193,0.8878787878787879,0.12042611846680712,0.4749895449862635,,,0.106
overlap_noise,18,pedrycz,1,50,50,0.05,1.0,12,12,0.0,2.0,4,2,4.712099394341795,0.8981060606060606,0.8727272727272727,2.293082338814082,0.8981060606060606,0.10327394429710617,0.45218571387183526,,,0.206
overlap_noise,19,pedrycz,1,50,50,0.05,1.0,12,12,0.0,2.0,4,2,4.4937889069276,0.9071969696969697,0.8909090909090909,2.3152528850924425,0.9071969696969697,0.11464974638920958,0.46690454774011236,,,0.209
quantity_skew_extreme,0,pedrycz,1,50,50,0.0005,1.0,12,12,0.0,2.0,4,2,0.2404632815343863,0.8242444507323667,0.5775510204081633,5.823600737909534,0.6481828400149869,100.71497595400142,0.5490616366664818,,,0.166
quantity_skew_extreme,1,pedrycz,1,50,50,0.0005,1.0,12,12,0.0,2.0,4,2,0.5229192301239953,0.9215751220180591,0.6204081632653061,8.022661025006979,0.8235294117647058,29.33926409941519,0.8050491654815106,,,0.206
quantity_skew_extreme,2,pedrycz,1,50,50,0.0005,1.0,12,12,0.0,2.0,4,2,0.24340102215983295,0.8772407249476095,0.7,5.768629776994607,0.8920944173847883,97.37060579252244,0.9090620008491591,,,0.165
quantity_skew_extreme,3,pedrycz,1,50,50,0.0005,1.0,12,12,0.0,2.0,4,2,1.0577158094204047,0.8518238705960867,0.6645161290322581,7.960983162428613,0.8287748220307232,7.115881611052813,0.5575019840658553,,,0.106
quantity_skew_extreme,4,pedrycz,1,50,50,0.0005,1.0,12,12,0.0,2.0,4,2,0.8679229047475566,0.8665252689883532,0.5384615384615384,10.300205974914675,0.6508055451479955,13.67362326559616,0.6676512649238596,,,0.201
quantity_skew_extreme,5,pedrycz,1,50,50,0.0005,1.0,12,12,0.0,2.0,4,2,1.199732480851367,0.8349797991779635,0.5306122448979592,3.1664151078390423,0.7141251405020607,2.199880121207237,0.34798711056910947,,,0.215
quantity_skew_extreme,6,pedrycz,1,50,50,0.0005,1.0,12,12,0.0,2.0,4,2,1.8182798266710858,0.9772943676653617,0.8,10.013380533185908,0.818658673660547,3.028721078073139,0.6280898122312484,,,0.2
quantity_skew_extreme,7,pedrycz,1,50,50,0.0005,1.0,12,12,0.0,2.0,4,2,1.51516582451939,0.5825086533461344,0.4583333333333333,12.65360043373238,0.5144248782315474,5.511804239468651,0.806777786440921,,,0.106
quantity_skew_extreme,8,pedrycz,1,50,50,0.0005,1.0,12,12,0.0,2.0,4,2,1.6887257078574782,0.8952393130344825,0.7,5.004644598315183,0.7999250655676283,1.7549106604883193,0.37467074106370163,,,0.166
quantity_skew_extreme,9,pedrycz,1,50,50,0.0005,1.0,12,12,0.0,2.0,4,2,0.026168023616894374,0.835043085521049,0.6064516129032258,8.685108832531641,0.7448482577744474,12683.333695525094,0.6285450725864128,,,0.212
quantity_skew_extreme,10,pedrycz,1,50,50,0.0005,1.0,12,12,0.0,2.0,4,2,1.6311567775670797,0.8401426425114802,0.5833333333333334,4.294541906980338,0.6391907081303859,1.6140814080345929,0.4261460089123655,,,0.108
quantity_skew_extreme,11,pedrycz,1,50,50,0.0005,1.0,12,12,0.0,2.0,4,2,0.8609335992865573,0.9774594132232322,0.9173469387755102,5.308529952599413,0.9591607343574372,7.162010572800574,0.5608821186560963,,,0.169
quantity_skew_extreme,12,pedrycz,1,50,50,0.0005,1.0,12,12,0.0,2.0,4,2,1.0924432778069273,0.8023101012385685,0.5954692556634305,3.1159000063089515,0.6354439865118022,2.6108728300356834,0.4013762820798856,,,0.2
quantity_skew_extreme,13,pedrycz,1,50,50,0.0005,1.0,12,12,0.0,2.0,4,2,0.8755029513975542,0.8627128351704906,0.6452442159383034,4.607675143146509,0.6538029224428625,6.011275374589202,0.4165260801667645,,,0.205
quantity_skew_extreme,14,pedrycz,1,50,50,0.0005,1.0,12,12,0.0,2.0,4,2,0.9295425875428788,0.7939455716865798,0.47551020408163264,3.893081046848133,0.5807418508804796,4.50562311306797,0.5538665554042371,,,0.163
quantity_skew_extreme,15,pedrycz,1,50,50,0.0005,1.0,12,12,0.0,2.0,4,2,0.8987670322314528,0.9279295442426068,0.7377049180327869,5.45938785945426,0.808542525290371,6.7584901061359375,0.5334845791060019,,,0.162
quantity_skew_extreme,16,pedrycz,1,50,50,0.0005,1.0,12,12,0.0,2.0,4,2,1.468408282725433,0.8851697980598137,0.7214285714285714,5.999177024668542,0.7133757961783439,2.7822620133678555,0.6553352940156818,,,0.105
quantity_skew_extreme,17,pedrycz,1,50,50,0.0005,1.0,12,12,0.0,2.0,4,2,1.1965986107841045,0.8166071845099107,0.5533980582524272,12.079956384812258,0.726489321843387,8.436617852886057,0.6805111178685661,,,0.2
quantity_skew_extreme,18,pedrycz,1,50,50,0.0005,1.0,12,12,0.0,2.0,4,2,0.8268876067376546,0.8370050211017444,0.45,5.377981619056516,0.8681153990258523,7.865500225965894,0.46405665769348226,,,0.2
quantity_skew_extreme,19,pedrycz,1,50,50,0.0005,1.0,12,12,0.0,2.0,4,2,0.08504493369414008,0.6725639777945694,0.39344262295081966,5.657971206196698,0.5605095541401274,782.2829038635327,0.48630368534748164,,,0.198
wine,0,pedrycz,1,50,50,0.05,1.0,10,10,0.0,2.0,3,13,0.10817365979352134,0.7929605263157895,0.5555555555555556,4.4176570480044095,0.6966292134831461,377.5278120556091,0.9969066888702731,,,0.085
wine,1,pedrycz,1,50,50,0.05,1.0,10,10,0.0,2.0,3,13,0.8232802744486257,0.8644736842105264,0.7222222222222222,4.336725962370604,0.8595505617977528,6.398328888240526,0.9714665401074343,,,0.032
wine,2,pedrycz,1,50,50,0.05,1.0,10,10,0.0,2.0,3,13,0.34601519342234993,0.8253216374269006,0.6666666666666666,4.433423829303822,0.8202247191011236,37.02959084213001,0.9852594844325794,,,0.075
wine,3,pedrycz,1,50,50,0.05,1.0,10,10,0.0,2.0,3,13,0.17790017494246738,0.7984210526315789,0.6111111111111112,4.444007209628836,0.7865168539325843,140.41774829723855,0.9885048270862945,,,0.058
wine,4,pedrycz,1,50,50,0.05,1.0,10,10,0.0,2.0,3,13,0.13717064579176622,0.8252119883040935,0.6111111111111112,4.440059820613564,0.797752808988764,235.97524997465933,0.9859533675992497,,,0.086
wine,5,pedrycz,1,50,50,0.05,1.0,10,10,0.0,2.0,3,13,0.0015586771415583406,0.8033625730994152,0.6111111111111112,4.398569403854142,0.6910112359550562,1810502.4472011018,0.9987546838358095,,,0.032
wine,6,pedrycz,1,50,50,0.05,1.0,10,10,0.0,2.0,3,13,0.10719180253693417,0.7992397660818713,0.5555555555555556,4.412449606449423,0.7808988764044944,384.0224467056492,0.995599539338716,,,0.085
wine,7,pedrycz,1,50,50,0.05,1.0,10,10,0.0,2.0,3,13,0.1298517961026339,0.793625730994152,0.5555555555555556,4.447736895186988,0.6460674157303371,263.7807911324523,0.9994218801781597,,,0.031
wine,8,pedrycz,1,50,50,0.05,1.0,10,10,0.0,2.0,3,13,0.44176408185818067,0.837017543859649,0.6666666666666666,4.379846881050465,0.8314606741573034,22.442856034445118,0.967382995018198,,,0.031
wine,9,pedrycz,1,50,50,0.05,1.0,10,10,0.0,2.0,3,13,0.02827254859436039,0.7760307017543859,0.5555555555555556,4.403648104837511,0.6797752808988764,5509.125791359888,0.998635985226559,,,0.061
wine,10,pedrycz,1,50,50,0.05,1.0,10,10,0.0,2.0,3,13,0.04970357378466082,0.7657675438596492,0.6111111111111112,4.448405087148194,0.7191011235955056,1800.649131005499,0.9987483155817904,,,0.059
wine,11,pedrycz,1,50,50,0.05,1.0,10,10,0.0,2.0,3,13,0.5612249552228901,0.8467251461988304,0.6666666666666666,4.345184118679883,0.8426966292134831,13.79539803639151,0.9615555728667018,,,0.087
wine,12,pedrycz,1,50,50,0.05,1.0,10,10,0.0,2.0,3,13,0.14088126697595782,0.8152872377020983,0.5555555555555556,4.402461401789522,0.8089887640449438,221.81405417360577,0.9890796429387578,,,0.082
wine,13,pedrycz,1,50,50,0.05,1.0,10,10,0.0,2.0,3,13,0.02341545892066225,0.8153216374269006,0.6666666666666666,4.368901485718601,0.7921348314606742,7968.322520838035,0.9744290761450412,,,0.054
wine,14,pedrycz,1,50,50,0.05,1.0,10,10,0.0,2.0,3,13,0.7785553911340378,0.8422807017543861,0.7222222222222222,4.322682622434746,0.8370786516853933,7.1313921314222615,0.9591028346612639,,,0.031
wine,15,pedrycz,1,50,50,0.05,1.0,10,10,0.0,2.0,3,13,0.6907870858491567,0.8370175438596492,0.6666666666666666,4.334766687710129,0.8314606741573034,9.08400380332487,0.9664879724442278,,,0.068
wine,16,pedrycz,1,50,50,0.05,1.0,10,10,0.0,2.0,3,13,0.15892080583060003,0.820906432748538,0.6666666666666666,4.363449302169851,0.8146067415730337,172.77003343305168,0.9775236307853328,,,0.031
wine,17,pedrycz,1,50,50,0.05,1.0,10,10,0.0,2.0,3,13,0.4925155970699263,0.8367251461988303,0.6666666666666666,4.3558559308623135,0.8314606741573034,17.95698956929905,0.969467127404531,,,0.04
wine,18,pedrycz,1,50,50,0.05,1.0,10,10,0.0,2.0,3,13,0.015955579178790525,0.7647660818713451,0.5,4.432703924556835,0.6123595505617978,17411.796284011165,0.9999584283426431,,,0.081
wine,19,pedrycz,1,50,50,0.05,1.0,10,10,0.0,2.0,3,13,1.171932659478251,0.8480994152046784,0.7222222222222222,4.343025825927131,0.8426966292134831,3.162183710800403,0.9618960301872165,,,0.08
satimage,0,pedrycz,1,50,50,0.005,1.0,10,10,0.0,2.0,6,36,2.7486699220635478,0.7376813509773518,0.6159822419533851,4.39834713881209,0.7200622083981337,0.5821626285058831,0.7287280591278251,,,1.794
satimage,1,pedrycz,1,50,50,0.005,1.0,10,10,0.0,2.0,6,36,2.8568440993224797,0.7327006931274173,0.6141479099678456,4.355021569210017,0.7139968895800933,0.5336017287764924,0.7244338259660582,,,1.746
satimage,2,pedrycz,1,50,50,0.005,1.0,10,10,0.0,2.0,6,36,2.3551770775727374,0.7343725570423547,0.5960044395116537,4.923672467175309,0.710886469673406,0.8876505438388934,0.7795376397613093,,,2.376
satimage,3,pedrycz,1,50,50,0.005,1.0,10,10,0.0,2.0,6,36,2.9472726610739177,0.7387497474597072,0.634850166481687,4.431028525683213,0.7286158631415242,0.5101100908503506,0.7246794390673892,,,1.886
satimage,4,pedrycz,1,50,50,0.005,1.0,10,10,0.0,2.0,6,36,2.8825765372792853,0.7400011202681605,0.6237942122186495,4.527004225159777,0.7241057542768273,0.5448151867933565,0.7373383706919815,,,2.298
satimage,5,pedrycz,1,50,50,0.005,1.0,10,10,0.0,2.0,6,36,2.9656353201228485,0.73968344575164,0.6205787781350482,4.414296223351038,0.7301710730948678,0.5019101547498379,0.7266740955330432,,,1.588
satimage,6,pedrycz,1,50,50,0.005,1.0,10,10,0.0,2.0,6,36,2.5881367870304395,0.7269044432319209,0.5893451720310766,4.7258084484602,0.7017107309486781,0.7055075453907447,0.7670946222146073,,,2.465
satimage,7,pedrycz,1,50,50,0.005,1.0,10,10,0.0,2.0,6,36,3.0378019657410644,0.74050713239155,0.6270810210876804,4.388845769642203,0.7292379471228616,0.4755885626324947,0.7187476462736956,,,2.951
satimage,8,pedrycz,1,50,50,0.005,1.0,10,10,0.0,2.0,6,36,1.2622478690366028,0.6896821336558823,0.5040128410914928,4.847691876550853,0.6489891135303266,3.0426059873087503,0.7729471629214958,,,2.694
satimage,9,pedrycz,1,50,50,0.005,1.0,10,10,0.0,2.0,6,36,3.025774129807013,0.7428620202688624,0.6104328523862376,4.414302696823693,0.7284603421461897,0.48215769189533925,0.7209237021835517,,,2.804
satimage,10,pedrycz,1,50,50,0.005,1.0,10,10,0.0,2.0,6,36,3.075528202373961,0.7385277416703218,0.6205787781350482,4.378364203354663,0.7234836702954899,0.4628843064509573,0.7224432657442906,,,2.01
satimage,11,pedrycz,1,50,50,0.005,1.0,10,10,0.0,2.0,6,36,3.029025927666916,0.7400230158421118,0.6126526082130965,4.405683299044956,0.7253499222395023,0.4801835668195651,0.7245011592474205,,,2.477
satimage,12,pedrycz,1,50,50,0.005,1.0,10,10,0.0,2.0,6,36,1.2566930785725798,0.7249352494369665,0.5538290788013318,4.568300958136926,0.6937791601866252,2.8926524795467623,0.7514382434058164,,,2.757
satimage,13,pedrycz,1,50,50,0.005,1.0,10,10,0.0,2.0,6,36,0.9155452104595692,0.7228781578772931,0.5594855305466238,4.417539609191106,0.692846034214619,5.270124344551534,0.7381641174331991,,,1.591
satimage,14,pedrycz,1,50,50,0.005,1.0,10,10,0.0,2.0,6,36,3.086940074976398,0.7376857841789622,0.6221864951768489,4.395842153297329,0.7248833592534992,0.46130237610474784,0.7225002109756296,,,1.833
satimage,15,pedrycz,1,50,50,0.005,1.0,10,10,0.0,2.0,6,36,3.0866847625467466,0.7336389453341294,0.6082130965593785,4.374989697087012,0.7183514774494557,0.45919006012394953,0.7233491274018554,,,2.323
satimage,16,pedrycz,1,50,50,0.005,1.0,10,10,0.0,2.0,6,36,3.0608322193147526,0.7401107852175556,0.6304106548279689,4.388729987283915,0.7264385692068429,0.4684463006194465,0.7196315985618266,,,2.327
satimage,17,pedrycz,1,50,50,0.005,1.0,10,10,0.0,2.0,6,36,1.6524410788032404,0.7269658805692887,0.5537720706260032,4.853508041066539,0.6858475894245724,1.7774761738356954,0.7716736862348061,,,1.915
satimage,18,pedrycz,1,50,50,0.005,1.0,10,10,0.0,2.0,6,36,1.1326469023147785,0.7348891618389198,0.5837957824639289,4.94346808692738,0.6925349922239502,3.853387211531773,0.7768954682490322,,,2.912
satimage,19,pedrycz,1,50,50,0.005,1.0,10,10,0.0,2.0,6,36,0.6618623343497909,0.6980408648679302,0.5200642054574639,4.632891046322975,0.6660964230171074,10.575885820266114,0.7564210899069889,,,1.824
pendigits,0,pedrycz,1,50,50,0.0005,1.0,10,10,0.0,1.5,10,16,0.45180420603147237,0.5270916806596994,0.4446494464944649,4.988537885234137,0.46806768558951967,24.438398121439363,0.8001437350130154,,,5.705
pendigits,1,pedrycz,1,50,50,0.0005,1.0,10,10,0.0,1.5,10,16,0.7197592983065991,0.5852060496729911,0.488929889298893,4.881353954016558,0.4651564774381368,9.422491014361583,0.7849429009530141,,,4.605
pendigits,2,pedrycz,1,50,50,0.0005,1.0,10,10,0.0,1.5,10,16,0.7510466976594895,0.6683504578778817,0.5452029520295203,4.963917296916384,0.5286572052401747,8.800161764599535,0.7654960671694869,,,3.672
pendigits,3,pedrycz,1,50,50,0.0005,1.0,10,10,0.0,1.5,10,16,0.9427053409417003,0.6047708712413474,0.4612546125461255,4.8128707316055115,0.48480713245997087,5.415670859149862,0.7591632498458388,,,4.336
pendigits,4,pedrycz,1,50,50,0.0005,1.0,10,10,0.0,1.5,10,16,0.4239000609199641,0.6035484665953698,0.48517520215633425,4.606956610875437,0.5616812227074236,25.638178332240642,0.6783720221794494,,,6.695
pendigits,5,pedrycz,1,50,50,0.0005,1.0,10,10,0.0,1.5,10,16,0.49072761833268935,0.6222114011274479,0.5,4.567210294544302,0.5661390101892285,18.96574936752559,0.6661507101624244,,,4.581
pendigits,6,pedrycz,1,50,50,0.0005,1.0,10,10,0.0,1.5,10,16,0.6711995553066024,0.5675562544099756,0.45387453874538747,5.044940322327109,0.4662481804949054,11.198315860443248,0.828011227311763,,,5.624
pendigits,7,pedrycz,1,50,50,0.0005,1.0,10,10,0.0,1.5,10,16,1.0430089252400903,0.6253039896924816,0.5415129151291513,4.794434548072038,0.5495815138282387,4.407185642965753,0.7111203857995376,,,3.904
pendigits,8,pedrycz,1,50,50,0.0005,1.0,10,10,0.0,1.5,10,16,0.7551870288846331,0.6089263572645559,0.470479704797048,4.835368694048553,0.5400291120815138,8.478529792931521,0.7509680120270809,,,5.341
pendigits,9,pedrycz,1,50,50,0.0005,1.0,10,10,0.0,1.5,10,16,0.6700481352442877,0.5876613992662055,0.47878228782287824,4.711204324835323,0.4554221251819505,10.49348954681885,0.6988899055989264,,,5.19
pendigits,10,pedrycz,1,50,50,0.0005,1.0,10,10,0.0,1.5,10,16,0.45967847912836773,0.6077700793264093,0.45018450184501846,4.693819615526075,0.4706149927219796,22.21355420979046,0.7121832000354928,,,1.769
pendigits,11,pedrycz,1,50,50,0.0005,1.0,10,10,0.0,1.5,10,16,1.0518797255691787,0.6557946202696825,0.5369003690036901,4.815250981658134,0.5713245997088792,4.3519786854699465,0.7392357662484553,,,4.637
pendigits,12,pedrycz,1,50,50,0.0005,1.0,10,10,0.0,1.5,10,16,0.864854108213874,0.625828683764713,0.4261992619926199,4.807978949447753,0.5135553129548762,6.428014564016431,0.7063621982662772,,,4.511
pendigits,13,pedrycz,1,50,50,0.0005,1.0,10,10,0.0,1.5,10,16,0.9647857424940692,0.6370309977128226,0.5249077490774908,4.73715108892897,0.5393013100436681,5.089269891646308,0.7073101096459804,,,4.966
pendigits,14,pedrycz,1,50,50,0.0005,1.0,10,10,0.0,1.5,10,16,1.0635187616909376,0.6509031634832335,0.5101476014760148,4.748503732245345,0.5765101892285298,4.1982323630623855,0.7209233719637584,,,3.738
pendigits,15,pedrycz,1,50,50,0.0005,1.0,10,10,0.0,1.5,10,16,0.7309746452660503,0.5600622687432112,0.3985239852398524,4.909338995977542,0.5120087336244541,9.187945180372319,0.7654716213173258,,,2.032
pendigits,16,pedrycz,1,50,50,0.0005,1.0,10,10,0.0,1.5,10,16,1.2049021203301784,0.6506709002024215,0.5027675276752768,4.693092367130504,0.5610443959243085,3.2326267664139965,0.6937689252767186,,,4.313
pendigits,17,pedrycz,1,50,50,0.0005,1.0,10,10,0.0,1.5,10,16,0.5605390926644154,0.6396162515143698,0.4981549815498155,4.819714916863488,0.5258369723435226,15.33944117685218,0.7571102574830174,,,5.13
pendigits,18,pedrycz,1,50,50,0.0005,1.0,10,10,0.0,1.5,10,16,1.1365238689367338,0.5900278843298624,0.39114391143911437,4.861555355421295,0.5095524017467249,3.763726986286014,0.7447621442023992,,,4.979
pendigits,19,pedrycz,1,50,50,0.0005,1.0,10,10,0.0,1.5,10,16,0.561311644471946,0.6351250857471012,0.4584870848708487,4.7252724320027735,0.5942503639010189,14.997495796535762,0.7146461111683258,,,5.003
digits_pca16,0,pedrycz,1,50,50,0.01,1.0,10,10,0.0,1.3,10,16,0.04036486742886765,0.6097210056808569,0.37777777777777777,7.973012260398603,0.46688925987757374,4893.452431946992,0.8862076042127237,,,0.696
digits_pca16,1,pedrycz,1,50,50,0.01,1.0,10,10,0.0,1.3,10,16,0.03666598744151327,0.6043305869946988,0.3867403314917127,7.97453005592414,0.49304396215915414,5931.688395618352,0.8820638240063169,,,0.41
digits_pca16,2,pedrycz,1,50,50,0.01,1.0,10,10,0.0,1.3,10,16,0.07045635791056808,0.6348674421865371,0.39226519337016574,7.968741460034836,0.5158597662771286,1605.274687576227,0.8747931500050156,,,0.52
digits_pca16,3,pedrycz,1,50,50,0.01,1.0,10,10,0.0,1.3,10,16,0.12059266736805921,0.6050597144468189,0.42777777777777776,7.973744375047347,0.5386755703951029,548.302853538705,0.8809919745031284,,,0.495
digits_pca16,4,pedrycz,1,50,50,0.01,1.0,10,10,0.0,1.3,10,16,0.05996634877001021,0.6304379555175582,0.3867403314917127,7.966301894713421,0.530328324986088,2215.3459110597823,0.865658048337704,,,0.546
digits_pca16,5,pedrycz,1,50,50,0.01,1.0,10,10,0.0,1.3,10,16,0.039309592890447796,0.593694548474432,0.32044198895027626,7.971395695692529,0.46410684474123537,5158.6644017639055,0.890453069449659,,,0.718
digits_pca16,6,pedrycz,1,50,50,0.01,1.0,10,10,0.0,1.3,10,16,0.22618991161225882,0.6412737556701236,0.384180790960452,7.953611117110062,0.573734001112966,155.45972354897802,0.8331502078861003,,,0.378
digits_pca16,7,pedrycz,1,50,50,0.01,1.0,10,10,0.0,1.3,10,16,0.04605379541251757,0.5983995251205652,0.37777777777777777,7.984819980922741,0.4724540901502504,3764.733813045187,0.8999784346852153,,,0.392
digits_pca16,8,pedrycz,1,50,50,0.01,1.0,10,10,0.0,1.3,10,16,0.1567189426323462,0.6226011250497138,0.4088397790055249,7.97001409841273,0.5442404006677797,324.5010481514915,0.8677024468020305,,,0.619
digits_pca16,9,pedrycz,1,50,50,0.01,1.0,10,10,0.0,1.3,10,16,0.08794043096839628,0.6081505298955656,0.36464088397790057,7.9631656242108315,0.5375626043405676,1029.6949181165835,0.849011757934571,,,0.37
digits_pca16,10,pedrycz,1,50,50,0.01,1.0,10,10,0.0,1.3,10,16,0.019924143350588487,0.5547900307223884,0.3259668508287293,7.980537020134859,0.43628269337785197,20103.552159928648,0.902246019719257,,,0.886
digits_pca16,11,pedrycz,1,50,50,0.01,1.0,10,10,0.0,1.3,10,16,0.042163420024851635,0.6153254410227593,0.3756906077348066,7.968217105692035,0.526989426822482,4482.182100907871,0.8855205283337795,,,0.497
digits_pca16,12,pedrycz,1,50,50,0.01,1.0,10,10,0.0,1.3,10,16,0.1653755609909371,0.6454239548388209,0.4222222222222222,7.970786635287976,0.567056204785754,291.44628450512187,0.8621741375458882,,,0.83
digits_pca16,13,pedrycz,1,50,50,0.01,1.0,10,10,0.0,1.3,10,16,0.06285830356323759,0.6177826065214271,0.3867403314917127,7.995228776817564,0.552031163049527,2023.5110636801296,0.9266153025762541,,,0.824
digits_pca16,14,pedrycz,1,50,50,0.01,1.0,10,10,0.0,1.3,10,16,0.04594906946556658,0.6416359716011489,0.44751381215469616,7.970483693584264,0.5481357818586533,3775.124129228052,0.874132671130787,,,0.402
digits_pca16,15,pedrycz,1,50,50,0.01,1.0,10,10,0.0,1.3,10,16,0.06927179721725392,0.6118456065989195,0.4431818181818182,7.975171276968048,0.4757929883138564,1661.9850323014427,0.8775487003395,,,1.198
digits_pca16,16,pedrycz,1,50,50,0.01,1.0,10,10,0.0,1.3,10,16,0.09504886211460538,0.6202186735129627,0.384180790960452,7.962826363613935,0.5748469671675014,881.4007212945539,0.8543335613213908,,,0.753
digits_pca16,17,pedrycz,1,50,50,0.01,1.0,10,10,0.0,1.3,10,16,0.10262308928047048,0.6520111839309296,0.3867403314917127,7.971560664037217,0.5325542570951586,756.9255884391878,0.8722940337772023,,,0.414
digits_pca16,18,pedrycz,1,50,50,0.01,1.0,10,10,0.0,1.3,10,16,0.207293071619716,0.6546267970853855,0.4632768361581921,7.957625578208411,0.577072899276572,185.18846298191752,0.8483771305476191,,,0.718
digits_pca16,19,pedrycz,1,50,50,0.01,1.0,10,10,0.0,1.3,10,16,0.1331215336298525,0.6448954820511219,0.39226519337016574,7.977622698041907,0.533667223149694,450.17032997479413,0.8822312946911917,,,0.844
digits_pca32,0,pedrycz,1,50,50,0.01,1.0,10,10,0.0,1.1,10,32,2.024303758535296,0.5176208302232868,0.3389830508474576,24.732287130470983,0.4730105731775181,6.035495311382904,0.480251210860398,,,0.816
digits_pca32,1,pedrycz,1,50,50,0.01,1.0,10,10,0.0,1.1,10,32,1.9029440329621332,0.47643104063303515,0.36666666666666664,24.764843234473865,0.44073455759599334,6.838857461782203,0.5039668045474673,,,1.057
digits_pca32,2,pedrycz,1,50,50,0.01,1.0,10,10,0.0,1.1,10,32,1.738684611857019,0.4676294458455468,0.2983425414364641,24.75474234619036,0.41791875347801893,8.188734484490958,0.4969629719241901,,,1.023
digits_pca32,3,pedrycz,1,50,50,0.01,1.0,10,10,0.0,1.1,10,32,1.9714924924465032,0.544181947171299,0.35911602209944754,24.69019147062253,0.4741235392320534,6.352346840070843,0.48155730846325995,,,1.373
digits_pca32,4,pedrycz,1,50,50,0.01,1.0,10,10,0.0,1.1,10,32,1.9498354115777772,0.5149582901407791,0.3615819209039548,24.706846297200606,0.4540901502504174,6.49862394592464,0.4714391978867469,,,0.715
digits_pca32,5,pedrycz,1,50,50,0.01,1.0,10,10,0.0,1.1,10,32,1.9288815225638007,0.5103422375713659,0.3163841807909605,24.70237024547062,0.4501947690595437,6.639379926087249,0.473298646623756,,,1.241
digits_pca32,6,pedrycz,1,50,50,0.01,1.0,10,10,0.0,1.1,10,32,1.7150555682467963,0.5411565916119316,0.37222222222222223,24.6903044212685,0.48747913188647746,8.394021029540005,0.49270963099372256,,,1.498
digits_pca32,7,pedrycz,1,50,50,0.01,1.0,10,10,0.0,1.1,10,32,2.0401399825542113,0.5006439428309348,0.29444444444444445,24.55738794806474,0.454646633277685,5.900138911252797,0.45093669825293997,,,1.341
digits_pca32,8,pedrycz,1,50,50,0.01,1.0,10,10,0.0,1.1,10,32,1.9519880828767826,0.5664868153378726,0.4388888888888889,24.69910494381472,0.5186421814134669,6.482266645070399,0.46840798500211045,,,0.705
digits_pca32,9,pedrycz,1,50,50,0.01,1.0,10,10,0.0,1.1,10,32,2.035946092241414,0.4781762722878007,0.3701657458563536,24.698601044630724,0.41847523650528656,5.958539269699579,0.47778913480025953,,,1.328
digits_pca32,10,pedrycz,1,50,50,0.01,1.0,10,10,0.0,1.1,10,32,1.7992716663046633,0.5184905229769079,0.3111111111111111,24.763862012294496,0.48970506399554814,7.6493563508831475,0.5158850931214619,,,0.664
digits_pca32,11,pedrycz,1,50,50,0.01,1.0,10,10,0.0,1.1,10,32,2.018007633610821,0.47582455288067804,0.3111111111111111,24.70752066806728,0.41680578742348356,6.06713359346118,0.4844012671535251,,,0.972
digits_pca32,12,pedrycz,1,50,50,0.01,1.0,10,10,0.0,1.1,10,32,1.8610910877418454,0.5287544979786155,0.3785310734463277,24.708999623248914,0.4919309961046188,7.133783154296658,0.4941712319049304,,,0.846
digits_pca32,13,pedrycz,1,50,50,0.01,1.0,10,10,0.0,1.1,10,32,1.9842260501944315,0.5669749111329307,0.36666666666666664,24.513913160013903,0.5158597662771286,6.226304399716777,0.44421008284101193,,,1.091
digits_pca32,14,pedrycz,1,50,50,0.01,1.0,10,10,0.0,1.1,10,32,1.6619952691093498,0.47496778128550876,0.2994350282485876,24.87172959222577,0.4012242626599889,9.004226704018865,0.4800592427450746,,,0.818
digits_pca32,15,pedrycz,1,50,50,0.01,1.0,10,10,0.0,1.1,10,32,2.0520885534941065,0.5371062091958302,0.4065934065934066,24.665643906919158,0.4952698942682248,5.857337672416954,0.46307885005580385,,,0.835
digits_pca32,16,pedrycz,1,50,50,0.01,1.0,10,10,0.0,1.1,10,32,1.8081378295514177,0.4722609808325352,0.3370165745856354,24.72306919790411,0.43516972732331666,7.562046078871884,0.4981164842096626,,,0.624
digits_pca32,17,pedrycz,1,50,50,0.01,1.0,10,10,0.0,1.1,10,32,1.7657735117680957,0.4495934439811323,0.29444444444444445,24.657531708286626,0.41068447412353926,7.9082357025233465,0.46881872962059207,,,0.441
digits_pca32,18,pedrycz,1,50,50,0.01,1.0,10,10,0.0,1.1,10,32,2.063511757794251,0.5415573788128805,0.32044198895027626,24.617224662221286,0.5091819699499165,5.7812958385678535,0.4507837516312316,,,0.713
digits_pca32,19,pedrycz,1,50,50,0.01,1.0,10,10,0.0,1.1,10,32,1.7886439970828376,0.5266514719204107,0.31666666666666665,24.676172716744546,0.5153032832498609,7.713118127566229,0.47518872831720443,,,0.721
letter,0,pedrycz,1,50,50,0.005,1.0,10,10,0.0,1.3,26,16,0.21910261804991688,0.25887295400011395,0.19487694625816174,5.137792085453438,0.2026,107.02405245583759,0.6049094168046557,,,58.567
letter,1,pedrycz,1,50,50,0.005,1.0,10,10,0.0,1.3,26,16,0.42617433106013314,0.2608987998659676,0.18567961165048544,5.145333216509989,0.21375,28.329501272475266,0.6079585647961105,,,57.535
letter,2,pedrycz,1,50,50,0.005,1.0,10,10,0.0,1.3,26,16,0.3885914762171414,0.28301864933117915,0.19356796116504854,5.137675299773563,0.21405,34.02358819791241,0.6029113045811891,,,55.002
letter,3,pedrycz,1,50,50,0.005,1.0,10,10,0.0,1.3,26,16,0.5334121151860571,0.2618568700763529,0.1650485436893204,5.1160764521108195,0.2195,17.98089375414541,0.5819385954137847,,,51.258
letter,4,pedrycz,1,50,50,0.005,1.0,10,10,0.0,1.3,26,16,0.4470877203670724,0.27170028927153483,0.16929611650485438,5.111267828366604,0.2172,25.570731666120576,0.587544669431743,,,48.735
letter,5,pedrycz,1,50,50,0.005,1.0,10,10,0.0,1.3,26,16,0.15849158515644055,0.28269474079398105,0.17475728155339806,5.118521104328842,0.22575,203.76616892427575,0.5880743967648143,,,45.373
letter,6,pedrycz,1,50,50,0.005,1.0,10,10,0.0,1.3,26,16,0.7097663644932889,0.2595857746435283,0.18689320388349515,5.101602091879929,0.20835,10.126882082921291,0.5755431963220808,,,48.592
letter,7,pedrycz,1,50,50,0.005,1.0,10,10,0.0,1.3,26,16,0.31765668285672294,0.2818333661676209,0.18992718446601942,5.131272444746877,0.225,50.85212211486951,0.5941040437327251,,,50.813
letter,8,pedrycz,1,50,50,0.005,1.0,10,10,0.0,1.3,26,16,0.40164922156675814,0.2782234700893044,0.2087378640776699,5.164521296056901,0.2282,32.01372525010328,0.5928576570040309,,,44.709
letter,9,pedrycz,1,50,50,0.005,1.0,10,10,0.0,1.3,26,16,0.27724802424318135,0.25260182949975973,0.1729368932038835,5.119536574069327,0.21115,66.60299058126468,0.5959849952962664,,,46.654
letter,10,pedrycz,1,50,50,0.005,1.0,10,10,0.0,1.3,26,16,0.29148519590167266,0.25868097356887415,0.20388349514563106,5.126253430747453,0.21345,60.33468754212792,0.5967630665900677,,,51.321
letter,11,pedrycz,1,50,50,0.005,1.0,10,10,0.0,1.3,26,16,0.4056984186082083,0.28299667336854606,0.20266990291262135,5.118261088853412,0.22775,31.096807578363624,0.5873670163260277,,,30.677
letter,12,pedrycz,1,50,50,0.005,1.0,10,10,0.0,1.3,26,16,0.31805585139595133,0.27848336839872684,0.1966019417475728,5.111541796010996,0.22645,50.52951579061699,0.5907639350478292,,,31.243
letter,13,pedrycz,1,50,50,0.005,1.0,10,10,0.0,1.3,26,16,0.2123589249582116,0.26198412312076486,0.18810679611650485,5.101851254376718,0.2146,113.13233641323278,0.5785846827525786,,,31.747
letter,14,pedrycz,1,50,50,0.005,1.0,10,10,0.0,1.3,26,16,0.05768186473835826,0.28396002824275124,0.1929611650485437,5.133840778323301,0.24615,1542.9924878024854,0.5766317331055473,,,46.499
letter,15,pedrycz,1,50,50,0.005,1.0,10,10,0.0,1.3,26,16,0.5532765572292192,0.28827940412589603,0.18325242718446602,5.081070063176816,0.2441,16.59856888216906,0.5692607985172448,,,38.747
letter,16,pedrycz,1,50,50,0.005,1.0,10,10,0.0,1.3,26,16,0.32729765074342115,0.258312134378322,0.19356796116504854,5.104170694737093,0.21235,47.64742263748864,0.5856233310265474,,,18.422
letter,17,pedrycz,1,50,50,0.005,1.0,10,10,0.0,1.3,26,16,0.3920383663351832,0.2691716755323909,0.1929611650485437,5.112685637397149,0.2186,33.26533861823429,0.5907002502827582,,,25.639
letter,18,pedrycz,1,50,50,0.005,1.0,10,10,0.0,1.3,26,16,0.44143394549599335,0.27572636266742484,0.1966019417475728,5.120735371728595,0.2238,26.27851864672804,0.585698253632765,,,21.098
letter,19,pedrycz,1,50,50,0.005,1.0,10,10,0.0,1.3,26,16,0.26566084375315807,0.26683379455345285,0.19356796116504854,5.146843232722177,0.2094,72.92657963824188,0.6084648520953592,,,25.034
mnist784_pca32 (20c),0,pedrycz,1,50,50,0.001,1.0,20,20,0.0,1.1,10,32,2.0483490768336665,0.3977505690801571,0.31462925851703405,24.633550419555366,0.34735714285714286,5.87109448990377,0.42431118617902197,,,133.019
mnist784_pca32 (20c),1,pedrycz,1,50,50,0.001,1.0,20,20,0.0,1.1,10,32,1.9701325710169202,0.4154616611933413,0.32674684994272624,24.604556027745094,0.37224285714285715,6.339056620401639,0.44936778105957,,,112.794
mnist784_pca32 (20c),2,pedrycz,1,50,50,0.001,1.0,20,20,0.0,1.1,10,32,2.0054221188768926,0.4491629039456897,0.36014886916690525,24.606536481352116,0.3878142857142857,6.118414380840212,0.4413596947505544,,,117.616
mnist784_pca32 (20c),3,pedrycz,1,50,50,0.001,1.0,20,20,0.0,1.1,10,32,2.0113547742332463,0.4317690045876471,0.35894462162945784,24.51984555676332,0.38285714285714284,6.060945362181322,0.41796557577090493,,,72.803
mnist784_pca32 (20c),4,pedrycz,1,50,50,0.001,1.0,20,20,0.0,1.1,10,32,1.9542034633650054,0.46046642599995125,0.31004866876610365,24.790892543938657,0.39227142857142855,6.49161276603098,0.46866576136779353,,,100.598
mnist784_pca32 (20c),5,pedrycz,1,50,50,0.001,1.0,20,20,0.0,1.1,10,32,2.0679414411791424,0.39967015713535714,0.2992554410080183,24.561469437793527,0.38125714285714285,5.743516496581411,0.441506152551504,,,93.631
mnist784_pca32 (20c),6,pedrycz,1,50,50,0.001,1.0,20,20,0.0,1.1,10,32,1.8761264151975792,0.4324685529706717,0.3662217063261753,24.59126230715802,0.37892857142857145,6.986451135973815,0.44156363474773397,,,122.976
mnist784_pca32 (20c),7,pedrycz,1,50,50,0.001,1.0,20,20,0.0,1.1,10,32,1.880340526550258,0.4389465051021337,0.32050902633915357,24.635947726803753,0.36714285714285716,6.96780938101082,0.45236990382366565,,,62.925
mnist784_pca32 (20c),8,pedrycz,1,50,50,0.001,1.0,20,20,0.0,1.1,10,32,2.060444341413971,0.42107128671474925,0.31348411107930146,24.522611128576823,0.4039285714285714,5.776236099054633,0.4375415530834132,,,77.727
mnist784_pca32 (20c),9,pedrycz,1,50,50,0.001,1.0,20,20,0.0,1.1,10,32,2.061391523548372,0.46359246438926033,0.34039507586601775,24.54151369179352,0.4085142857142857,5.775377468392431,0.4366429777290756,,,109.006
mnist784_pca32 (20c),10,pedrycz,1,50,50,0.001,1.0,20,20,0.0,1.1,10,32,1.8193592380081969,0.43093782722311,0.36053837342497136,24.5548486514222,0.37667142857142855,7.418230796919683,0.44787929614624883,,,83.422
mnist784_pca32 (20c),11,pedrycz,1,50,50,0.001,1.0,20,20,0.0,1.1,10,32,1.9286993981682385,0.47681345444552514,0.37628865979381443,24.82958306452299,0.36225714285714283,6.674831965023599,0.41755197782425413,,,76.98
mnist784_pca32 (20c),12,pedrycz,1,50,50,0.001,1.0,20,20,0.0,1.1,10,32,1.7512906613871233,0.4076806136431047,0.32064128256513025,24.689234749214265,0.35255714285714285,8.049912604025442,0.4439737443476327,,,66.854
mnist784_pca32 (20c),13,pedrycz,1,50,50,0.001,1.0,20,20,0.0,1.1,10,32,2.038685728035282,0.3944357876491441,0.30646564221513484,24.52448580461785,0.3797857142857143,5.900643073677619,0.42994168620226586,,,63.629
mnist784_pca32 (20c),14,pedrycz,1,50,50,0.001,1.0,20,20,0.0,1.1,10,32,2.1057514076115655,0.42795560553189366,0.2819925565416547,24.50456425758212,0.41037142857142855,5.526278719560244,0.4332396115065035,,,64.607
mnist784_pca32 (20c),15,pedrycz,1,50,50,0.001,1.0,20,20,0.0,1.1,10,32,1.997940201724154,0.4188889723730627,0.34655223438887245,24.581986345988756,0.37107142857142855,6.1581746520999125,0.4487372675252726,,,61.44
mnist784_pca32 (20c),16,pedrycz,1,50,50,0.001,1.0,20,20,0.0,1.1,10,32,1.899727976709412,0.40766696262770086,0.349100406268137,24.595458355027812,0.3656714285714286,6.815097656187176,0.44846465580976314,,,52.133
mnist784_pca32 (20c),17,pedrycz,1,50,50,0.001,1.0,20,20,0.0,1.1,10,32,2.061572758496658,0.4603245275156495,0.33924992842828516,24.54636730275578,0.40368571428571426,5.7755040784770495,0.43915872131954736,,,52.474
mnist784_pca32 (20c),18,pedrycz,1,50,50,0.001,1.0,20,20,0.0,1.1,10,32,1.8852312170847791,0.4271641751034142,0.33867735470941884,24.69346616973989,0.3823714285714286,6.947888018585753,0.4239733348674128,,,50.561
mnist784_pca32 (20c),19,pedrycz,1,50,50,0.001,1.0,20,20,0.0,1.1,10,32,2.107484331591746,0.4431222291511382,0.299456054967077,24.49466913051164,0.4361285714285714,5.514966370277578,0.43789508546830197,,,48.03
mnist784_pca32 (50c),0,pedrycz,1,50,50,0.002,1.0,50,50,0.0,1.1,10,32,2.049122411788969,0.48594063375169305,0.38940586972083036,24.532046805191463,0.4535,5.842490002847434,0.44308370688142434,,,72.759
mnist784_pca32 (50c),1,pedrycz,1,50,50,0.002,1.0,50,50,0.0,1.1,10,32,1.8484626369373827,0.4125254103078631,0.31710808876163205,24.635628953304,0.3741285714285714,7.210116818469843,0.4720797991692912,,,123.174
mnist784_pca32 (50c),2,pedrycz,1,50,50,0.002,1.0,50,50,0.0,1.1,10,32,1.881639084585167,0.40317049922011045,0.25554760200429494,24.59412314172757,0.3959857142857143,6.946382473933382,0.45078022807010054,,,84.213
mnist784_pca32 (50c),3,pedrycz,1,50,50,0.002,1.0,50,50,0.0,1.1,10,32,1.8379477414755423,0.39498947064572826,0.3178239083750895,24.648221567982976,0.34685714285714286,7.296578707124209,0.4626484146093675,,,114.477
mnist784_pca32 (50c),4,pedrycz,1,50,50,0.002,1.0,50,50,0.0,1.1,10,32,1.9134069641254807,0.42606829760692294,0.3604060913705584,24.581895878706682,0.37455714285714287,6.7142989523607355,0.43854392020587807,,,111.301
mnist784_pca32 (50c),5,pedrycz,1,50,50,0.002,1.0,50,50,0.0,1.1,10,32,2.0072641143597476,0.42464388366158007,0.325697924123121,24.61146226849799,0.3764571428571429,6.108412776956062,0.44809269712018834,,,112.357
mnist784_pca32 (50c),6,pedrycz,1,50,50,0.002,1.0,50,50,0.0,1.1,10,32,2.0906150363201013,0.4262781912979164,0.27988546886184684,24.511406454326846,0.4049142857142857,5.608156084948768,0.4374637689913977,,,127.872
mnist784_pca32 (50c),7,pedrycz,1,50,50,0.002,1.0,50,50,0.0,1.1,10,32,1.9389328410061957,0.4278968514193548,0.30565497494631355,24.62976894180489,0.4078,6.551410378180752,0.42972818499332494,,,113.458
mnist784_pca32 (50c),8,pedrycz,1,50,50,0.002,1.0,50,50,0.0,1.1,10,32,2.034756594004656,0.4556003120589209,0.3199713672154617,24.52553290106537,0.41244285714285717,5.923706377530732,0.4388905758304389,,,123.84
mnist784_pca32 (50c),9,pedrycz,1,50,50,0.002,1.0,50,50,0.0,1.1,10,32,1.8795937663109028,0.4087301974387686,0.2992125984251969,24.604530140080538,0.37894285714285714,6.964454155547044,0.45629899739998336,,,107.194
mnist784_pca32 (50c),10,pedrycz,1,50,50,0.002,1.0,50,50,0.0,1.1,10,32,2.0575999770244544,0.40583051271804166,0.2927702219040802,24.71323325691532,0.3644428571428571,5.837241689162689,0.4484965195845066,,,106.218
mnist784_pca32 (50c),11,pedrycz,1,50,50,0.002,1.0,50,50,0.0,1.1,10,32,2.050901800448476,0.4394077693582247,0.2999284180386543,24.570057123748022,0.39495714285714284,5.841393102320125,0.42564478836612446,,,121.034
mnist784_pca32 (50c),12,pedrycz,1,50,50,0.002,1.0,50,50,0.0,1.1,10,32,1.8438920142341992,0.39184641869906867,0.30637079455977095,24.594811626337894,0.3581,7.233900547992585,0.43719238440487396,,,100.022
mnist784_pca32 (50c),13,pedrycz,1,50,50,0.002,1.0,50,50,0.0,1.1,10,32,1.9647319871945197,0.4609524805876667,0.3443092340730136,24.653915099422527,0.40175714285714287,6.3867404081712635,0.4598683566501223,,,82.018
mnist784_pca32 (50c),14,pedrycz,1,50,50,0.002,1.0,50,50,0.0,1.1,10,32,1.9487683256677628,0.42198908326524043,0.25554760200429494,24.608928287013168,0.38598571428571427,6.479959272811207,0.4544192608943969,,,64.82
mnist784_pca32 (50c),15,pedrycz,1,50,50,0.002,1.0,50,50,0.0,1.1,10,32,2.1115874202050975,0.4602615536843638,0.3199713672154617,24.521817137258033,0.4285,5.4996432348037665,0.4369144613250731,,,104.549
mnist784_pca32 (50c),16,pedrycz,1,50,50,0.002,1.0,50,50,0.0,1.1,10,32,1.7267442583357933,0.41435404401833453,0.3321247280638144,24.633398009704567,0.3692857142857143,8.261678351429254,0.45569966421307473,,,101.223
mnist784_pca32 (50c),17,pedrycz,1,50,50,0.002,1.0,50,50,0.0,1.1,10,32,1.8193592374401335,0.4387515625974993,0.3113815318539728,24.6573349453424,0.37974285714285716,7.449192791710892,0.4393436087592811,,,91.844
mnist784_pca32 (50c),18,pedrycz,1,50,50,0.002,1.0,50,50,0.0,1.1,10,32,2.081692513181464,0.464772242740637,0.3357193987115247,24.536743883029413,0.4284857142857143,5.66218127467091,0.4488449059566858,,,103.979
mnist784_pca32 (50c),19,pedrycz,1,50,50,0.002,1.0,50,50,0.0,1.1,10,32,1.8579306496000394,0.41367558044456504,0.2655690765926986,24.71955532438911,0.36565714285714285,7.161131614010575,0.4446655073104264,,,81.562
