dataset,init,mstar,paper_mstar,agrees,n_seeds,ms_all_distinct
cluster_skew_hard,paper,2.0,2.0,1,5,2.0;1.5;1.3;1.2;1.1
cluster_skew_hard,kmeanspp_best10,2.0,2.0,1,5,2.0;1.5;1.3;1.2;1.1
cluster_skew_hard,oracle,2.0,2.0,1,5,2.0;1.5;1.3;1.2;1.1
cluster_skew_hard,fed_lossless_pre1,2.0,2.0,1,5,2.0;1.5;1.3;1.2;1.1
cluster_skew_overlap,paper,2.0,2.0,1,5,2.0;1.5;1.3;1.2;1.1
cluster_skew_overlap,kmeanspp_best10,2.0,2.0,1,5,2.0;1.5;1.3;1.2;1.1
cluster_skew_overlap,oracle,2.0,2.0,1,5,2.0;1.5;1.3;1.2;1.1
cluster_skew_overlap,fed_lossless_pre1,2.0,2.0,1,5,2.0;1.5;1.3;1.2;1.1
dirichlet_0.03,paper,2.0,2.0,1,5,2.0;1.5;1.3;1.2;1.1
dirichlet_0.03,kmeanspp_best10,2.0,2.0,1,5,2.0;1.5;1.3;1.2;1.1
dirichlet_0.03,oracle,2.0,2.0,1,5,2.0;1.5;1.3;1.2;1.1
dirichlet_0.03,fed_lossless_pre1,2.0,2.0,1,5,2.0;1.5;1.3;1.2;1.1
dirichlet_0.1,paper,2.0,2.0,1,5,2.0;1.5;1.3;1.2;1.1
dirichlet_0.1,kmeanspp_best10,2.0,2.0,1,5,2.0;1.5;1.3;1.2;1.1
dirichlet_0.1,oracle,2.0,2.0,1,5,2.0;1.5;1.3;1.2;1.1
dirichlet_0.1,fed_lossless_pre1,2.0,2.0,1,5,2.0;1.5;1.3;1.2;1.1
overlap_noise,paper,2.0,2.0,1,5,2.0;1.5;1.3;1.2;1.1
overlap_noise,kmeanspp_best10,2.0,2.0,1,5,2.0;1.5;1.3;1.2;1.1
overlap_noise,oracle,2.0,2.0,1,5,2.0;1.5;1.3;1.2;1.1
overlap_noise,fed_lossless_pre1,2.0,2.0,1,5,2.0;1.5;1.3;1.2;1.1
quantity_skew_extreme,paper,2.0,2.0,1,5,2.0;1.5;1.3;1.2;1.1
quantity_skew_extreme,kmeanspp_best10,2.0,2.0,1,5,2.0;1.5;1.3;1.2;1.1
quantity_skew_extreme,oracle,2.0,2.0,1,5,2.0;1.5;1.3;1.2;1.1
quantity_skew_extreme,fed_lossless_pre1,2.0,2.0,1,5,2.0;1.5;1.3;1.2;1.1
wine,paper,2.0,2.0,1,5,2.0;1.5;1.3;1.2;1.1
wine,kmeanspp_best10,2.0,2.0,1,5,2.0;1.5;1.3;1.2;1.1
wine,oracle,2.0,2.0,1,5,2.0;1.5;1.3;1.2;1.1
wine,fed_lossless_pre1,2.0,2.0,1,5,2.0;1.5;1.3;1.2;1.1
satimage,paper,2.0,2.0,1,5,2.0;1.5;1.3;1.2;1.1
satimage,kmeanspp_best10,2.0,2.0,1,5,2.0;1.5;1.3;1.2;1.1
satimage,oracle,2.0,2.0,1,5,2.0;1.5;1.3;1.2;1.1
satimage,fed_lossless_pre1,2.0,2.0,1,5,2.0;1.5;1.3;1.2;1.1
pendigits,paper,1.5,1.5,1,5,1.5;1.3;1.2;1.1
pendigits,kmeanspp_best10,1.5,1.5,1,5,1.5;1.3;1.2;1.1
pendigits,oracle,1.5,1.5,1,5,1.5;1.3;1.2;1.1
pendigits,fed_lossless_pre1,1.5,1.5,1,5,1.5;1.3;1.2;1.1
digits_pca16,paper,1.3,1.3,1,5,1.3;1.2;1.1
digits_pca16,kmeanspp_best10,1.3,1.3,1,5,1.3;1.2;1.1
digits_pca16,oracle,1.3,1.3,1,5,1.3;1.2;1.1
digits_pca16,fed_lossless_pre1,1.3,1.3,1,5,1.3;1.2;1.1
digits_pca32,paper,1.1,1.1,1,5,1.1
digits_pca32,kmeanspp_best10,1.1,1.1,1,5,1.1
digits_pca32,oracle,1.1,1.1,1,5,1.1
digits_pca32,fed_lossless_pre1,1.1,1.1,1,5,1.1
letter,paper,1.3,1.3,1,5,1.3;1.2;1.1
letter,kmeanspp_best10,1.3,1.3,1,5,1.3;1.2;1.1
letter,oracle,1.5,1.3,0,5,1.5;1.3;1.2;1.1
letter,fed_lossless_pre1,1.3,1.3,1,5,1.3;1.2;1.1
mnist784_pca32 (20c),paper,1.1,1.1,1,5,1.1
mnist784_pca32 (20c),kmeanspp_best10,1.1,1.1,1,5,1.1
mnist784_pca32 (20c),oracle,1.1,1.1,1,5,1.1
mnist784_pca32 (20c),fed_lossless_pre1,1.1,1.1,1,5,1.1
mnist784_pca32 (50c),paper,1.1,1.1,1,5,1.1
mnist784_pca32 (50c),kmeanspp_best10,1.1,1.1,1,5,1.1
mnist784_pca32 (50c),oracle,1.1,1.1,1,5,1.1
mnist784_pca32 (50c),fed_lossless_pre1,1.1,1.1,1,5,1.1
