dataset,seed,method,L,rounds,n_rounds,eta_l,eta_g,cfraction,participation,n_part,n_clients,split,m,n_clusters,dim,upload_numbers,min_dist,mean_acc,worst_acc,fcm_obj,gacc,xb,hnorm,error,runtime_s
cluster_skew_hard,0,scffcm,5,50,37,0.05,8.0,1.0,1.0,12,12,0.0,2.0,4,2,7104,7.458307423019211,1.0,1.0,1.0328927858830745,1.0,0.01856840855113541,0.12347799149130037,,0.099
cluster_skew_hard,1,scffcm,5,50,12,0.05,8.0,1.0,1.0,12,12,0.0,2.0,4,2,2304,7.481998619782858,1.0,1.0,1.0200557521854148,1.0,0.01822169033048691,0.12264923275998786,,0.035
cluster_skew_hard,2,scffcm,5,50,19,0.05,8.0,1.0,1.0,12,12,0.0,2.0,4,2,3648,7.4683398303711215,1.0,1.0,1.05587511377549,1.0,0.018930601407177686,0.1254567120156177,,0.052
cluster_skew_hard,3,scffcm,5,50,28,0.05,8.0,1.0,1.0,12,12,0.0,2.0,4,2,5376,7.531694168411539,1.0,1.0,1.0462690151519192,1.0,0.018444123031683027,0.12410018411187486,,0.075
cluster_skew_hard,4,scffcm,5,50,31,0.05,8.0,1.0,1.0,12,12,0.0,2.0,4,2,5952,7.479844163818695,1.0,1.0,1.0727722790162157,1.0,0.019174429138576456,0.12661809190988468,,0.083
cluster_skew_hard,5,scffcm,5,50,18,0.05,8.0,1.0,1.0,12,12,0.0,2.0,4,2,3456,7.479762909116472,1.0,1.0,1.0570911282894926,1.0,0.018894559180170814,0.1255736669751157,,0.05
cluster_skew_hard,6,scffcm,5,50,18,0.05,8.0,1.0,1.0,12,12,0.0,2.0,4,2,3456,7.536731575955273,1.0,1.0,1.0002988743323653,1.0,0.017610175503017543,0.1200258592266471,,0.053
cluster_skew_hard,7,scffcm,5,50,18,0.05,8.0,1.0,1.0,12,12,0.0,2.0,4,2,3456,7.520227435409061,1.0,1.0,1.0296266452069582,1.0,0.018206137672427833,0.12314649636272978,,0.05
cluster_skew_hard,8,scffcm,5,50,26,0.05,8.0,1.0,1.0,12,12,0.0,2.0,4,2,4992,7.478969739482722,1.0,1.0,1.040268110207713,1.0,0.0185978068581383,0.12372983453900341,,0.07
cluster_skew_hard,9,scffcm,5,50,12,0.05,8.0,1.0,1.0,12,12,0.0,2.0,4,2,2304,7.466313284428499,1.0,1.0,1.0787542085095945,1.0,0.019351297306353817,0.12814625119009188,,0.034
cluster_skew_hard,10,scffcm,5,50,30,0.05,8.0,1.0,1.0,12,12,0.0,2.0,4,2,5760,7.484541311568022,1.0,1.0,1.0250295329178942,1.0,0.018298100082182304,0.12316139072990712,,0.091
cluster_skew_hard,11,scffcm,5,50,16,0.05,8.0,1.0,1.0,12,12,0.0,2.0,4,2,3072,7.516615181532967,1.0,1.0,1.0294671964491175,1.0,0.01822081836905263,0.12263712799707643,,0.047
cluster_skew_hard,12,scffcm,5,50,18,0.05,8.0,1.0,1.0,12,12,0.0,2.0,4,2,3456,7.524122374307383,1.0,1.0,1.0585973823733457,1.0,0.018699031573892928,0.12589451757467954,,0.053
cluster_skew_hard,13,scffcm,5,50,18,0.05,8.0,1.0,1.0,12,12,0.0,2.0,4,2,3456,7.636695414366323,1.0,1.0,1.0509331506141015,1.0,0.0180203886366225,0.12329576849499496,,0.055
cluster_skew_hard,14,scffcm,5,50,21,0.05,8.0,1.0,1.0,12,12,0.0,2.0,4,2,4032,7.451227405771757,1.0,1.0,1.010790545107656,1.0,0.018205622574760664,0.12071100246819451,,0.062
cluster_skew_hard,15,scffcm,5,50,10,0.05,8.0,1.0,1.0,12,12,0.0,2.0,4,2,1920,7.46562474715452,1.0,1.0,1.0583444310994665,1.0,0.018988677364639193,0.12644368838615766,,0.032
cluster_skew_hard,16,scffcm,5,50,17,0.05,8.0,1.0,1.0,12,12,0.0,2.0,4,2,3264,7.509025124638414,1.0,1.0,1.0491686656417927,1.0,0.01860707879045555,0.12548385664327852,,0.054
cluster_skew_hard,17,scffcm,5,50,25,0.05,8.0,1.0,1.0,12,12,0.0,2.0,4,2,4800,7.523552275379955,1.0,1.0,1.0500152262253455,1.0,0.01855024761105745,0.12474671063258427,,0.071
cluster_skew_hard,18,scffcm,5,50,27,0.05,8.0,1.0,1.0,12,12,0.0,2.0,4,2,5184,7.514673236687983,1.0,1.0,1.0433782327288106,1.0,0.018476579312500276,0.12435546620852084,,0.081
cluster_skew_hard,19,scffcm,5,50,12,0.05,8.0,1.0,1.0,12,12,0.0,2.0,4,2,2304,7.5294170720145335,1.0,1.0,1.0312130817914629,1.0,0.018189707061920957,0.123413905188407,,0.036
cluster_skew_overlap,0,scffcm,5,50,50,1.0,0.5,1.0,1.0,12,12,0.0,2.0,4,2,9600,3.7656763406023983,0.8632575757575757,0.8090909090909091,2.091747831130726,0.8632575757575758,0.14751064020969365,0.5480962251509021,,0.141
cluster_skew_overlap,1,scffcm,5,50,46,1.0,0.5,1.0,1.0,12,12,0.0,2.0,4,2,8832,3.844780230971876,0.8681818181818183,0.8227272727272728,2.0536480832729413,0.8681818181818182,0.13892582463278821,0.5436193318889729,,0.135
cluster_skew_overlap,2,scffcm,5,50,45,1.0,0.5,1.0,1.0,12,12,0.0,2.0,4,2,8640,3.7682861109092283,0.8606060606060607,0.8272727272727273,2.121853877818593,0.8606060606060606,0.14942653763529357,0.5524329009504508,,0.126
cluster_skew_overlap,3,scffcm,5,50,50,1.0,0.5,1.0,1.0,12,12,0.0,2.0,4,2,9600,3.958024889248253,0.8583333333333334,0.8,2.0915594222863607,0.8583333333333333,0.13350980633070145,0.5457705407138776,,0.139
cluster_skew_overlap,4,scffcm,5,50,50,1.0,0.5,1.0,1.0,12,12,0.0,2.0,4,2,9600,3.831106880433427,0.8621212121212123,0.8181818181818182,2.1638287887041843,0.8621212121212121,0.14742609369836912,0.5551151418184889,,0.145
cluster_skew_overlap,5,scffcm,5,50,43,1.0,0.5,1.0,1.0,12,12,0.0,2.0,4,2,8256,3.8803704973792366,0.8590909090909092,0.7681818181818182,2.1108065425766607,0.8590909090909091,0.14018516065953704,0.5435924315848503,,0.119
cluster_skew_overlap,6,scffcm,5,50,44,1.0,0.5,1.0,1.0,12,12,0.0,2.0,4,2,8448,3.893512820680702,0.8856060606060606,0.8363636363636363,2.062115770048403,0.8856060606060606,0.13602847377314475,0.5408341097569036,,0.121
cluster_skew_overlap,7,scffcm,5,50,48,1.0,0.5,1.0,1.0,12,12,0.0,2.0,4,2,9216,3.9140545537215066,0.8643939393939394,0.8090909090909091,2.071565042598025,0.8643939393939394,0.1352212121447803,0.549293451335023,,0.138
cluster_skew_overlap,8,scffcm,5,50,50,1.0,0.5,1.0,1.0,12,12,0.0,2.0,4,2,9600,3.7443746286636603,0.868560606060606,0.8272727272727273,2.103758996094948,0.868560606060606,0.15005048323074072,0.5514509098627705,,0.136
cluster_skew_overlap,9,scffcm,5,50,38,1.0,0.5,1.0,1.0,12,12,0.0,2.0,4,2,7296,3.8639252821863215,0.8526515151515152,0.8,2.12680825424238,0.8526515151515152,0.14245276971512272,0.5538175083089011,,0.102
cluster_skew_overlap,10,scffcm,5,50,49,1.0,0.5,1.0,1.0,12,12,0.0,2.0,4,2,9408,3.885640227948651,0.8640151515151516,0.8090909090909091,2.07829524450048,0.8640151515151515,0.1376518556588594,0.5477143605548628,,0.139
cluster_skew_overlap,11,scffcm,5,50,42,1.0,0.5,1.0,1.0,12,12,0.0,2.0,4,2,8064,3.8753470197586375,0.8719696969696971,0.8272727272727273,2.086177866003899,0.871969696969697,0.13890892101988508,0.5450170543523964,,0.114
cluster_skew_overlap,12,scffcm,5,50,49,1.0,0.5,1.0,1.0,12,12,0.0,2.0,4,2,9408,3.9392745377247955,0.8666666666666666,0.8181818181818182,2.1372884673245056,0.8666666666666667,0.13773066504176168,0.5512999107696217,,0.132
cluster_skew_overlap,13,scffcm,5,50,50,1.0,0.5,1.0,1.0,12,12,0.0,2.0,4,2,9600,4.0716082014145005,0.869318181818182,0.8045454545454546,2.160985733906082,0.8693181818181818,0.13035267229433392,0.5474007290496902,,0.14
cluster_skew_overlap,14,scffcm,5,50,45,1.0,0.5,1.0,1.0,12,12,0.0,2.0,4,2,8640,3.823412746018882,0.8700757575757575,0.7818181818181819,2.04695194605664,0.8700757575757576,0.14002490287859728,0.5385053239095788,,0.121
cluster_skew_overlap,15,scffcm,5,50,38,1.0,0.5,1.0,1.0,12,12,0.0,2.0,4,2,7296,3.756378203076041,0.859090909090909,0.8,2.0909614872680913,0.8590909090909091,0.14818608014211107,0.5516800604676039,,0.111
cluster_skew_overlap,16,scffcm,5,50,50,1.0,0.5,1.0,1.0,12,12,0.0,2.0,4,2,9600,3.927790986660661,0.852651515151515,0.7909090909090909,2.0948923469677934,0.8526515151515152,0.13578911937039226,0.5493962371945678,,0.142
cluster_skew_overlap,17,scffcm,5,50,46,1.0,0.5,1.0,1.0,12,12,0.0,2.0,4,2,8832,3.8942731779750335,0.8715909090909092,0.8363636363636363,2.141666678816248,0.8715909090909091,0.14122092535767003,0.5558696473359964,,0.125
cluster_skew_overlap,18,scffcm,5,50,50,1.0,0.5,1.0,1.0,12,12,0.0,2.0,4,2,9600,3.905737020690611,0.8609848484848484,0.8318181818181818,2.091880509426419,0.8609848484848485,0.1371294951328618,0.5506851334710305,,0.134
cluster_skew_overlap,19,scffcm,5,50,40,1.0,0.5,1.0,1.0,12,12,0.0,2.0,4,2,7680,3.8700851171073443,0.8655303030303031,0.8136363636363636,2.087111289028412,0.865530303030303,0.1393492300711576,0.5509041912545326,,0.109
dirichlet_0.03,0,scffcm,5,50,20,0.05,8.0,1.0,1.0,12,12,0.0,2.0,4,2,3840,7.506965797822266,1.0,1.0,1.0312732688144335,1.0,0.018299738607612328,0.11982061003536171,,0.057
dirichlet_0.03,1,scffcm,5,50,17,0.05,8.0,1.0,1.0,12,12,0.0,2.0,4,2,3264,7.52314859232497,1.0,1.0,1.0246956245618277,1.0,0.018104877979355616,0.12364834839751458,,0.049
dirichlet_0.03,2,scffcm,5,50,48,0.05,8.0,1.0,1.0,12,12,0.0,2.0,4,2,9216,7.543120971108685,1.0,1.0,1.0578045745474243,1.0,0.018591023313309314,0.13181055657969964,,0.127
dirichlet_0.03,3,scffcm,5,50,32,0.05,8.0,1.0,1.0,12,12,0.0,2.0,4,2,6144,7.441674831248103,1.0,1.0,1.0498862336437618,1.0,0.01895836422201151,0.1193551034325564,,0.089
dirichlet_0.03,4,scffcm,5,50,50,0.05,8.0,1.0,1.0,12,12,0.0,2.0,4,2,9600,7.492799724624155,1.0,1.0,1.0741434607423537,1.0,0.01913260211360901,0.13180523672807112,,0.138
dirichlet_0.03,5,scffcm,5,50,50,0.05,8.0,1.0,1.0,12,12,0.0,2.0,4,2,9600,5.669940590335136,1.0,1.0,1.6148254118792913,1.0,0.0502306222717883,0.18593289441986927,,0.135
dirichlet_0.03,6,scffcm,5,50,50,0.05,8.0,1.0,1.0,12,12,0.0,2.0,4,2,9600,7.518742235685449,1.0,1.0,1.0089357321247248,1.0,0.01784732411637454,0.11804184970351482,,0.135
dirichlet_0.03,7,scffcm,5,50,13,0.05,8.0,1.0,1.0,12,12,0.0,2.0,4,2,2496,7.535540866733283,1.0,1.0,1.0414897137231267,1.0,0.018341131562223882,0.11868215380497092,,0.038
dirichlet_0.03,8,scffcm,5,50,50,0.05,8.0,1.0,1.0,12,12,0.0,2.0,4,2,9600,7.55759263430353,1.0,1.0,1.0455693262826442,1.0,0.01830568040185612,0.12150854052250319,,0.141
dirichlet_0.03,9,scffcm,5,50,28,0.05,8.0,1.0,1.0,12,12,0.0,2.0,4,2,5376,7.415552114968138,1.0,1.0,1.0729450551342037,1.0,0.019511492881877212,0.12681380101397488,,0.077
dirichlet_0.03,10,scffcm,5,50,45,0.05,8.0,1.0,1.0,12,12,0.0,2.0,4,2,8640,7.535306474911333,1.0,1.0,1.0303448494607896,1.0,0.018145994015758428,0.12344135784134438,,0.126
dirichlet_0.03,11,scffcm,5,50,45,0.05,8.0,1.0,1.0,12,12,0.0,2.0,4,2,8640,7.51062040331136,1.0,1.0,1.0229791024841208,1.0,0.018134898807198936,0.127625832024511,,0.128
dirichlet_0.03,12,scffcm,5,50,27,0.05,8.0,1.0,1.0,12,12,0.0,2.0,4,2,5184,7.51039415468263,1.0,1.0,1.0711273478452936,1.0,0.018989592618552015,0.12018106014545715,,0.077
dirichlet_0.03,13,scffcm,5,50,24,0.05,8.0,1.0,1.0,12,12,0.0,2.0,4,2,4608,7.535218511900981,1.0,1.0,1.05498701362845,1.0,0.01858041509295502,0.1284208202976356,,0.068
dirichlet_0.03,14,scffcm,5,50,34,0.05,8.0,1.0,1.0,12,12,0.0,2.0,4,2,6528,7.47135043384789,1.0,1.0,0.9999031691140069,1.0,0.017912645498477545,0.1256925342600008,,0.098
dirichlet_0.03,15,scffcm,5,50,50,0.05,8.0,1.0,1.0,12,12,0.0,2.0,4,2,9600,7.53427235997547,1.0,1.0,1.0392079132185976,1.0,0.018307110957003016,0.13082738850986553,,0.143
dirichlet_0.03,16,scffcm,5,50,40,0.05,8.0,1.0,1.0,12,12,0.0,2.0,4,2,7680,7.608424819058271,1.0,1.0,1.0423912145195693,1.0,0.018006994636745995,0.11801763829059556,,0.116
dirichlet_0.03,17,scffcm,5,50,32,0.05,8.0,1.0,1.0,12,12,0.0,2.0,4,2,6144,7.564157994147285,1.0,1.0,1.0535911830801832,1.0,0.018414118967846928,0.12368272738926878,,0.094
dirichlet_0.03,18,scffcm,5,50,24,0.05,8.0,1.0,1.0,12,12,0.0,2.0,4,2,4608,7.4727849185446535,1.0,1.0,1.0400200167534672,1.0,0.01862416166615736,0.12733285011831952,,0.075
dirichlet_0.03,19,scffcm,5,50,50,0.05,8.0,1.0,1.0,12,12,0.0,2.0,4,2,9600,7.5333987703311065,1.0,1.0,1.0168953685811408,1.0,0.017918199004927582,0.12842634539635062,,0.147
dirichlet_0.1,0,scffcm,5,50,21,0.2,4.0,1.0,1.0,12,12,0.0,2.0,4,2,4032,7.475037435560543,1.0,1.0,1.03239011595036,1.0,0.018476388861843735,0.12411507877174757,,0.063
dirichlet_0.1,1,scffcm,5,50,21,0.2,4.0,1.0,1.0,12,12,0.0,2.0,4,2,4032,7.554912266222948,1.0,1.0,1.0102150144142505,1.0,0.017699254265102857,0.12232877122480568,,0.062
dirichlet_0.1,2,scffcm,5,50,43,0.2,4.0,1.0,1.0,12,12,0.0,2.0,4,2,8256,7.5221017221525965,1.0,1.0,1.0722478102810429,1.0,0.018950329414697903,0.12312588090435976,,0.125
dirichlet_0.1,3,scffcm,5,50,23,0.2,4.0,1.0,1.0,12,12,0.0,2.0,4,2,4416,7.496861540168781,1.0,1.0,1.0482069210264093,1.0,0.018650395379063493,0.12424886894344285,,0.069
dirichlet_0.1,4,scffcm,5,50,50,0.2,4.0,1.0,1.0,12,12,0.0,2.0,4,2,9600,7.503947873411201,1.0,1.0,1.0700715723168401,1.0,0.019003483127960033,0.12607304733194538,,0.151
dirichlet_0.1,5,scffcm,5,50,34,0.2,4.0,1.0,1.0,12,12,0.0,2.0,4,2,6528,7.527272347945289,1.0,1.0,1.0465417511517845,1.0,0.01847061259484503,0.12430547236216931,,0.102
dirichlet_0.1,6,scffcm,5,50,24,0.2,4.0,1.0,1.0,12,12,0.0,2.0,4,2,4608,7.523879539072018,1.0,1.0,1.0151859579545761,1.0,0.017933371062063254,0.11922987293195794,,0.072
dirichlet_0.1,7,scffcm,5,50,18,0.2,4.0,1.0,1.0,12,12,0.0,2.0,4,2,3456,7.50288964820213,1.0,1.0,1.036015175060879,1.0,0.01840386330719332,0.12253026484201832,,0.055
dirichlet_0.1,8,scffcm,5,50,23,0.2,4.0,1.0,1.0,12,12,0.0,2.0,4,2,4416,7.447966828423352,1.0,1.0,1.038732472173619,1.0,0.01872527657490682,0.12896400445649275,,0.07
dirichlet_0.1,9,scffcm,5,50,50,0.2,4.0,1.0,1.0,12,12,0.0,2.0,4,2,9600,7.4450362372423475,1.0,1.0,1.056714812390008,1.0,0.019064444849226907,0.13190701816676942,,0.153
dirichlet_0.1,10,scffcm,5,50,30,0.2,4.0,1.0,1.0,12,12,0.0,2.0,4,2,5760,7.485319193037213,1.0,1.0,1.030267048980011,1.0,0.018387774157834377,0.12233286736132883,,0.094
dirichlet_0.1,11,scffcm,5,50,34,0.2,4.0,1.0,1.0,12,12,0.0,2.0,4,2,6528,7.538888827792564,1.0,1.0,1.0221093241564976,1.0,0.017983850022145857,0.12516802619809006,,0.109
dirichlet_0.1,12,scffcm,5,50,23,0.2,4.0,1.0,1.0,12,12,0.0,2.0,4,2,4416,7.474986764105342,1.0,1.0,1.0709483913205893,1.0,0.01916671507409761,0.1243407841694281,,0.074
dirichlet_0.1,13,scffcm,5,50,50,0.2,4.0,1.0,1.0,12,12,0.0,2.0,4,2,9600,1.5619313728515911,0.9007575757575758,0.7181818181818181,1.9107758745006884,0.8704545454545455,0.7832237582002982,0.2434781178729228,,0.153
dirichlet_0.1,14,scffcm,5,50,25,0.2,4.0,1.0,1.0,12,12,0.0,2.0,4,2,4800,7.50081062166473,1.0,1.0,1.0030102506232998,1.0,0.017827439453849542,0.12114189451618443,,0.083
dirichlet_0.1,15,scffcm,5,50,39,0.2,4.0,1.0,1.0,12,12,0.0,2.0,4,2,7488,7.469067355958021,1.0,1.0,1.0410454027302232,1.0,0.018661086192375158,0.12862267046257392,,0.125
dirichlet_0.1,16,scffcm,5,50,23,0.2,4.0,1.0,1.0,12,12,0.0,2.0,4,2,4416,7.4719269950079426,1.0,1.0,1.0445742274407817,1.0,0.01871001201977544,0.12627145995773403,,0.078
dirichlet_0.1,17,scffcm,5,50,15,0.2,4.0,1.0,1.0,12,12,0.0,2.0,4,2,2880,7.482045007942078,1.0,1.0,1.0569340867855612,1.0,0.018880229613077493,0.12362499274135638,,0.052
dirichlet_0.1,18,scffcm,5,50,34,0.2,4.0,1.0,1.0,12,12,0.0,2.0,4,2,6528,7.457900216326114,1.0,1.0,1.0467398778017183,1.0,0.018819393931796293,0.1220992582034879,,0.107
dirichlet_0.1,19,scffcm,5,50,24,0.2,4.0,1.0,1.0,12,12,0.0,2.0,4,2,4608,7.504206614428154,1.0,1.0,1.0191669153065497,1.0,0.018098215321639882,0.12659834431207204,,0.079
overlap_noise,0,scffcm,5,50,29,0.2,4.0,1.0,1.0,12,12,0.0,2.0,4,2,5568,4.660032368087311,0.8981060606060606,0.8636363636363636,2.308188471971074,0.8981060606060606,0.10629024329150649,0.4625209530806479,,0.09
overlap_noise,1,scffcm,5,50,19,0.2,4.0,1.0,1.0,12,12,0.0,2.0,4,2,3648,4.8299900361698835,0.9083333333333332,0.8909090909090909,2.3498118447085172,0.9083333333333333,0.10072577530936813,0.4447944673849293,,0.062
overlap_noise,2,scffcm,5,50,26,0.2,4.0,1.0,1.0,12,12,0.0,2.0,4,2,4992,4.765926458699882,0.9022727272727273,0.8863636363636364,2.271862484142661,0.9022727272727272,0.10002011896021672,0.45088718680320367,,0.079
overlap_noise,3,scffcm,5,50,17,0.2,4.0,1.0,1.0,12,12,0.0,2.0,4,2,3264,4.832927024922191,0.8988636363636364,0.8818181818181818,2.364237898594578,0.8988636363636363,0.101221017748809,0.45811780047428713,,0.053
overlap_noise,4,scffcm,5,50,24,0.2,4.0,1.0,1.0,12,12,0.0,2.0,4,2,4608,4.877051892031636,0.9049242424242424,0.8727272727272727,2.4161513656130635,0.9049242424242424,0.10158027522103674,0.4485968071080445,,0.074
overlap_noise,5,scffcm,5,50,22,0.2,4.0,1.0,1.0,12,12,0.0,2.0,4,2,4224,4.53001783269098,0.8981060606060606,0.8727272727272727,2.3308927045714487,0.8981060606060606,0.11358538627474932,0.4615283650363217,,0.066
overlap_noise,6,scffcm,5,50,32,0.2,4.0,1.0,1.0,12,12,0.0,2.0,4,2,6144,4.920692499754257,0.9102272727272726,0.8772727272727273,2.327053516777918,0.9102272727272728,0.09610675607543885,0.4380402279451907,,0.095
overlap_noise,7,scffcm,5,50,15,0.2,4.0,1.0,1.0,12,12,0.0,2.0,4,2,2880,4.891086330178212,0.9022727272727273,0.8772727272727273,2.369617773280963,0.9022727272727272,0.09905300189751254,0.45274159967408417,,0.047
overlap_noise,8,scffcm,5,50,15,0.2,4.0,1.0,1.0,12,12,0.0,2.0,4,2,2880,4.790105155072713,0.903030303030303,0.8727272727272727,2.271000473968238,0.9030303030303031,0.09897536911504677,0.4526647635238125,,0.046
overlap_noise,9,scffcm,5,50,21,0.2,4.0,1.0,1.0,12,12,0.0,2.0,4,2,4032,4.875904966112695,0.912121212121212,0.8909090909090909,2.413709381045289,0.9121212121212121,0.10152535425006708,0.45125244284345856,,0.063
overlap_noise,10,scffcm,5,50,22,0.2,4.0,1.0,1.0,12,12,0.0,2.0,4,2,4224,4.5755036284228705,0.9053030303030303,0.8818181818181818,2.3465735045031217,0.9053030303030303,0.11208728623406787,0.4550242411842845,,0.067
overlap_noise,11,scffcm,5,50,24,0.2,4.0,1.0,1.0,12,12,0.0,2.0,4,2,4608,4.725108571363346,0.9075757575757576,0.8636363636363636,2.2769966346845263,0.9075757575757576,0.10198558814509212,0.4465816728833156,,0.07
overlap_noise,12,scffcm,5,50,25,0.2,4.0,1.0,1.0,12,12,0.0,2.0,4,2,4800,4.810027808263838,0.9079545454545453,0.8818181818181818,2.375883568795785,0.9079545454545455,0.10269043172506946,0.4549459216340104,,0.073
overlap_noise,13,scffcm,5,50,50,0.2,4.0,1.0,1.0,12,12,0.0,2.0,4,2,9600,2.0845593735344785,0.7450757575757576,0.55,2.3027259412592334,0.7450757575757576,0.529924153353795,0.5028870230372909,,0.135
overlap_noise,14,scffcm,5,50,18,0.2,4.0,1.0,1.0,12,12,0.0,2.0,4,2,3456,4.7985808329056745,0.9045454545454544,0.8681818181818182,2.2923274274169145,0.9045454545454545,0.09955223641461931,0.4432255534501841,,0.055
overlap_noise,15,scffcm,5,50,33,0.2,4.0,1.0,1.0,12,12,0.0,2.0,4,2,6336,4.4454621342328835,0.897348484848485,0.8727272727272727,2.297991478682373,0.8973484848484848,0.11628255970326315,0.4633204396991939,,0.091
overlap_noise,16,scffcm,5,50,24,0.2,4.0,1.0,1.0,12,12,0.0,2.0,4,2,4608,4.476719198686761,0.8962121212121211,0.8818181818181818,2.2861252073646723,0.8962121212121212,0.11407232777465458,0.4605534447607653,,0.069
overlap_noise,17,scffcm,5,50,20,0.2,4.0,1.0,1.0,12,12,0.0,2.0,4,2,3840,4.728031107787032,0.8931818181818182,0.8545454545454545,2.3888297793590425,0.8931818181818182,0.10686230898027438,0.4676056076137052,,0.066
overlap_noise,18,scffcm,5,50,18,0.2,4.0,1.0,1.0,12,12,0.0,2.0,4,2,3456,4.812459097858969,0.8992424242424243,0.8727272727272727,2.2808895675413976,0.8992424242424243,0.0984850151545689,0.44567728064433876,,0.053
overlap_noise,19,scffcm,5,50,16,0.2,4.0,1.0,1.0,12,12,0.0,2.0,4,2,3072,4.776013737766613,0.9098484848484848,0.8954545454545455,2.2870311415143845,0.9098484848484848,0.10026305735920577,0.4557079011067149,,0.048
quantity_skew_extreme,0,scffcm,5,50,50,0.5,0.5,1.0,1.0,12,12,0.0,2.0,4,2,9600,7.364463552986768,1.0,1.0,1.0424549261112603,1.0,0.019220958967564296,0.12733811693052666,,0.22
quantity_skew_extreme,1,scffcm,5,50,50,0.5,0.5,1.0,1.0,12,12,0.0,2.0,4,2,9600,7.618028126180961,1.0,1.0,1.02433517862775,1.0,0.017650497230507885,0.12748484924273462,,0.193
quantity_skew_extreme,2,scffcm,5,50,50,0.5,0.5,1.0,1.0,12,12,0.0,2.0,4,2,9600,7.415963440974179,1.0,1.0,1.050884440166069,1.0,0.01910820101784673,0.13457509330738573,,0.21
quantity_skew_extreme,3,scffcm,5,50,37,0.5,0.5,1.0,1.0,12,12,0.0,2.0,4,2,7104,7.371275354282703,1.0,1.0,1.0688973657919576,1.0,0.01967210064346589,0.12405001315302706,,0.2
quantity_skew_extreme,4,scffcm,5,50,37,0.5,0.5,1.0,1.0,12,12,0.0,2.0,4,2,7104,7.5183267618438085,1.0,1.0,1.0744828060261449,1.0,0.019008903940804584,0.12985438442845879,,0.097
quantity_skew_extreme,5,scffcm,5,50,50,0.5,0.5,1.0,1.0,12,12,0.0,2.0,4,2,9600,3.316564905555119,0.9225639539367956,0.8,3.601982894130001,0.8651180217309854,0.3274648156431791,0.2963894186786297,,0.181
quantity_skew_extreme,6,scffcm,5,50,50,0.5,0.5,1.0,1.0,12,12,0.0,2.0,4,2,9600,7.596946360397547,1.0,1.0,1.0658344535176936,1.0,0.018467649986704488,0.12924033505330232,,0.161
quantity_skew_extreme,7,scffcm,5,50,50,0.5,0.5,1.0,1.0,12,12,0.0,2.0,4,2,9600,7.647981750810312,1.0,1.0,1.0494006744866655,1.0,0.017941041593311138,0.12561248918810558,,0.185
quantity_skew_extreme,8,scffcm,5,50,42,0.5,0.5,1.0,1.0,12,12,0.0,2.0,4,2,8064,7.376730530612889,1.0,1.0,1.0751485711227435,1.0,0.01975789366762109,0.12874336739178666,,0.205
quantity_skew_extreme,9,scffcm,5,50,45,0.5,0.5,1.0,1.0,12,12,0.0,2.0,4,2,8640,7.445415003936398,1.0,1.0,1.0528160125413637,1.0,0.01899217316279902,0.12405961455824117,,0.17
quantity_skew_extreme,10,scffcm,5,50,50,0.5,0.5,1.0,1.0,12,12,0.0,2.0,4,2,9600,7.3291727645404,1.0,1.0,1.0356591053704172,1.0,0.019279994675364998,0.1244886505963857,,0.142
quantity_skew_extreme,11,scffcm,5,50,41,0.5,0.5,1.0,1.0,12,12,0.0,2.0,4,2,7872,7.662394365070938,1.0,1.0,1.0362889025094437,1.0,0.0176502900550562,0.1279109099361233,,0.171
quantity_skew_extreme,12,scffcm,5,50,47,0.5,0.5,1.0,1.0,12,12,0.0,2.0,4,2,9024,7.449987928645327,1.0,1.0,1.0878306782721023,1.0,0.019599733409120582,0.11655568189002824,,0.123
quantity_skew_extreme,13,scffcm,5,50,50,0.5,0.5,1.0,1.0,12,12,0.0,2.0,4,2,9600,7.483439979923883,1.0,1.0,1.0477720414485314,1.0,0.01870958894518011,0.12950959414093127,,0.159
quantity_skew_extreme,14,scffcm,5,50,50,0.5,0.5,1.0,1.0,12,12,0.0,2.0,4,2,9600,7.464238389190698,1.0,1.0,1.0178016031272046,1.0,0.018268047328623072,0.12154751110174408,,0.188
quantity_skew_extreme,15,scffcm,5,50,50,0.5,0.5,1.0,1.0,12,12,0.0,2.0,4,2,9600,7.7522658923788725,1.0,1.0,1.0793633163862397,1.0,0.01796016548164937,0.12250541679011884,,0.161
quantity_skew_extreme,16,scffcm,5,50,50,0.5,0.5,1.0,1.0,12,12,0.0,2.0,4,2,9600,7.526082055864202,1.0,1.0,1.0420601165728562,1.0,0.01839733328417703,0.132274417506907,,0.13
quantity_skew_extreme,17,scffcm,5,50,50,0.5,0.5,1.0,1.0,12,12,0.0,2.0,4,2,9600,7.621104876508751,1.0,1.0,1.0891701661294109,1.0,0.018752529642602333,0.11977417901524255,,0.199
quantity_skew_extreme,18,scffcm,5,50,41,0.5,0.5,1.0,1.0,12,12,0.0,2.0,4,2,7872,7.387369529045953,1.0,1.0,1.0385295659473948,1.0,0.019030018809145174,0.1271225273679179,,0.172
quantity_skew_extreme,19,scffcm,5,50,50,0.5,0.5,1.0,1.0,12,12,0.0,2.0,4,2,9600,7.287390772367908,1.0,1.0,1.0527307764971006,1.0,0.019823174452560488,0.12232124881028687,,0.214
wine,0,scffcm,5,50,50,0.1,2.0,1.0,1.0,10,10,0.0,2.0,3,13,39000,2.8834333729395474,0.9622514619883041,0.8888888888888888,4.054093593313183,0.9606741573033708,0.48761148838862917,0.8224062560361098,,0.05
wine,1,scffcm,5,50,50,0.1,2.0,1.0,1.0,10,10,0.0,2.0,3,13,39000,2.947715677913407,0.9672222222222222,0.8333333333333334,4.052268008112538,0.9662921348314607,0.46636610443807536,0.8120901033445534,,0.05
wine,2,scffcm,5,50,50,0.1,2.0,1.0,1.0,10,10,0.0,2.0,3,13,39000,2.94415416930548,0.9730701754385965,0.9444444444444444,4.052534580322444,0.9719101123595506,0.4675258555009254,0.8120591129064402,,0.049
wine,3,scffcm,5,50,50,0.1,2.0,1.0,1.0,10,10,0.0,2.0,3,13,39000,2.915468606910375,0.9669590643274854,0.8888888888888888,4.052283704621619,0.9662921348314607,0.47674166002063495,0.8137510595979995,,0.049
wine,4,scffcm,5,50,50,0.1,2.0,1.0,1.0,10,10,0.0,2.0,3,13,39000,2.906757806272533,0.9669590643274854,0.8888888888888888,4.05215057307478,0.9662921348314607,0.47958752742112415,0.8144290329463896,,0.05
wine,5,scffcm,5,50,50,0.1,2.0,1.0,1.0,10,10,0.0,2.0,3,13,39000,2.8471653494462017,0.9678070175438597,0.8947368421052632,4.052507458105526,0.9662921348314607,0.49991761947182056,0.8166664875967089,,0.05
wine,6,scffcm,5,50,50,0.1,2.0,1.0,1.0,10,10,0.0,2.0,3,13,39000,2.9326764248828976,0.9677777777777778,0.9,4.0522723566578955,0.9662921348314607,0.47116208066430143,0.8131688563246235,,0.05
wine,7,scffcm,5,50,50,0.1,2.0,1.0,1.0,10,10,0.0,2.0,3,13,39000,2.95731942419751,0.9672222222222222,0.8888888888888888,4.052393776723297,0.9662921348314607,0.4633564022649193,0.8122009973922937,,0.049
wine,8,scffcm,5,50,50,0.1,2.0,1.0,1.0,10,10,0.0,2.0,3,13,39000,2.8683865434189952,0.9669590643274854,0.8888888888888888,4.052546729698942,0.9662921348314607,0.49255267107118167,0.815642604928463,,0.053
wine,9,scffcm,5,50,50,0.1,2.0,1.0,1.0,10,10,0.0,2.0,3,13,39000,2.4597764679228846,0.9616959064327485,0.8888888888888888,4.061602455927067,0.9606741573033708,0.6712837407221037,0.8323623612958272,,0.05
wine,10,scffcm,5,50,50,0.1,2.0,1.0,1.0,10,10,0.0,2.0,3,13,39000,2.9582474842899047,0.9680701754385964,0.8888888888888888,4.05234649100204,0.9662921348314607,0.46306031661326724,0.8121559798141301,,0.05
wine,11,scffcm,5,50,50,0.1,2.0,1.0,1.0,10,10,0.0,2.0,3,13,39000,2.943551781885145,0.9622514619883041,0.8888888888888888,4.05230246518308,0.9606741573033708,0.4676904408711327,0.8126040979434398,,0.053
wine,12,scffcm,5,50,50,0.1,2.0,1.0,1.0,10,10,0.0,2.0,3,13,39000,2.945499996428058,0.9669590643274854,0.8888888888888888,4.052214155372087,0.9662921348314607,0.467061786570804,0.8127576480171808,,0.05
wine,13,scffcm,5,50,50,0.1,2.0,1.0,1.0,10,10,0.0,2.0,3,13,39000,0.5627059568230367,0.9189181286549708,0.8333333333333334,4.16398898142653,0.9157303370786517,13.150629622408255,0.8920712157167379,,0.05
wine,14,scffcm,5,50,50,0.1,2.0,1.0,1.0,10,10,0.0,2.0,3,13,39000,2.9214117160312982,0.967514619883041,0.8888888888888888,4.052236905353155,0.9662921348314607,0.47479845192388354,0.8129584477034879,,0.053
wine,15,scffcm,5,50,50,0.1,2.0,1.0,1.0,10,10,0.0,2.0,3,13,39000,2.892518376390222,0.9627777777777778,0.85,4.052681952193164,0.9606741573033708,0.4843845349585303,0.8180511889170208,,0.058
wine,16,scffcm,5,50,50,0.1,2.0,1.0,1.0,10,10,0.0,2.0,3,13,39000,2.930689669212355,0.9672222222222222,0.8888888888888888,4.052173394763512,0.9662921348314607,0.4717895899609844,0.8133398914557229,,0.049
wine,17,scffcm,5,50,50,0.1,2.0,1.0,1.0,10,10,0.0,2.0,3,13,39000,2.9218530282025332,0.9666666666666666,0.8888888888888888,4.052307781106429,0.9662921348314607,0.4746633390707808,0.8134461551884666,,0.053
wine,18,scffcm,5,50,50,0.1,2.0,1.0,1.0,10,10,0.0,2.0,3,13,39000,2.921588504539969,0.9680701754385964,0.9,4.052321755224656,0.9662921348314607,0.4747509331288365,0.8129974832269035,,0.05
wine,19,scffcm,5,50,50,0.1,2.0,1.0,1.0,10,10,0.0,2.0,3,13,39000,2.9054669247947977,0.9680701754385964,0.8888888888888888,4.052323194696129,0.9662921348314607,0.4800342263853299,0.8135538848728082,,0.049
satimage,0,scffcm,5,50,50,0.2,8.0,1.0,1.0,10,10,0.0,2.0,6,36,216000,3.5864814267302823,0.7232294074640745,0.6059933407325194,3.730139956367518,0.7035769828926906,0.28999329381275557,0.6238999701116735,,1.411
satimage,1,scffcm,5,50,50,0.2,8.0,1.0,1.0,10,10,0.0,2.0,6,36,216000,3.61562534785545,0.7219398491587736,0.6215316315205327,3.7297414384861383,0.7038880248833592,0.28530664110733384,0.6231264374074238,,1.494
satimage,2,scffcm,5,50,50,0.2,8.0,1.0,1.0,10,10,0.0,2.0,6,36,216000,3.6023296269539418,0.7209343199296265,0.6059933407325194,3.7295261909255744,0.7032659409020218,0.28739999851242254,0.6232744570518245,,1.483
satimage,3,scffcm,5,50,50,0.2,8.0,1.0,1.0,10,10,0.0,2.0,6,36,216000,3.6049644739187205,0.7222260378386017,0.6104328523862376,3.7294872479327155,0.7032659409020218,0.28697703757441717,0.6230731040945161,,1.287
satimage,4,scffcm,5,50,50,0.2,8.0,1.0,1.0,10,10,0.0,2.0,6,36,216000,3.5879942149542337,0.7246373965238606,0.6157556270096463,3.7303195550717883,0.7037325038880249,0.2897627593126789,0.6231934224363385,,1.004
satimage,5,scffcm,5,50,50,0.2,8.0,1.0,1.0,10,10,0.0,2.0,6,36,216000,3.624335068294135,0.7161731516478591,0.5980707395498392,3.729480126968328,0.7032659409020218,0.2839171421742851,0.6230679129706886,,1.179
satimage,6,scffcm,5,50,50,0.2,8.0,1.0,1.0,10,10,0.0,2.0,6,36,216000,3.628925484842326,0.7203980105447628,0.6026637069922308,3.7297339648725103,0.7037325038880249,0.2832185886233739,0.6232138690006199,,1.665
satimage,7,scffcm,5,50,50,0.2,8.0,1.0,1.0,10,10,0.0,2.0,6,36,216000,3.6311472779537297,0.724464564734608,0.6159822419533851,3.7293100697741353,0.702954898911353,0.28283995903195003,0.6231997821218407,,1.297
satimage,8,scffcm,5,50,50,0.2,8.0,1.0,1.0,10,10,0.0,2.0,6,36,216000,3.5801943112883023,0.7209334594018386,0.6148723640399556,3.730133885618876,0.7051321928460342,0.2910122185952341,0.6234304947547494,,1.193
satimage,9,scffcm,5,50,50,0.2,8.0,1.0,1.0,10,10,0.0,2.0,6,36,216000,3.5918327411273787,0.7200355630096487,0.5993340732519423,3.730164458916109,0.7038880248833592,0.2891317401065343,0.6232709630799051,,1.503
satimage,10,scffcm,5,50,50,0.2,8.0,1.0,1.0,10,10,0.0,2.0,6,36,216000,3.6214636409387855,0.7232449974281938,0.6093247588424437,3.73012113212988,0.7032659409020218,0.2844164273150312,0.6229455511589336,,1.568
satimage,11,scffcm,5,50,50,0.2,8.0,1.0,1.0,10,10,0.0,2.0,6,36,216000,3.6043191833332866,0.7234865238979307,0.5837957824639289,3.730009313735861,0.7035769828926906,0.28711998962360163,0.623571985614535,,1.11
satimage,12,scffcm,5,50,50,0.2,8.0,1.0,1.0,10,10,0.0,2.0,6,36,216000,3.5802538133561623,0.7202741698412876,0.6015538290788013,3.7304796388979686,0.7037325038880249,0.2910295192993037,0.6232972803723873,,1.325
satimage,13,scffcm,5,50,50,0.2,8.0,1.0,1.0,10,10,0.0,2.0,6,36,216000,3.6104304725713328,0.7195820351966481,0.6205787781350482,3.7296149316697775,0.7034214618973561,0.28611855485748255,0.6228642300650347,,1.531
satimage,14,scffcm,5,50,50,0.2,8.0,1.0,1.0,10,10,0.0,2.0,6,36,216000,3.6201582996327577,0.7225869682145436,0.6082130965593785,3.7296007747337425,0.7035769828926906,0.28458186649969364,0.6235953854552244,,1.589
satimage,15,scffcm,5,50,50,0.2,8.0,1.0,1.0,10,10,0.0,2.0,6,36,216000,3.579031764614056,0.7209895002339409,0.6015538290788013,3.7301130382347263,0.7049766718506999,0.2911996758861921,0.6232338441823029,,1.624
satimage,16,scffcm,5,50,50,0.2,8.0,1.0,1.0,10,10,0.0,2.0,6,36,216000,3.5836654542108883,0.7235863652955035,0.6104328523862376,3.7300033742407988,0.7037325038880249,0.2904385796747075,0.6237060348144432,,1.19
satimage,17,scffcm,5,50,50,0.2,8.0,1.0,1.0,10,10,0.0,2.0,6,36,216000,3.595658223777051,0.7199174543202715,0.6003210272873194,3.7298323063718057,0.7046656298600311,0.28849115192837343,0.6229410163239312,,1.406
satimage,18,scffcm,5,50,50,0.2,8.0,1.0,1.0,10,10,0.0,2.0,6,36,216000,3.595407328167785,0.7180892102453709,0.609322974472808,3.730353743984504,0.7051321928460342,0.28857175369384647,0.6233350886405714,,1.361
satimage,19,scffcm,5,50,50,0.2,8.0,1.0,1.0,10,10,0.0,2.0,6,36,216000,3.5908402859940423,0.7262597025627874,0.6281908990011099,3.7302492833397336,0.7045101088646968,0.28929816419242793,0.6232256643559161,,1.672
pendigits,0,scffcm,5,50,50,1.0,4.0,1.0,1.0,10,10,0.0,1.5,10,16,160000,1.9061922201110568,0.7400648099840821,0.5562730627306273,3.832699415053263,0.7400836972343523,1.0548030454622879,0.4616282274026275,,2.594
pendigits,1,scffcm,5,50,43,1.0,4.0,1.0,1.0,10,10,0.0,1.5,10,16,137600,1.9066927510279303,0.7399006434682787,0.5636531365313653,3.8326935553543517,0.7399017467248908,1.0542477081115744,0.4616793194444166,,2.296
pendigits,2,scffcm,5,50,50,1.0,4.0,1.0,1.0,10,10,0.0,1.5,10,16,160000,1.1712536983760693,0.7291931717980018,0.6328413284132841,3.9067439481955057,0.6965975254730713,2.8478230287917246,0.5015588090071822,,2.277
pendigits,3,scffcm,5,50,38,1.0,4.0,1.0,1.0,10,10,0.0,1.5,10,16,121600,1.9065423686858958,0.7398750627153565,0.5571955719557196,3.832691343601163,0.7399017467248908,1.0544134179867848,0.4616665949546231,,1.619
pendigits,4,scffcm,5,50,35,1.0,4.0,1.0,1.0,10,10,0.0,1.5,10,16,112000,1.9064360638830133,0.7399673521214006,0.5387453874538746,3.832690034722532,0.7399927219796215,1.0545306514559318,0.4616355363701638,,1.595
pendigits,5,scffcm,5,50,39,1.0,4.0,1.0,1.0,10,10,0.0,1.5,10,16,124800,1.9065064316313935,0.7400922166392667,0.5535055350553506,3.832696615830489,0.740174672489083,1.054454619592791,0.461679679304767,,2.155
pendigits,6,scffcm,5,50,50,1.0,4.0,1.0,1.0,10,10,0.0,1.5,10,16,160000,1.90668225711775,0.7398350724359954,0.5304428044280443,3.83268959125116,0.7399017467248908,1.0542582223775079,0.46166565594124587,,2.505
pendigits,7,scffcm,5,50,50,1.0,4.0,1.0,1.0,10,10,0.0,1.5,10,16,160000,1.9676855673822857,0.7796231549148841,0.683579335793358,3.894294536078937,0.7799308588064047,1.0058133484479077,0.4791544261181541,,2.278
pendigits,8,scffcm,5,50,38,1.0,4.0,1.0,1.0,10,10,0.0,1.5,10,16,121600,1.9069845995857013,0.7398740438816626,0.5507380073800738,3.832689266730941,0.7399017467248908,1.053923865348816,0.4616463537394262,,1.98
pendigits,9,scffcm,5,50,48,1.0,4.0,1.0,1.0,10,10,0.0,1.5,10,16,153600,1.9070332827649472,0.7398402480643818,0.5461254612546126,3.8326907655803404,0.7399017467248908,1.0538704685563713,0.4616671006828963,,2.735
pendigits,10,scffcm,5,50,45,1.0,4.0,1.0,1.0,10,10,0.0,1.5,10,16,144000,1.9067324820985632,0.7396626616715429,0.5387453874538746,3.832688173936478,0.7397197962154294,1.0542022931239632,0.46167668041610244,,2.123
pendigits,11,scffcm,5,50,43,1.0,4.0,1.0,1.0,10,10,0.0,1.5,10,16,137600,1.9068696978825281,0.7397937411614323,0.5322878228782287,3.8326916496662102,0.7399017467248908,1.0540515364999488,0.4616636414238894,,1.985
pendigits,12,scffcm,5,50,50,1.0,4.0,1.0,1.0,10,10,0.0,1.5,10,16,160000,1.9681452458060242,0.779554230150015,0.6642066420664207,3.894321839669581,0.779839883551674,1.0053506180406928,0.47886129180096687,,2.969
pendigits,13,scffcm,5,50,50,1.0,4.0,1.0,1.0,10,10,0.0,1.5,10,16,160000,1.7139744392947551,0.7620283923451264,0.6042435424354243,3.904042266487522,0.7379002911208151,1.328941393565694,0.49448522263703804,,2.28
pendigits,14,scffcm,5,50,50,1.0,4.0,1.0,1.0,10,10,0.0,1.5,10,16,160000,1.9066141028105321,0.7398975962512244,0.5396678966789668,3.832691226284634,0.7399017467248908,1.0543340450646816,0.461666057837495,,2.632
pendigits,15,scffcm,5,50,50,1.0,4.0,1.0,1.0,10,10,0.0,1.5,10,16,160000,1.9677366395931775,0.7788610196178352,0.6669741697416974,3.8943748022362685,0.7792030567685589,1.005781867719945,0.47854370072412883,,2.904
pendigits,16,scffcm,5,50,50,1.0,4.0,1.0,1.0,10,10,0.0,1.5,10,16,160000,1.9681728608857905,0.7226140104753852,0.5083025830258303,4.043154146463371,0.6688500727802038,1.0437435896461944,0.4930200278451533,,2.417
pendigits,17,scffcm,5,50,48,1.0,4.0,1.0,1.0,10,10,0.0,1.5,10,16,153600,1.9061850109016527,0.7399346913764442,0.5627306273062731,3.832690519609896,0.7399017467248908,1.0548085758801526,0.46167132013360285,,2.506
pendigits,18,scffcm,5,50,50,1.0,4.0,1.0,1.0,10,10,0.0,1.5,10,16,160000,1.712912675609437,0.7619464607097902,0.5857933579335793,3.904043722975758,0.7378093158660844,1.3305899121367584,0.4945062324271521,,2.074
pendigits,19,scffcm,5,50,38,1.0,4.0,1.0,1.0,10,10,0.0,1.5,10,16,121600,1.9070928813865524,0.7397236805233223,0.5415129151291513,3.8326904866347635,0.7397197962154294,1.0538045238085523,0.4616424992389647,,1.733
digits_pca16,0,scffcm,5,50,50,0.5,4.0,1.0,1.0,10,10,0.0,1.3,10,16,160000,1.9175287308913485,0.7783419702770726,0.43333333333333335,7.719783680574374,0.778519755147468,2.0995265515483092,0.5457517195605671,,0.538
digits_pca16,1,scffcm,5,50,50,0.5,4.0,1.0,1.0,10,10,0.0,1.3,10,16,160000,1.9196768269079414,0.7794819253057509,0.5388888888888889,7.721140585379723,0.7796327212020033,2.095198696838682,0.5460247464511594,,0.637
digits_pca16,2,scffcm,5,50,50,0.5,4.0,1.0,1.0,10,10,0.0,1.3,10,16,160000,1.856142661175712,0.7726522478654464,0.5833333333333334,7.74175658444763,0.7189760712298275,2.2470710625192547,0.5258437387165659,,0.334
digits_pca16,3,scffcm,5,50,50,0.5,4.0,1.0,1.0,10,10,0.0,1.3,10,16,160000,1.948442475742535,0.780764818719858,0.6214689265536724,7.736813831957148,0.7429048414023373,2.0379192404859943,0.5420441848672146,,0.274
digits_pca16,4,scffcm,5,50,50,0.5,4.0,1.0,1.0,10,10,0.0,1.3,10,16,160000,1.9670476913753874,0.8105767844023459,0.6555555555555556,7.738168384776718,0.8107957707289928,1.999900535538927,0.5553294410306352,,0.447
digits_pca16,5,scffcm,5,50,50,0.5,4.0,1.0,1.0,10,10,0.0,1.3,10,16,160000,1.880913072530811,0.7589102182933658,0.42777777777777776,7.703792000646147,0.7590428491930996,2.177544800073461,0.5431500577236443,,0.734
digits_pca16,6,scffcm,5,50,50,0.5,4.0,1.0,1.0,10,10,0.0,1.3,10,16,160000,1.968358217577596,0.8083415540266564,0.6888888888888889,7.738879827216593,0.808569838619922,1.9974219929913701,0.5562350207882366,,0.457
digits_pca16,7,scffcm,5,50,50,0.5,4.0,1.0,1.0,10,10,0.0,1.3,10,16,160000,1.9496276417137874,0.7846102068935507,0.632768361581921,7.737273533464656,0.7445742904841403,2.0355632585755465,0.5439691620690483,,0.517
digits_pca16,8,scffcm,5,50,50,0.5,4.0,1.0,1.0,10,10,0.0,1.3,10,16,160000,1.877702276346261,0.7218992854266431,0.5,7.701194688023108,0.669449081803005,2.184261530847994,0.5324819507619897,,0.508
digits_pca16,9,scffcm,5,50,50,0.5,4.0,1.0,1.0,10,10,0.0,1.3,10,16,160000,1.81966286178708,0.754771408344521,0.4166666666666667,7.699139055059042,0.7306622148024485,2.3251999265832106,0.5213338471385464,,0.711
digits_pca16,10,scffcm,5,50,50,0.5,4.0,1.0,1.0,10,10,0.0,1.3,10,16,160000,1.906683291205537,0.7499923106103925,0.5111111111111111,7.691634784207657,0.7117417918753478,2.1157362802105375,0.5212529447200179,,0.569
digits_pca16,11,scffcm,5,50,50,0.5,4.0,1.0,1.0,10,10,0.0,1.3,10,16,160000,1.923215761175364,0.7805888548460882,0.4888888888888889,7.723169284521144,0.7807456872565387,2.08804346766725,0.5466589586483663,,0.559
digits_pca16,12,scffcm,5,50,50,0.5,4.0,1.0,1.0,10,10,0.0,1.3,10,16,160000,1.8893766973509931,0.7628458452165149,0.4111111111111111,7.705146398862991,0.7629382303839732,2.1584589095541524,0.5426855636856346,,0.326
digits_pca16,13,scffcm,5,50,50,0.5,4.0,1.0,1.0,10,10,0.0,1.3,10,16,160000,1.9065020851377954,0.7499671295647167,0.5388888888888889,7.691632036785124,0.7117417918753478,2.1161377294763972,0.5213785772374525,,0.407
digits_pca16,14,scffcm,5,50,50,0.5,4.0,1.0,1.0,10,10,0.0,1.3,10,16,160000,1.7917148851633524,0.7420900409172411,0.42777777777777776,7.7198301159973015,0.6811352253756261,2.4047500355387283,0.5187958584574932,,0.377
digits_pca16,15,scffcm,5,50,50,0.5,4.0,1.0,1.0,10,10,0.0,1.3,10,16,160000,2.1213346093663454,0.7536565840126664,0.5055555555555555,7.698632172350647,0.6672231496939344,1.7107841394043213,0.5109893529381948,,0.332
digits_pca16,16,scffcm,5,50,50,0.5,4.0,1.0,1.0,10,10,0.0,1.3,10,16,160000,1.858419201442048,0.7178750131983864,0.4888888888888889,7.701009072145602,0.6700055648302726,2.2297710215372946,0.5327656957543708,,0.444
digits_pca16,17,scffcm,5,50,50,0.5,4.0,1.0,1.0,10,10,0.0,1.3,10,16,160000,1.905379448842758,0.7498453489228569,0.5333333333333333,7.6916400922878525,0.7117417918753478,2.118634310160185,0.5214109590593065,,0.529
digits_pca16,18,scffcm,5,50,50,0.5,4.0,1.0,1.0,10,10,0.0,1.3,10,16,160000,1.9524598337426013,0.782940340789098,0.576271186440678,7.737087673789509,0.7434613244296049,2.029613306768105,0.5431869019925111,,0.496
digits_pca16,19,scffcm,5,50,50,0.5,4.0,1.0,1.0,10,10,0.0,1.3,10,16,160000,1.9661999115775723,0.8083894449056844,0.7055555555555556,7.739571399482865,0.808569838619922,2.001988445435563,0.5569585419081279,,0.618
digits_pca32,0,scffcm,5,50,50,0.5,1.0,1.0,1.0,10,10,0.0,1.1,10,32,320000,2.4986273916286597,0.6938443612457315,0.45054945054945056,24.160077355195018,0.6393989983305509,3.869860652769462,0.30857174099404144,,0.864
digits_pca32,1,scffcm,5,50,50,0.5,1.0,1.0,1.0,10,10,0.0,1.1,10,32,320000,2.498635632810917,0.7650052215957701,0.5722222222222222,24.061597472481974,0.6789092932665554,3.854061131346752,0.2827857833682514,,1.044
digits_pca32,2,scffcm,5,50,50,0.5,1.0,1.0,1.0,10,10,0.0,1.1,10,32,320000,2.3485520462268137,0.6355887408849104,0.43333333333333335,24.12909474648603,0.5203116304952699,4.374623188754754,0.3380262322590061,,0.713
digits_pca32,3,scffcm,5,50,50,0.5,1.0,1.0,1.0,10,10,0.0,1.1,10,32,320000,2.357782885910704,0.7510996259255478,0.5795454545454546,24.02875310586178,0.6288258208124652,4.322386648526763,0.3030763805902492,,1.098
digits_pca32,4,scffcm,5,50,50,0.5,1.0,1.0,1.0,10,10,0.0,1.1,10,32,320000,2.3431677271641966,0.7604175297686704,0.55,24.533728559157314,0.657762938230384,4.468448960742659,0.3243993082175902,,0.889
digits_pca32,5,scffcm,5,50,50,0.5,1.0,1.0,1.0,10,10,0.0,1.1,10,32,320000,2.2575410237273323,0.6889101750002589,0.47513812154696133,24.19715208195045,0.5075125208681135,4.747805859440106,0.3235611873226403,,0.821
digits_pca32,6,scffcm,5,50,50,0.5,1.0,1.0,1.0,10,10,0.0,1.1,10,32,320000,2.3883173527848145,0.8072449257851317,0.6666666666666666,23.939194294659405,0.679465776293823,4.196869462801644,0.2861124623491603,,0.556
digits_pca32,7,scffcm,5,50,50,0.5,1.0,1.0,1.0,10,10,0.0,1.1,10,32,320000,2.4809763005657994,0.7876973751357339,0.6777777777777778,24.00613372492727,0.7017250973845298,3.9001111977874183,0.2855547240456589,,0.644
digits_pca32,8,scffcm,5,50,50,0.5,1.0,1.0,1.0,10,10,0.0,1.1,10,32,320000,2.2670673695662757,0.730307646552442,0.42777777777777776,23.978063042704097,0.6249304396215916,4.665360903071129,0.3046438908478293,,0.652
digits_pca32,9,scffcm,5,50,50,0.5,1.0,1.0,1.0,10,10,0.0,1.1,10,32,320000,2.3905416796938694,0.7918670214433403,0.6444444444444445,23.92278937096515,0.7056204785754034,4.186192316728448,0.2939349273234957,,0.613
digits_pca32,10,scffcm,5,50,50,0.5,1.0,1.0,1.0,10,10,0.0,1.1,10,32,320000,2.2580746560277363,0.6995828275002289,0.49444444444444446,24.025631014232214,0.6299387868670006,4.711923274662931,0.314047547729314,,0.454
digits_pca32,11,scffcm,5,50,50,0.5,1.0,1.0,1.0,10,10,0.0,1.1,10,32,320000,2.638819777832077,0.7495339764030791,0.4888888888888889,24.226222859889454,0.7301057317751809,3.4790946749277833,0.3203502526604517,,0.734
digits_pca32,12,scffcm,5,50,50,0.5,1.0,1.0,1.0,10,10,0.0,1.1,10,32,320000,2.282015409670227,0.7008452939786756,0.4444444444444444,23.970254161599968,0.66110183639399,4.602941904218398,0.2965615173026227,,0.401
digits_pca32,13,scffcm,5,50,50,0.5,1.0,1.0,1.0,10,10,0.0,1.1,10,32,320000,2.3979583694108038,0.8258249094934046,0.7055555555555556,23.92679073428095,0.7011686143572621,4.161033123971005,0.2888397191376065,,0.585
digits_pca32,14,scffcm,5,50,50,0.5,1.0,1.0,1.0,10,10,0.0,1.1,10,32,320000,2.270601287548265,0.7036702160875543,0.45,23.898929115648404,0.5481357818586533,4.63550102626183,0.2969683066270305,,0.875
digits_pca32,15,scffcm,5,50,50,0.5,1.0,1.0,1.0,10,10,0.0,1.1,10,32,320000,2.408657722703798,0.7358714501513878,0.5055555555555555,23.974047057790642,0.669449081803005,4.1322936294308406,0.2953591429190274,,0.518
digits_pca32,16,scffcm,5,50,50,0.5,1.0,1.0,1.0,10,10,0.0,1.1,10,32,320000,2.4852246988404687,0.7675043831457583,0.6222222222222222,23.908748920507374,0.6605453533667223,3.871021015398023,0.28476926789535706,,0.943
digits_pca32,17,scffcm,5,50,50,0.5,1.0,1.0,1.0,10,10,0.0,1.1,10,32,320000,2.20551562271818,0.727499396247619,0.4111111111111111,24.080389672376956,0.6082359488035615,4.950433530122139,0.31444066834550266,,0.691
digits_pca32,18,scffcm,5,50,50,0.5,1.0,1.0,1.0,10,10,0.0,1.1,10,32,320000,2.50231642804825,0.6840991638293671,0.4293785310734463,24.117522880279,0.6494156928213689,3.851662674499126,0.2948726256583359,,0.565
digits_pca32,19,scffcm,5,50,50,0.5,1.0,1.0,1.0,10,10,0.0,1.1,10,32,320000,2.4091376242824167,0.7598727810548352,0.5333333333333333,24.042914663167174,0.6905954368391765,4.142513139172084,0.2957863209210395,,0.366
letter,0,scffcm,5,50,50,4.0,1.0,1.0,1.0,10,10,0.0,1.3,26,16,416000,0.8150979155165023,0.28826708735192563,0.18992718446601942,4.997554784114557,0.2462,7.522080877186417,0.5148084655237326,,10.364
letter,1,scffcm,5,50,50,4.0,1.0,1.0,1.0,10,10,0.0,1.3,26,16,416000,1.3873016671588196,0.313822853723707,0.21905339805825244,4.9240716305766,0.27395,2.5584830590014396,0.488206914139879,,10.783
letter,2,scffcm,5,50,50,4.0,1.0,1.0,1.0,10,10,0.0,1.3,26,16,416000,1.15373528005281,0.29504574281305296,0.19842233009708737,4.891729009539416,0.2598,3.6749382318703283,0.4775119364780329,,10.87
letter,3,scffcm,5,50,50,4.0,1.0,1.0,1.0,10,10,0.0,1.3,26,16,416000,1.0186313983723403,0.2934312482574558,0.20024271844660194,4.908129428174356,0.2564,4.730225980275521,0.4767457578273781,,11.065
letter,4,scffcm,5,50,50,4.0,1.0,1.0,1.0,10,10,0.0,1.3,26,16,416000,1.325499095695624,0.29202469170532275,0.2154126213592233,4.885846743451101,0.2646,2.780871803321188,0.4704242499385927,,11.075
letter,5,scffcm,5,50,50,4.0,1.0,1.0,1.0,10,10,0.0,1.3,26,16,416000,1.5305688972611387,0.2834355625808751,0.2020631067961165,4.88363323421515,0.26185,2.0846697906553806,0.46925758347328467,,11.09
letter,6,scffcm,5,50,50,4.0,1.0,1.0,1.0,10,10,0.0,1.3,26,16,416000,1.5973723768034147,0.28953753262906357,0.21419902912621358,4.886585686939329,0.264,1.9151075952795453,0.47115841444658935,,11.18
letter,7,scffcm,5,50,50,4.0,1.0,1.0,1.0,10,10,0.0,1.3,26,16,416000,0.5708004974210193,0.29752177255560575,0.18810679611650485,4.901873066448998,0.2727,15.0450409874551,0.48247421095424,,10.9
letter,8,scffcm,5,50,50,4.0,1.0,1.0,1.0,10,10,0.0,1.3,26,16,416000,1.417827009621558,0.3051030039175785,0.21905339805825244,4.871833690331861,0.27855,2.4235164033863468,0.4680741768181045,,11.863
letter,9,scffcm,5,50,50,4.0,1.0,1.0,1.0,10,10,0.0,1.3,26,16,416000,0.9066734199026975,0.27985984820474563,0.20449029126213591,4.9027188854338295,0.24705,5.963966892962592,0.49811366358762865,,11.161
letter,10,scffcm,5,50,50,4.0,1.0,1.0,1.0,10,10,0.0,1.3,26,16,416000,1.2728747920040615,0.2962726165921251,0.20509708737864077,4.889854303490401,0.2722,3.0180369155068707,0.48600052125952514,,11.636
letter,11,scffcm,5,50,50,4.0,1.0,1.0,1.0,10,10,0.0,1.3,26,16,416000,0.9262163347964192,0.2992159667342043,0.18992718446601942,4.9899588892297695,0.2637,5.816638796642309,0.5065356860445546,,12.264
letter,12,scffcm,5,50,50,4.0,1.0,1.0,1.0,10,10,0.0,1.3,26,16,416000,1.4539807559600648,0.31816427904162115,0.2008495145631068,4.907822450611573,0.2777,2.3215151702240355,0.46478895238634715,,11.486
letter,13,scffcm,5,50,50,4.0,1.0,1.0,1.0,10,10,0.0,1.3,26,16,416000,0.8379846458770028,0.2934680270804838,0.19781553398058252,4.901633415066746,0.2629,6.980213485363626,0.4884318300604022,,11.662
letter,14,scffcm,5,50,50,4.0,1.0,1.0,1.0,10,10,0.0,1.3,26,16,416000,1.5468200348526482,0.2972599850262621,0.20145631067961164,4.901558698392648,0.2686,2.0485880300392294,0.4724707442641021,,10.712
letter,15,scffcm,5,50,50,4.0,1.0,1.0,1.0,10,10,0.0,1.3,26,16,416000,1.4226744023979707,0.30902126005959996,0.18992718446601942,4.918130200288684,0.26275,2.4299032778146215,0.47139571046912443,,11.373
letter,16,scffcm,5,50,50,4.0,1.0,1.0,1.0,10,10,0.0,1.3,26,16,416000,1.3502753072832903,0.2926272850601694,0.20934466019417475,4.889167716310112,0.2681,2.681577073950426,0.47391192974543095,,11.206
letter,17,scffcm,5,50,50,4.0,1.0,1.0,1.0,10,10,0.0,1.3,26,16,416000,1.2104133875813057,0.2885964734860256,0.19720873786407767,4.888135483083661,0.2564,3.3363822163873955,0.47879901736923197,,10.628
letter,18,scffcm,5,50,50,4.0,1.0,1.0,1.0,10,10,0.0,1.3,26,16,416000,0.799829429010376,0.31127606645335265,0.21844660194174756,4.889916987488279,0.27605,7.643754452368069,0.4841657335342574,,10.69
letter,19,scffcm,5,50,50,4.0,1.0,1.0,1.0,10,10,0.0,1.3,26,16,416000,0.3267125013188034,0.31455590732243216,0.20388349514563106,4.911322040038809,0.27205,46.01155458104344,0.5017829115035799,,10.541
mnist784_pca32 (20c),0,scffcm,5,50,50,1.0,2.0,1.0,1.0,20,20,0.0,1.1,10,32,640000,2.249655715058303,0.5155415698065098,0.45490981963927857,24.278168932333042,0.4965428571428571,4.797155656645142,0.347105449153218,,14.489
mnist784_pca32 (20c),1,scffcm,5,50,50,1.0,2.0,1.0,1.0,20,20,0.0,1.1,10,32,640000,2.1760017624425303,0.5587646178008124,0.49448732083792724,24.30676512669332,0.4956285714285714,5.133442229148791,0.3354636032703255,,14.466
mnist784_pca32 (20c),2,scffcm,5,50,50,1.0,2.0,1.0,1.0,20,20,0.0,1.1,10,32,640000,2.2944601063934345,0.5933658233392493,0.5259302666276003,24.343167017728174,0.5245857142857143,4.62398116802702,0.3514153747332729,,14.57
mnist784_pca32 (20c),3,scffcm,5,50,50,1.0,2.0,1.0,1.0,20,20,0.0,1.1,10,32,640000,2.352786489226857,0.5438802644025904,0.4638680659670165,24.250105055796382,0.4636,4.380751206149642,0.35002050251395084,,14.538
mnist784_pca32 (20c),4,scffcm,5,50,50,1.0,2.0,1.0,1.0,20,20,0.0,1.1,10,32,640000,2.3202587133600066,0.5077926087040965,0.4389233954451346,24.486363887762977,0.4509,4.548324843523962,0.3798822759801564,,15.783
mnist784_pca32 (20c),5,scffcm,5,50,50,1.0,2.0,1.0,1.0,20,20,0.0,1.1,10,32,640000,2.2755987297425566,0.4925911034601859,0.3940029985007496,24.269474334203544,0.45971428571428574,4.686719960648115,0.3509135294066318,,15.585
mnist784_pca32 (20c),6,scffcm,5,50,50,1.0,2.0,1.0,1.0,20,20,0.0,1.1,10,32,640000,2.311650370347711,0.5030913894816724,0.42325315005727376,24.376609597323856,0.4265,4.561723982945138,0.3645880498684258,,15.619
mnist784_pca32 (20c),7,scffcm,5,50,50,1.0,2.0,1.0,1.0,20,20,0.0,1.1,10,32,640000,2.2466842850324236,0.5470392647967486,0.456324056213833,24.328816296990873,0.47255714285714284,4.819887305378186,0.3819875205523806,,15.567
mnist784_pca32 (20c),8,scffcm,5,50,50,1.0,2.0,1.0,1.0,20,20,0.0,1.1,10,32,640000,2.256799017297397,0.4901829136240397,0.389922702547953,24.250937335085112,0.4422857142857143,4.761488736437663,0.36875910376068133,,14.675
mnist784_pca32 (20c),9,scffcm,5,50,50,1.0,2.0,1.0,1.0,20,20,0.0,1.1,10,32,640000,2.22081878761886,0.5794778244417296,0.5194730813287515,24.29081469033984,0.5241142857142858,4.925108871809509,0.37229294602959995,,15.27
mnist784_pca32 (20c),10,scffcm,5,50,50,1.0,2.0,1.0,1.0,20,20,0.0,1.1,10,32,640000,2.153132263758832,0.46520300756480487,0.36881559220389803,24.322527485003185,0.4347,5.246471105864027,0.38369529903358907,,15.194
mnist784_pca32 (20c),11,scffcm,5,50,50,1.0,2.0,1.0,1.0,20,20,0.0,1.1,10,32,640000,2.2430805696366205,0.5812898615485057,0.47737686139748,24.595007133397388,0.43602857142857143,4.888292739679732,0.3120891829513269,,14.954
mnist784_pca32 (20c),12,scffcm,5,50,50,1.0,2.0,1.0,1.0,20,20,0.0,1.1,10,32,640000,2.1510137736706763,0.5695649699658039,0.5089556351612015,24.356643091506797,0.4953571428571429,5.264183863713543,0.34555858488773933,,14.421
mnist784_pca32 (20c),13,scffcm,5,50,50,1.0,2.0,1.0,1.0,20,20,0.0,1.1,10,32,640000,2.2558275873159856,0.4918128155933103,0.397366160893215,24.250967660048595,0.44225714285714285,4.765596470863021,0.3687102019448493,,15.032
mnist784_pca32 (20c),14,scffcm,5,50,50,1.0,2.0,1.0,1.0,20,20,0.0,1.1,10,32,640000,2.2204655138017166,0.5589131626298631,0.3827270038450163,24.398901904214185,0.49884285714285714,4.94859846325653,0.37109856707573624,,14.799
mnist784_pca32 (20c),15,scffcm,5,50,50,1.0,2.0,1.0,1.0,20,20,0.0,1.1,10,32,640000,2.3117561169788234,0.5716668912137453,0.45869947275922673,24.33011167688314,0.5018714285714285,4.552606052789718,0.3511208958055327,,14.845
mnist784_pca32 (20c),16,scffcm,5,50,50,1.0,2.0,1.0,1.0,20,20,0.0,1.1,10,32,640000,2.301228104626216,0.5860784954978802,0.5224735184655024,24.306963907919677,0.5177285714285714,4.589986174317902,0.34530408394371104,,15.146
mnist784_pca32 (20c),17,scffcm,5,50,50,1.0,2.0,1.0,1.0,20,20,0.0,1.1,10,32,640000,2.2297757879575912,0.5997893417507985,0.5385055825937589,24.359963176850655,0.5218428571428572,4.899527919010406,0.35644492209802536,,15.043
mnist784_pca32 (20c),18,scffcm,5,50,50,1.0,2.0,1.0,1.0,20,20,0.0,1.1,10,32,640000,2.0766173530596026,0.555171656786145,0.4506674405107371,24.428226868306947,0.4805714285714286,5.66472702950859,0.3191199212149024,,15.17
mnist784_pca32 (20c),19,scffcm,5,50,50,1.0,2.0,1.0,1.0,20,20,0.0,1.1,10,32,640000,2.2562008409843983,0.48985798012687337,0.3900343642611684,24.250981701031904,0.4423285714285714,4.7640225705665085,0.3686883522485381,,14.735
mnist784_pca32 (50c),0,scffcm,5,50,50,1.0,2.0,1.0,1.0,50,50,0.0,1.1,10,32,1600000,2.428671572875841,0.5767197776955579,0.5072568940493469,24.258388832089082,0.5251142857142858,4.112674836825818,0.3577880111607244,,28.345
mnist784_pca32 (50c),1,scffcm,5,50,50,1.0,2.0,1.0,1.0,50,50,0.0,1.1,10,32,1600000,2.3536194850518153,0.5513665333946518,0.44302848575712145,24.28340222571137,0.5291857142857143,4.383661708659387,0.3516882961429019,,27.479
mnist784_pca32 (50c),2,scffcm,5,50,50,1.0,2.0,1.0,1.0,50,50,0.0,1.1,10,32,1600000,2.2546593511302935,0.48123937377524517,0.3600572655690766,24.337995045489563,0.42437142857142857,4.787655890004742,0.3772261970837299,,27.367
mnist784_pca32 (50c),3,scffcm,5,50,50,1.0,2.0,1.0,1.0,50,50,0.0,1.1,10,32,1600000,2.271160662687401,0.5570514500619351,0.4604982206405694,24.31764766185101,0.5232142857142857,4.714393689816613,0.35880489457606135,,27.728
mnist784_pca32 (50c),4,scffcm,5,50,50,1.0,2.0,1.0,1.0,50,50,0.0,1.1,10,32,1600000,2.2061721222874313,0.5336335389179412,0.4617691154422789,24.30370990256203,0.45745714285714284,4.993370460736118,0.3457183243614717,,27.948
mnist784_pca32 (50c),5,scffcm,5,50,50,1.0,2.0,1.0,1.0,50,50,0.0,1.1,10,32,1600000,2.2489354325029183,0.5667784114840939,0.45636094674556216,24.402117271292948,0.4851,4.824735794467234,0.36293331831456477,,27.09
mnist784_pca32 (50c),6,scffcm,5,50,50,1.0,2.0,1.0,1.0,50,50,0.0,1.1,10,32,1600000,2.2930401156429827,0.4664261472852993,0.34860415175375803,24.331993486526862,0.4435,4.627584805257014,0.3659798011715767,,28.089
mnist784_pca32 (50c),7,scffcm,5,50,50,1.0,2.0,1.0,1.0,50,50,0.0,1.1,10,32,1600000,2.2739983975743185,0.5794444838259024,0.5117437722419929,24.39968088098957,0.49675714285714284,4.718498677761283,0.36417968925414007,,27.461
mnist784_pca32 (50c),8,scffcm,5,50,50,1.0,2.0,1.0,1.0,50,50,0.0,1.1,10,32,1600000,2.264579270271425,0.5066704227995433,0.43944887599709936,24.309633385106853,0.45994285714285715,4.7402730015170045,0.3518394889016879,,29.186
mnist784_pca32 (50c),9,scffcm,5,50,50,1.0,2.0,1.0,1.0,50,50,0.0,1.1,10,32,1600000,2.3583700518792563,0.533362915957648,0.45409252669039146,24.237282770807266,0.49015714285714285,4.357727078330943,0.3541712540488791,,28.514
mnist784_pca32 (50c),10,scffcm,5,50,50,1.0,2.0,1.0,1.0,50,50,0.0,1.1,10,32,1600000,2.195364986374694,0.5124423865870184,0.3809171597633136,24.42225076305847,0.4538857142857143,5.067248693225758,0.36842152618347207,,28.123
mnist784_pca32 (50c),11,scffcm,5,50,50,1.0,2.0,1.0,1.0,50,50,0.0,1.1,10,32,1600000,2.1757515839744657,0.5490143914363782,0.5025053686471009,24.30420773812759,0.47687142857142856,5.134082603923803,0.33982350344137957,,28.11
mnist784_pca32 (50c),12,scffcm,5,50,50,1.0,2.0,1.0,1.0,50,50,0.0,1.1,10,32,1600000,2.2840687745422468,0.5497998512630243,0.4672639558924879,24.23547215851203,0.48254285714285716,4.645507139864833,0.3695097934558529,,26.557
mnist784_pca32 (50c),13,scffcm,5,50,50,1.0,2.0,1.0,1.0,50,50,0.0,1.1,10,32,1600000,2.3109064607099,0.553452507939478,0.4326923076923077,24.306294799012456,0.5114,4.5514945540062515,0.36187479001509726,,29.941
mnist784_pca32 (50c),14,scffcm,5,50,50,1.0,2.0,1.0,1.0,50,50,0.0,1.1,10,32,1600000,2.2889163427756403,0.5296764489831385,0.39866863905325445,24.337648560014514,0.46555714285714284,4.645353576767571,0.3677146383636961,,28.076
mnist784_pca32 (50c),15,scffcm,5,50,50,1.0,2.0,1.0,1.0,50,50,0.0,1.1,10,32,1600000,2.221537990702147,0.5747058656064035,0.4519230769230769,24.43855949006343,0.4756142857142857,4.9518572223921105,0.3635306000933032,,29.543
mnist784_pca32 (50c),16,scffcm,5,50,50,1.0,2.0,1.0,1.0,50,50,0.0,1.1,10,32,1600000,2.293355736451184,0.5805137381162744,0.5118110236220472,24.278089551554064,0.5129714285714285,4.616062250826291,0.347384199469334,,28.314
mnist784_pca32 (50c),17,scffcm,5,50,50,1.0,2.0,1.0,1.0,50,50,0.0,1.1,10,32,1600000,2.279429315341022,0.5599365491949349,0.48002958579881655,24.346848218924844,0.4708428571428571,4.685872738294833,0.3635280903285636,,27.418
mnist784_pca32 (50c),18,scffcm,5,50,50,1.0,2.0,1.0,1.0,50,50,0.0,1.1,10,32,1600000,2.251840175871299,0.5417609261810581,0.4498977505112474,24.29212545947831,0.4993714285714286,4.7906052808284985,0.3732789433217633,,30.491
mnist784_pca32 (50c),19,scffcm,5,50,50,1.0,2.0,1.0,1.0,50,50,0.0,1.1,10,32,1600000,2.2110891890729594,0.5518579414527064,0.48931771192281187,24.332006328337418,0.48415714285714284,4.976974303586372,0.3424542930959354,,29.546
