dataset,variant,m,seed,c,d,distinct,entropy_norm
digits_pca16,whitened (paper),2.0,0,10,16,1,1.0
digits_pca16,whitened (paper),2.0,1,10,16,1,1.0
digits_pca16,whitened (paper),2.0,2,10,16,1,1.0
digits_pca16,whitened (paper),1.5,0,10,16,1,1.0
digits_pca16,whitened (paper),1.5,1,10,16,1,1.0
digits_pca16,whitened (paper),1.5,2,10,16,1,1.0
digits_pca16,whitened (paper),1.3,0,10,16,10,0.5433
digits_pca16,whitened (paper),1.3,1,10,16,10,0.5433
digits_pca16,whitened (paper),1.3,2,10,16,10,0.5186
digits_pca16,whitened (paper),1.1,0,10,16,10,0.105
digits_pca16,whitened (paper),1.1,1,10,16,10,0.105
digits_pca16,whitened (paper),1.1,2,10,16,10,0.1017
digits_pca16,"PCA, no whitening",2.0,0,10,16,1,1.0
digits_pca16,"PCA, no whitening",2.0,1,10,16,1,1.0
digits_pca16,"PCA, no whitening",2.0,2,10,16,1,1.0
digits_pca16,"PCA, no whitening",1.5,0,10,16,8,0.7231
digits_pca16,"PCA, no whitening",1.5,1,10,16,8,0.7231
digits_pca16,"PCA, no whitening",1.5,2,10,16,8,0.7231
digits_pca16,"PCA, no whitening",1.3,0,10,16,10,0.3606
digits_pca16,"PCA, no whitening",1.3,1,10,16,10,0.3281
digits_pca16,"PCA, no whitening",1.3,2,10,16,10,0.3314
digits_pca16,"PCA, no whitening",1.1,0,10,16,10,0.0613
digits_pca16,"PCA, no whitening",1.1,1,10,16,10,0.0639
digits_pca16,"PCA, no whitening",1.1,2,10,16,10,0.0652
digits_pca16,standardized raw (no PCA),2.0,0,10,64,1,1.0
digits_pca16,standardized raw (no PCA),2.0,1,10,64,1,1.0
digits_pca16,standardized raw (no PCA),2.0,2,10,64,1,1.0
digits_pca16,standardized raw (no PCA),1.5,0,10,64,1,1.0
digits_pca16,standardized raw (no PCA),1.5,1,10,64,1,1.0
digits_pca16,standardized raw (no PCA),1.5,2,10,64,1,1.0
digits_pca16,standardized raw (no PCA),1.3,0,10,64,8,0.6623
digits_pca16,standardized raw (no PCA),1.3,1,10,64,10,0.6134
digits_pca16,standardized raw (no PCA),1.3,2,10,64,9,0.6127
digits_pca16,standardized raw (no PCA),1.1,0,10,64,10,0.1042
digits_pca16,standardized raw (no PCA),1.1,1,10,64,10,0.1042
digits_pca16,standardized raw (no PCA),1.1,2,10,64,10,0.104
digits_pca32,whitened (paper),2.0,0,10,32,1,1.0
digits_pca32,whitened (paper),2.0,1,10,32,1,1.0
digits_pca32,whitened (paper),2.0,2,10,32,1,1.0
digits_pca32,whitened (paper),1.5,0,10,32,1,1.0
digits_pca32,whitened (paper),1.5,1,10,32,1,1.0
digits_pca32,whitened (paper),1.5,2,10,32,1,1.0
digits_pca32,whitened (paper),1.3,0,10,32,1,1.0
digits_pca32,whitened (paper),1.3,1,10,32,1,1.0
digits_pca32,whitened (paper),1.3,2,10,32,1,1.0
digits_pca32,whitened (paper),1.1,0,10,32,10,0.287
digits_pca32,whitened (paper),1.1,1,10,32,10,0.2859
digits_pca32,whitened (paper),1.1,2,10,32,10,0.2944
digits_pca32,"PCA, no whitening",2.0,0,10,32,1,1.0
digits_pca32,"PCA, no whitening",2.0,1,10,32,1,1.0
digits_pca32,"PCA, no whitening",2.0,2,10,32,1,1.0
digits_pca32,"PCA, no whitening",1.5,0,10,32,2,0.9672
digits_pca32,"PCA, no whitening",1.5,1,10,32,1,1.0
digits_pca32,"PCA, no whitening",1.5,2,10,32,2,0.9672
digits_pca32,"PCA, no whitening",1.3,0,10,32,10,0.4997
digits_pca32,"PCA, no whitening",1.3,1,10,32,10,0.4997
digits_pca32,"PCA, no whitening",1.3,2,10,32,10,0.4989
digits_pca32,"PCA, no whitening",1.1,0,10,32,10,0.0867
digits_pca32,"PCA, no whitening",1.1,1,10,32,10,0.0867
digits_pca32,"PCA, no whitening",1.1,2,10,32,10,0.0857
digits_pca32,standardized raw (no PCA),2.0,0,10,64,1,1.0
digits_pca32,standardized raw (no PCA),2.0,1,10,64,1,1.0
digits_pca32,standardized raw (no PCA),2.0,2,10,64,1,1.0
digits_pca32,standardized raw (no PCA),1.5,0,10,64,1,1.0
digits_pca32,standardized raw (no PCA),1.5,1,10,64,1,1.0
digits_pca32,standardized raw (no PCA),1.5,2,10,64,1,1.0
digits_pca32,standardized raw (no PCA),1.3,0,10,64,8,0.6623
digits_pca32,standardized raw (no PCA),1.3,1,10,64,10,0.6134
digits_pca32,standardized raw (no PCA),1.3,2,10,64,9,0.6127
digits_pca32,standardized raw (no PCA),1.1,0,10,64,10,0.1042
digits_pca32,standardized raw (no PCA),1.1,1,10,64,10,0.1042
digits_pca32,standardized raw (no PCA),1.1,2,10,64,10,0.104
mnist784_pca32,whitened (paper),2.0,0,10,32,1,1.0
mnist784_pca32,whitened (paper),2.0,1,10,32,1,1.0
mnist784_pca32,whitened (paper),2.0,2,10,32,1,1.0
mnist784_pca32,whitened (paper),1.5,0,10,32,1,1.0
mnist784_pca32,whitened (paper),1.5,1,10,32,1,1.0
mnist784_pca32,whitened (paper),1.5,2,10,32,1,1.0
mnist784_pca32,whitened (paper),1.3,0,10,32,2,0.9647
mnist784_pca32,whitened (paper),1.3,1,10,32,1,1.0
mnist784_pca32,whitened (paper),1.3,2,10,32,1,1.0
mnist784_pca32,whitened (paper),1.1,0,10,32,10,0.3489
mnist784_pca32,whitened (paper),1.1,1,10,32,10,0.3488
mnist784_pca32,whitened (paper),1.1,2,10,32,10,0.3805
mnist784_pca32,"PCA, no whitening",2.0,0,10,32,1,1.0
mnist784_pca32,"PCA, no whitening",2.0,1,10,32,1,1.0
mnist784_pca32,"PCA, no whitening",2.0,2,10,32,1,1.0
mnist784_pca32,"PCA, no whitening",1.5,0,10,32,2,0.9654
mnist784_pca32,"PCA, no whitening",1.5,1,10,32,1,1.0
mnist784_pca32,"PCA, no whitening",1.5,2,10,32,1,1.0
mnist784_pca32,"PCA, no whitening",1.3,0,10,32,6,0.7917
mnist784_pca32,"PCA, no whitening",1.3,1,10,32,6,0.7917
mnist784_pca32,"PCA, no whitening",1.3,2,10,32,4,0.8429
mnist784_pca32,"PCA, no whitening",1.1,0,10,32,10,0.1661
mnist784_pca32,"PCA, no whitening",1.1,1,10,32,10,0.1661
mnist784_pca32,"PCA, no whitening",1.1,2,10,32,10,0.1657
mnist784_pca32,standardized raw (no PCA),2.0,0,10,784,1,1.0
mnist784_pca32,standardized raw (no PCA),2.0,1,10,784,1,1.0
mnist784_pca32,standardized raw (no PCA),2.0,2,10,784,1,1.0
