dataset,seed,m,ineq_frac,ratio_median,proto_share_median,corollary_maxgap
cluster_skew_hard,0,2.0,0.995,0.1386820770690908,0.24504268973436433,3.552713678800501e-15
cluster_skew_hard,1,2.0,1.0,0.12227245294901501,0.12259139801432511,3.552713678800501e-15
cluster_skew_hard,2,2.0,1.0,0.13695948292517118,0.297695128040171,3.774758283725532e-15
cluster_skew_hard,3,2.0,1.0,0.14241374756777397,0.10717317360719014,3.1086244689504383e-15
cluster_skew_hard,4,2.0,1.0,0.13282134789885097,0.23241264251512767,3.552713678800501e-15
cluster_skew_overlap,0,2.0,1.0,0.18006453646064008,0.1609457415643029,1.9984014443252818e-15
cluster_skew_overlap,1,2.0,1.0,0.1941731579325821,0.09666355775928775,2.220446049250313e-15
cluster_skew_overlap,2,2.0,1.0,0.2136736180651499,0.08295116142845915,1.7763568394002505e-15
cluster_skew_overlap,3,2.0,1.0,0.17575224880944645,0.11021716074390991,1.7763568394002505e-15
cluster_skew_overlap,4,2.0,1.0,0.19478058083764221,0.21489621916549112,1.7763568394002505e-15
dirichlet_0.03,0,2.0,1.0,0.19034524002223163,0.2655326669095132,2.6645352591003757e-15
dirichlet_0.03,1,2.0,1.0,0.13326046589843185,0.16484578620906298,4.440892098500626e-15
dirichlet_0.03,2,2.0,0.995,0.12274314245383242,0.10027422863433538,3.1086244689504383e-15
dirichlet_0.03,3,2.0,1.0,0.1388526133468579,0.2963736095896947,3.552713678800501e-15
dirichlet_0.03,4,2.0,0.99,0.15896639920712474,0.11586111935260834,3.552713678800501e-15
dirichlet_0.1,0,2.0,1.0,0.11194222850736883,0.3076487248539277,3.552713678800501e-15
dirichlet_0.1,1,2.0,1.0,0.11883764238919886,0.14457488029848797,3.1086244689504383e-15
dirichlet_0.1,2,2.0,0.995,0.12737458254646405,0.21765207318751506,3.1086244689504383e-15
dirichlet_0.1,3,2.0,0.995,0.12714784606455953,0.37184574508014534,3.774758283725532e-15
dirichlet_0.1,4,2.0,0.98,0.1282665064102852,0.09518787851570931,2.886579864025407e-15
overlap_noise,0,2.0,0.99,0.25107680403580135,0.3523205907867731,2.6229018956769323e-15
overlap_noise,1,2.0,1.0,0.19476556641028142,0.23643506049883067,2.220446049250313e-15
overlap_noise,2,2.0,0.99,0.15671256527654753,0.0452471663425601,2.0816681711721685e-15
overlap_noise,3,2.0,0.99,0.17108513391230412,0.0828790697771018,1.8318679906315083e-15
overlap_noise,4,2.0,0.98,0.14596577545349318,0.14730564160379045,2.220446049250313e-15
quantity_skew_extreme,0,2.0,0.985,0.17802821939819985,0.22558931226029344,2.1094237467877974e-15
quantity_skew_extreme,1,2.0,0.755,0.37894938766198627,0.13323434313961807,2.192690473634684e-15
quantity_skew_extreme,2,2.0,0.975,0.9331573132297455,0.8904498217640308,2.55351295663786e-15
quantity_skew_extreme,3,2.0,0.995,0.13138456689317118,0.1580906581095633,2.5153490401663703e-15
quantity_skew_extreme,4,2.0,0.995,0.08309755921519446,0.2517248446503836,2.6645352591003757e-15
wine,0,2.0,0.9933333333333333,0.14520245127707,0.04819691833273354,6.106226635438361e-16
wine,1,2.0,0.9933333333333333,0.11587446234422372,0.21986175258075608,4.718447854656915e-16
wine,2,2.0,0.9933333333333333,0.15205511555256307,0.30891492206595683,5.828670879282072e-16
wine,3,2.0,0.9933333333333333,0.12331850362473515,0.04625661207017484,5.551115123125783e-16
wine,4,2.0,1.0,0.17126670720826492,0.08074469490376207,4.996003610813204e-16
satimage,0,2.0,1.0,0.15058272811513934,0.5108122420974528,1.4432899320127035e-15
satimage,1,2.0,0.9933333333333333,0.15453782374668412,0.6114014047973688,1.2212453270876722e-15
satimage,2,2.0,0.9966666666666667,0.15990094542598626,0.6943537470541631,1.4988010832439613e-15
satimage,3,2.0,1.0,0.15682821520026996,0.5070239487501824,1.6653345369377348e-15
satimage,4,2.0,1.0,0.17942516586535068,0.5236410065507715,1.4432899320127035e-15
pendigits,0,1.5,0.998,0.17394415843578792,0.09467537953085325,1.1102230246251565e-15
pendigits,1,1.5,1.0,0.2018773768435302,0.18258202768894116,1.0547118733938987e-15
pendigits,2,1.5,0.996,0.18320645650342632,0.1179191054629864,1.1102230246251565e-15
pendigits,3,1.5,0.998,0.19984352117031293,0.2033958020999223,9.992007221626409e-16
pendigits,4,1.5,1.0,0.17313837430644366,0.104592644053002,9.992007221626409e-16
digits_pca16,0,1.3,0.986,0.3043145736586893,0.15536205552840332,8.881784197001252e-16
digits_pca16,1,1.3,0.994,0.3667414300171615,0.16694999227125207,9.992007221626409e-16
digits_pca16,2,1.3,0.988,0.30917689799004466,0.0754814248181973,1.1102230246251565e-15
digits_pca16,3,1.3,0.996,0.28722493753152484,0.20728177069236337,1.1102230246251565e-15
digits_pca16,4,1.3,0.996,0.34520748454618055,0.1088450869147855,7.771561172376096e-16
digits_pca32,0,1.1,0.968,0.26984184568299874,0.16956202334830633,8.881784197001252e-16
digits_pca32,1,1.1,0.992,0.3171216764446404,0.09208431399902134,1.1657341758564144e-15
digits_pca32,2,1.1,0.994,0.4173372288965974,0.19984755048495328,1.7763568394002505e-15
digits_pca32,3,1.1,0.904,0.3636123990415997,0.14318119864191847,1.4432899320127035e-15
digits_pca32,4,1.1,0.974,0.3826045344334942,0.1270386576154558,1.1102230246251565e-15
letter,0,1.3,0.8584615384615385,0.4635929584930307,0.4349077702899113,1.582067810090848e-15
letter,1,1.3,0.8915384615384615,0.47707743375251055,0.4734179429197264,1.9984014443252818e-15
letter,2,1.3,0.8484615384615385,0.5045700841133076,0.40859700860051723,1.4016565685892601e-15
letter,3,1.3,0.9061538461538462,0.45623941807902746,0.3737560902552939,1.3600232051658168e-15
letter,4,1.3,0.8153846153846154,0.5479235561199113,0.3809041269543221,1.3322676295501878e-15
mnist784_pca32 (20c),0,1.1,0.982,0.6082919808134304,0.391399306554814,1.1102230246251565e-15
mnist784_pca32 (20c),1,1.1,0.984,0.5622957241000722,0.5554276813095851,1.0547118733938987e-15
mnist784_pca32 (20c),2,1.1,0.978,0.5258950156403797,0.4323518484978702,1.7763568394002505e-15
mnist784_pca32 (20c),3,1.1,0.994,0.5383185238810186,0.5402763418874452,1.1102230246251565e-15
mnist784_pca32 (20c),4,1.1,0.842,0.46449690020817613,0.4204702041750393,1.3877787807814457e-15
mnist784_pca32 (50c),0,1.1,0.992,0.6339961231863569,0.5416062714698031,1.5543122344752192e-15
mnist784_pca32 (50c),1,1.1,0.954,0.5305223555642518,0.3036580049636085,1.1657341758564144e-15
mnist784_pca32 (50c),2,1.1,0.976,0.4322240634991475,0.2935931349213492,1.9984014443252818e-15
mnist784_pca32 (50c),3,1.1,0.99,0.5271175549083558,0.3290126701362787,2.1094237467877974e-15
mnist784_pca32 (50c),4,1.1,0.978,0.5157441764449875,0.5142943035652001,1.5543122344752192e-15
