dataset,L,seed,eta_l,eta_g,min_dist,mean_acc,worst_acc,fcm_obj
cluster_skew_hard,50,0,0.05,0.5,4.578387360551661,0.8901515151515151,0.5954545454545455,4.437135869656253
cluster_skew_hard,50,1,0.05,0.5,7.482060753712131,1.0,1.0,1.020055754599651
cluster_skew_hard,50,2,0.05,0.5,7.468338426023176,1.0,1.0,1.0558751137537086
cluster_skew_hard,50,3,0.05,0.5,7.531799689044526,1.0,1.0,1.0462690181414822
cluster_skew_hard,50,4,0.05,0.5,7.480652763215971,1.0,1.0,1.072773402714837
cluster_skew_hard,50,5,0.05,0.5,7.479763935743335,1.0,1.0,1.057091128317493
cluster_skew_hard,50,6,0.05,0.5,7.536731854565532,1.0,1.0,1.0002988743407177
cluster_skew_hard,50,7,0.05,0.5,7.520228970607589,1.0,1.0,1.0296266452366758
cluster_skew_hard,50,8,0.05,0.5,7.479068125708597,1.0,1.0,1.0402681138259589
cluster_skew_hard,50,9,0.05,0.5,7.466282186839582,1.0,1.0,1.0787542096936291
cluster_skew_hard,50,10,0.05,0.5,7.484784003987155,1.0,1.0,1.0250295576605426
cluster_skew_hard,50,11,0.05,0.5,7.516610384923171,1.0,1.0,1.0294671964508446
cluster_skew_hard,50,12,0.05,0.5,7.524123279717658,1.0,1.0,1.0585973823869543
cluster_skew_hard,50,13,0.05,0.5,7.63668723686591,1.0,1.0,1.0509331506577841
cluster_skew_hard,50,14,0.05,0.5,7.451213481182387,1.0,1.0,1.010790545345775
cluster_skew_hard,50,15,0.05,0.5,7.465627455552884,1.0,1.0,1.0583444321827458
cluster_skew_hard,50,16,0.05,0.5,7.509012355365825,1.0,1.0,1.049168665635072
cluster_skew_hard,50,17,0.05,0.5,7.523560843732488,1.0,1.0,1.0500152320271983
cluster_skew_hard,50,18,0.05,0.5,7.514649148960538,1.0,1.0,1.0433782848906408
cluster_skew_hard,50,19,0.05,0.5,7.529465143747514,1.0,1.0,1.0312130825449866
cluster_skew_overlap,50,0,0.05,4.0,3.7656787743355733,0.8632575757575757,0.8090909090909091,2.091747830956152
cluster_skew_overlap,50,1,0.05,4.0,3.844779991113274,0.8681818181818183,0.8227272727272728,2.05364808327654
cluster_skew_overlap,50,2,0.05,4.0,3.7682884360573494,0.8606060606060607,0.8272727272727273,2.1218538777912315
cluster_skew_overlap,50,3,0.05,4.0,3.957859960018504,0.8583333333333334,0.8,2.09155907245129
cluster_skew_overlap,50,4,0.05,4.0,3.828778849266426,0.8625000000000002,0.8227272727272728,2.163815001240211
cluster_skew_overlap,50,5,0.05,4.0,3.8803671815856524,0.8590909090909092,0.7681818181818182,2.110806542564851
cluster_skew_overlap,50,6,0.05,4.0,3.8935056333468383,0.8856060606060606,0.8363636363636363,2.06211577003563
cluster_skew_overlap,50,7,0.05,4.0,3.914055663170524,0.8643939393939394,0.8090909090909091,2.071565042597449
cluster_skew_overlap,50,8,0.05,4.0,3.744363975381838,0.868560606060606,0.8272727272727273,2.103758995189158
cluster_skew_overlap,50,9,0.05,4.0,3.863930229982752,0.8526515151515152,0.8,2.1268082542384112
cluster_skew_overlap,50,10,0.05,4.0,3.885641161956892,0.8640151515151516,0.8090909090909091,2.078295244460233
cluster_skew_overlap,50,11,0.05,4.0,3.8753480612456612,0.8719696969696971,0.8272727272727273,2.086177866043493
cluster_skew_overlap,50,12,0.05,4.0,3.939274644413178,0.8666666666666666,0.8181818181818182,2.137288467306098
cluster_skew_overlap,50,13,0.05,4.0,4.071630179101388,0.8696969696969697,0.8045454545454546,2.160985734434812
cluster_skew_overlap,50,14,0.05,4.0,3.823415657410114,0.8700757575757575,0.7818181818181819,2.046951946102708
cluster_skew_overlap,50,15,0.05,4.0,3.7563827796784297,0.859090909090909,0.8,2.090961487195851
cluster_skew_overlap,50,16,0.05,4.0,3.9277463980882,0.852651515151515,0.7909090909090909,2.094892344362493
cluster_skew_overlap,50,17,0.05,4.0,3.8942737960120524,0.8715909090909092,0.8363636363636363,2.1416666787852394
cluster_skew_overlap,50,18,0.05,4.0,3.9057533496510763,0.8609848484848484,0.8318181818181818,2.0918804928485466
cluster_skew_overlap,50,19,0.05,4.0,3.8700906406386286,0.8655303030303031,0.8136363636363636,2.0871112890192745
dirichlet_0.03,50,0,0.05,4.0,7.5069524327036605,1.0,1.0,1.031273268862258
dirichlet_0.03,50,1,0.05,4.0,7.523151556954197,1.0,1.0,1.0246956245612417
dirichlet_0.03,50,2,0.05,4.0,7.543120932515543,1.0,1.0,1.0578045760963029
dirichlet_0.03,50,3,0.05,4.0,7.441682998646596,1.0,1.0,1.0498862336357337
dirichlet_0.03,50,4,0.05,4.0,7.492795085949552,1.0,1.0,1.07414326386442
dirichlet_0.03,50,5,0.05,4.0,7.47442485532647,1.0,1.0,1.0464577613556787
dirichlet_0.03,50,6,0.05,4.0,7.518741761042855,1.0,1.0,1.008935731127261
dirichlet_0.03,50,7,0.05,4.0,7.5355412463465905,1.0,1.0,1.0414897137550783
dirichlet_0.03,50,8,0.05,4.0,7.557585450574807,1.0,1.0,1.0455693264029076
dirichlet_0.03,50,9,0.05,4.0,7.4155582760916685,1.0,1.0,1.072945055136097
dirichlet_0.03,50,10,0.05,4.0,7.535311336472775,1.0,1.0,1.0303448494733958
dirichlet_0.03,50,11,0.05,4.0,7.510619709917551,1.0,1.0,1.022979102570521
dirichlet_0.03,50,12,0.05,4.0,7.510507967772109,1.0,1.0,1.0711273555396792
dirichlet_0.03,50,13,0.05,4.0,7.5352184729224065,1.0,1.0,1.0549870136541564
dirichlet_0.03,50,14,0.05,4.0,7.471349753436689,1.0,1.0,0.9999031698263449
dirichlet_0.03,50,15,0.05,4.0,7.534273591167632,1.0,1.0,1.0392084808218267
dirichlet_0.03,50,16,0.05,4.0,7.608429187056853,1.0,1.0,1.0423912145163043
dirichlet_0.03,50,17,0.05,4.0,7.564157339014913,1.0,1.0,1.0535911830805118
dirichlet_0.03,50,18,0.05,4.0,7.472788364013607,1.0,1.0,1.0400200200456031
dirichlet_0.03,50,19,0.05,4.0,7.5333973966918455,1.0,1.0,1.0168953381916022
dirichlet_0.1,50,0,0.05,4.0,7.475025026054649,1.0,1.0,1.0323901159523372
dirichlet_0.1,50,1,0.05,4.0,7.554969201534406,1.0,1.0,1.010215014226582
dirichlet_0.1,50,2,0.05,4.0,7.522090504846839,1.0,1.0,1.072247810253435
dirichlet_0.1,50,3,0.05,4.0,7.496865110891537,1.0,1.0,1.0482069211320997
dirichlet_0.1,50,4,0.05,4.0,8.561098159147036,0.9984848484848486,0.9954545454545455,3.377981985015045
dirichlet_0.1,50,5,0.05,4.0,7.5272303734523875,1.0,1.0,1.0465417512061106
dirichlet_0.1,50,6,0.05,4.0,7.523870265077421,1.0,1.0,1.015185957909827
dirichlet_0.1,50,7,0.05,4.0,7.502888948847605,1.0,1.0,1.0360151750626905
dirichlet_0.1,50,8,0.05,4.0,7.44797707178901,1.0,1.0,1.0387324722757076
dirichlet_0.1,50,9,0.05,4.0,9.440704145747342,1.0,1.0,2.4376262959830264
dirichlet_0.1,50,10,0.05,4.0,7.485459061468504,1.0,1.0,1.0302670480791045
dirichlet_0.1,50,11,0.05,4.0,7.538888870983842,1.0,1.0,1.02210932417574
dirichlet_0.1,50,12,0.05,4.0,7.474985702616045,1.0,1.0,1.07094839134446
dirichlet_0.1,50,13,0.05,4.0,1.5695123401944098,0.9018939393939395,0.7227272727272728,1.9107751840531322
dirichlet_0.1,50,14,0.05,4.0,7.500800241435473,1.0,1.0,1.0030102507351781
dirichlet_0.1,50,15,0.05,4.0,7.469067414704784,1.0,1.0,1.0410454027441713
dirichlet_0.1,50,16,0.05,4.0,7.471958351809147,1.0,1.0,1.0445742276634105
dirichlet_0.1,50,17,0.05,4.0,7.4820430298536955,1.0,1.0,1.0569340868449058
dirichlet_0.1,50,18,0.05,4.0,8.81340555981263,1.0,1.0,2.3324402381362246
dirichlet_0.1,50,19,0.05,4.0,7.50420660370389,1.0,1.0,1.0191669153012555
overlap_noise,50,0,0.05,4.0,4.660031266726403,0.8981060606060606,0.8636363636363636,2.3081884719732826
overlap_noise,50,1,0.05,4.0,4.829995232880993,0.9083333333333332,0.8909090909090909,2.349811844706771
overlap_noise,50,2,0.05,4.0,4.765925764283846,0.9022727272727273,0.8863636363636364,2.2718624841432034
overlap_noise,50,3,0.05,4.0,4.832924573217794,0.8988636363636364,0.8818181818181818,2.364237898590615
overlap_noise,50,4,0.05,4.0,4.877050328577092,0.9049242424242424,0.8727272727272727,2.416151365615328
overlap_noise,50,5,0.05,4.0,4.530020926896891,0.8981060606060606,0.8727272727272727,2.3308927045752266
overlap_noise,50,6,0.05,4.0,4.92069282750635,0.9102272727272726,0.8772727272727273,2.3270535167787476
overlap_noise,50,7,0.05,4.0,4.891086714019173,0.9022727272727273,0.8772727272727273,2.369617773281887
overlap_noise,50,8,0.05,4.0,4.790104200720584,0.903030303030303,0.8727272727272727,2.2710004739689986
overlap_noise,50,9,0.05,4.0,4.875903205301998,0.912121212121212,0.8909090909090909,2.4137093810472625
overlap_noise,50,10,0.05,4.0,4.575495189704086,0.9053030303030303,0.8818181818181818,2.3465735044950904
overlap_noise,50,11,0.05,4.0,4.725105949902033,0.9075757575757576,0.8636363636363636,2.2769966346837545
overlap_noise,50,12,0.05,4.0,4.810027941032746,0.9079545454545453,0.8818181818181818,2.3758835687953845
overlap_noise,50,13,0.05,4.0,2.506961387181188,0.7943181818181818,0.6454545454545455,2.287978819360508
overlap_noise,50,14,0.05,4.0,4.79858043984128,0.9045454545454544,0.8681818181818182,2.29232742742577
overlap_noise,50,15,0.05,4.0,4.445466489938917,0.897348484848485,0.8727272727272727,2.2979914786793545
overlap_noise,50,16,0.05,4.0,4.476728572925979,0.8962121212121211,0.8818181818181818,2.2861252073591953
overlap_noise,50,17,0.05,4.0,4.728065733424378,0.8931818181818182,0.8545454545454545,2.388829779571472
overlap_noise,50,18,0.05,4.0,4.812459365208295,0.8992424242424243,0.8727272727272727,2.280889567543685
overlap_noise,50,19,0.05,4.0,4.776014445661934,0.9098484848484848,0.8954545454545455,2.2870311415157274
quantity_skew_extreme,50,0,0.05,4.0,7.364478770319033,1.0,1.0,1.0422535263840629
quantity_skew_extreme,50,1,0.05,4.0,7.631034335023411,1.0,1.0,2.158756590601949
quantity_skew_extreme,50,2,0.05,4.0,8.673337912202367,0.9981353059022963,0.9897959183673469,5.647514952950041
quantity_skew_extreme,50,3,0.05,4.0,7.397773664746939,1.0,1.0,4.2178961672762165
quantity_skew_extreme,50,4,0.05,4.0,7.5183320366981565,1.0,1.0,1.0744827044703937
quantity_skew_extreme,50,5,0.05,4.0,7.4289097926797405,1.0,1.0,1.01892225821922
quantity_skew_extreme,50,6,0.05,4.0,7.593687722478055,1.0,1.0,1.0213138771296921
quantity_skew_extreme,50,7,0.05,4.0,9.217988804523879,0.9997857754927164,0.9974293059125964,5.1307336730194395
quantity_skew_extreme,50,8,0.05,4.0,7.376723774599283,1.0,1.0,1.0751475798007821
quantity_skew_extreme,50,9,0.05,4.0,7.445448855394109,1.0,1.0,1.0528162535006043
quantity_skew_extreme,50,10,0.05,4.0,7.398153775811759,1.0,1.0,1.0322334659211434
quantity_skew_extreme,50,11,0.05,4.0,7.66241444507413,1.0,1.0,1.0362896996605642
quantity_skew_extreme,50,12,0.05,4.0,7.4499620347168145,1.0,1.0,1.0878308367650644
quantity_skew_extreme,50,13,0.05,4.0,7.6263260920075195,1.0,1.0,1.0807378458707626
quantity_skew_extreme,50,14,0.05,4.0,7.464253014444095,1.0,1.0,1.0178012342062013
quantity_skew_extreme,50,15,0.05,4.0,5.423937264578848,1.0,1.0,2.667144248809695
quantity_skew_extreme,50,16,0.05,4.0,7.5260831365585545,1.0,1.0,1.0420573423848272
quantity_skew_extreme,50,17,0.05,4.0,5.876485445151735,1.0,1.0,2.925117576261628
quantity_skew_extreme,50,18,0.05,4.0,7.387378400934109,1.0,1.0,1.0385294809813677
quantity_skew_extreme,50,19,0.05,4.0,7.395476215597389,1.0,1.0,1.0349571431979803
wine,50,0,0.05,0.5,2.9365071014840076,0.9622514619883041,0.8888888888888888,4.052429545669089
wine,50,1,0.05,0.5,2.949068831671146,0.9672222222222222,0.8333333333333334,4.0522713340888155
wine,50,2,0.05,0.5,2.945687975680507,0.9730701754385965,0.9444444444444444,4.052539773909577
wine,50,3,0.05,0.5,2.918933399237355,0.9614035087719298,0.8333333333333334,4.052283649044734
wine,50,4,0.05,0.5,2.906673081303841,0.9669590643274854,0.8888888888888888,4.052150484630539
wine,50,5,0.05,0.5,2.9170809630576757,0.9678070175438597,0.8947368421052632,4.052186931256183
wine,50,6,0.05,0.5,2.940892518107841,0.9677777777777778,0.9,4.052299538170281
wine,50,7,0.05,0.5,2.9595649070443146,0.9672222222222222,0.8888888888888888,4.0523975615566235
wine,50,8,0.05,0.5,2.9189384366088738,0.9669590643274854,0.8888888888888888,4.052347426011533
wine,50,9,0.05,0.5,2.90147894046529,0.9666666666666668,0.8888888888888888,4.05235057939804
wine,50,10,0.05,0.5,2.9584273034121615,0.9680701754385964,0.8888888888888888,4.05234728384372
wine,50,11,0.05,0.5,2.9432166772868333,0.9622514619883041,0.8888888888888888,4.0523008306884725
wine,50,12,0.05,0.5,2.9455543297105082,0.9669590643274854,0.8888888888888888,4.0522142744008365
wine,50,13,0.05,0.5,2.3762974750691677,0.9402579979360166,0.8333333333333334,4.071340021774839
wine,50,14,0.05,0.5,2.921302112855124,0.967514619883041,0.8888888888888888,4.052237073167911
wine,50,15,0.05,0.5,2.91838915414815,0.9683333333333334,0.85,4.052275161838986
wine,50,16,0.05,0.5,2.9313916861909175,0.9672222222222222,0.8888888888888888,4.052174215708911
wine,50,17,0.05,0.5,2.9256186575489047,0.9666666666666666,0.8888888888888888,4.05232284493133
wine,50,18,0.05,0.5,2.9380714795226996,0.9680701754385964,0.9,4.052347150255762
wine,50,19,0.05,0.5,2.9067886415735935,0.9680701754385964,0.8888888888888888,4.052325209748866
satimage,50,0,1.0,0.5,3.595931605076095,0.7235527094804706,0.6059933407325194,3.7292535015982757
satimage,50,1,1.0,0.5,3.583226817012521,0.7220455605425464,0.6204217536071032,3.7297496582676977
satimage,50,2,1.0,0.5,3.572622600948685,0.7218594265963509,0.6082130965593785,3.7295701150250244
satimage,50,3,1.0,0.5,3.5586554492454012,0.7227271576312466,0.6137624861265261,3.729325558926027
satimage,50,4,1.0,0.5,3.5779611228428916,0.7244382033322465,0.6157556270096463,3.729433587638896
satimage,50,5,1.0,0.5,3.603850337643091,0.7166783066917368,0.5964630225080386,3.7293380493075414
satimage,50,6,1.0,0.5,3.5659295262002515,0.7210349765649893,0.607103218645949,3.730083043852408
satimage,50,7,1.0,0.5,3.625120916516734,0.7238859156573751,0.6182019977802442,3.728785110935464
satimage,50,8,1.0,0.5,3.546754430443239,0.7204079543362958,0.6148723640399556,3.730128766423091
satimage,50,9,1.0,0.5,3.5618342178407034,0.7204183102965146,0.6015538290788013,3.7299184309666034
satimage,50,10,1.0,0.5,3.564549906948995,0.7240473508263878,0.6109324758842444,3.729769545347717
satimage,50,11,1.0,0.5,3.5784201622584857,0.7234216299789641,0.5837957824639289,3.7298168550840605
satimage,50,12,1.0,0.5,3.5936778823042257,0.7200874690762781,0.6015538290788013,3.7295932500329454
satimage,50,13,1.0,0.5,3.5693171042068843,0.7194371944466477,0.6205787781350482,3.729596491612231
satimage,50,14,1.0,0.5,3.5885790128152024,0.7228071188864262,0.6082130965593785,3.7296987088542988
satimage,50,15,1.0,0.5,3.5657135805248767,0.720408770099505,0.6026637069922308,3.7295712188160732
satimage,50,16,1.0,0.5,3.5011631678885635,0.7239629619161152,0.6189710610932476,3.729955898067885
satimage,50,17,1.0,0.5,3.5738220845391178,0.7197566826160916,0.6003210272873194,3.729716326201922
satimage,50,18,1.0,0.5,3.580046775110105,0.7176853277605584,0.6082130965593785,3.730107370347391
satimage,50,19,1.0,0.5,3.6346039607504403,0.7244997559102117,0.6215316315205327,3.729157592701465
pendigits,50,0,0.1,4.0,1.9064161651051823,0.7397904608794051,0.5544280442804428,3.8326906588235135
pendigits,50,1,0.1,4.0,1.9066974067409665,0.7399006434682787,0.5636531365313653,3.832693535809976
pendigits,50,2,0.1,4.0,1.1717156470900092,0.7289239524857027,0.6328413284132841,3.9067423366898617
pendigits,50,3,0.1,4.0,1.906553193948008,0.7398750627153565,0.5571955719557196,3.8326913499421154
pendigits,50,4,0.1,4.0,1.9064395298657613,0.7399673521214006,0.5387453874538746,3.832690025907626
pendigits,50,5,0.1,4.0,1.906506422261785,0.7400922166392667,0.5535055350553506,3.832696644551751
pendigits,50,6,0.1,4.0,1.9067162088197178,0.7398350724359954,0.5304428044280443,3.8326895891751254
pendigits,50,7,0.1,4.0,1.9676426318649312,0.7796231549148841,0.683579335793358,3.8942925878224353
pendigits,50,8,0.1,4.0,1.9069920136314842,0.7398740438816626,0.5507380073800738,3.8326892600962514
pendigits,50,9,0.1,4.0,1.9070374735212425,0.7398402480643818,0.5461254612546126,3.8326907445806455
pendigits,50,10,0.1,4.0,1.9067292433197032,0.7396626616715429,0.5387453874538746,3.8326882026615317
pendigits,50,11,0.1,4.0,1.906879139508332,0.7397937411614323,0.5322878228782287,3.832691638087508
pendigits,50,12,0.1,4.0,1.9069402162199882,0.7399138096200095,0.5378228782287823,3.8326913902161577
pendigits,50,13,0.1,4.0,1.7139814453649183,0.7620283923451264,0.6042435424354243,3.9040422656283424
pendigits,50,14,0.1,4.0,1.9065973621512702,0.7398975962512244,0.5396678966789668,3.83269133790858
pendigits,50,15,0.1,4.0,1.9666988921654067,0.7796909378248513,0.6697416974169742,3.8943087444828017
pendigits,50,16,0.1,4.0,1.9714320478294578,0.7261990430728751,0.5212177121771218,3.99812362788726
pendigits,50,17,0.1,4.0,1.9061899063178773,0.7399346913764442,0.5627306273062731,3.8326904885498867
pendigits,50,18,0.1,4.0,1.9664984358305706,0.7797130777297255,0.6577490774907749,3.8943208515457814
pendigits,50,19,0.1,4.0,1.9071003432634979,0.7397236805233223,0.5415129151291513,3.8326905182722624
digits_pca16,50,0,0.05,4.0,1.9085371524417318,0.7722214429701046,0.4,7.714170478537377
digits_pca16,50,1,0.05,4.0,1.8978762748942835,0.7672627724512389,0.4722222222222222,7.708195968575777
digits_pca16,50,2,0.05,4.0,1.867507538974198,0.7821155247016044,0.6388888888888888,7.745633714463662
digits_pca16,50,3,0.05,4.0,1.9493755343902737,0.7818884496891476,0.6271186440677966,7.736770227473269
digits_pca16,50,4,0.05,4.0,1.9669579704686357,0.8105767844023459,0.6555555555555556,7.738136965752188
digits_pca16,50,5,0.05,4.0,1.9069208659925532,0.749876438575434,0.5,7.69163533688744
digits_pca16,50,6,0.05,4.0,1.9125560088925198,0.8002577455307236,0.6777777777777778,7.727325920873467
digits_pca16,50,7,0.05,4.0,1.9496970674897003,0.7846102068935507,0.632768361581921,7.7372521632413385
digits_pca16,50,8,0.05,4.0,1.876390422647727,0.7229981865255442,0.5,7.70117881760356
digits_pca16,50,9,0.05,4.0,1.8196765179727497,0.754771408344521,0.4166666666666667,7.699139118059711
digits_pca16,50,10,0.05,4.0,1.906603739939258,0.7499923106103925,0.5111111111111111,7.691633429960653
digits_pca16,50,11,0.05,4.0,1.9141135225285875,0.7767125922198257,0.4722222222222222,7.717584026180926
digits_pca16,50,12,0.05,4.0,1.8895396386610326,0.7628458452165149,0.4111111111111111,7.705213722276273
digits_pca16,50,13,0.05,4.0,1.9065585182897289,0.7499671295647167,0.5388888888888889,7.691634299127456
digits_pca16,50,14,0.05,4.0,1.7917235470791353,0.7420900409172411,0.42777777777777776,7.719825054645908
digits_pca16,50,15,0.05,4.0,2.121374792022183,0.7536565840126664,0.5055555555555555,7.698632187015619
digits_pca16,50,16,0.05,4.0,1.8478463053181973,0.7156092275185065,0.4888888888888889,7.700918618396588
digits_pca16,50,17,0.05,4.0,1.9053692998454608,0.7498453489228569,0.5333333333333333,7.691639265884485
digits_pca16,50,18,0.05,4.0,1.398221710507259,0.7435232561994132,0.6271186440677966,7.774410590715681
digits_pca16,50,19,0.05,4.0,1.967168580206195,0.8106056690915452,0.7,7.7387423996525
digits_pca32,50,0,0.1,1.0,2.082269413436605,0.6903040443045321,0.5666666666666667,24.160075231607895
digits_pca32,50,1,0.1,1.0,2.2006333533393416,0.6790079755486952,0.49444444444444446,24.03127997730397
digits_pca32,50,2,0.1,1.0,2.3872938993989505,0.7200722156957474,0.38333333333333336,24.029633659493413
digits_pca32,50,3,0.1,1.0,2.1579976900916984,0.7357429770479361,0.5568181818181818,24.013438237843413
digits_pca32,50,4,0.1,1.0,2.237781216597693,0.6659972996794042,0.4111111111111111,24.17106491650432
digits_pca32,50,5,0.1,1.0,2.2011876767154632,0.6980375843363055,0.4088397790055249,23.9861455868626
digits_pca32,50,6,0.1,1.0,2.2816551041285136,0.7821856799180762,0.6222222222222222,23.947425396462123
digits_pca32,50,7,0.1,1.0,2.373880400650534,0.7543464173903032,0.4111111111111111,23.881020948248683
digits_pca32,50,8,0.1,1.0,2.1769646946681886,0.7101652330670187,0.39444444444444443,23.80912237423409
digits_pca32,50,9,0.1,1.0,2.046686085654525,0.7101686251548227,0.5966850828729282,23.978655129740105
digits_pca32,50,10,0.1,1.0,1.8675812640796394,0.7085402992161859,0.5888888888888889,23.978731291159527
digits_pca32,50,11,0.1,1.0,2.50231047808274,0.8351485960184923,0.5666666666666667,23.943577547590202
digits_pca32,50,12,0.1,1.0,2.3299277684717357,0.7859134734759075,0.5333333333333333,23.923677643808922
digits_pca32,50,13,0.1,1.0,2.4533508149939958,0.792644369491533,0.6333333333333333,23.92749042432556
digits_pca32,50,14,0.1,1.0,2.166116733094765,0.6847579407776763,0.38333333333333336,23.92002232004689
digits_pca32,50,15,0.1,1.0,2.298722282767191,0.7869862917438539,0.5333333333333333,23.925720320789612
digits_pca32,50,16,0.1,1.0,2.4758688930645176,0.7440430613977794,0.6,23.92315031177623
digits_pca32,50,17,0.1,1.0,1.968904960093614,0.6106943843375621,0.3701657458563536,24.168926902065632
digits_pca32,50,18,0.1,1.0,2.4684941607453785,0.7137304394760238,0.5166666666666667,24.040808485630116
digits_pca32,50,19,0.1,1.0,2.4639695054390987,0.6966910322607526,0.5875706214689266,24.08150802625782
letter,50,0,0.2,2.0,0.9249143589072554,0.28311141908974324,0.1783980582524272,4.99879957396465
letter,50,1,0.2,2.0,0.6662894311576993,0.31441514218982747,0.20631067961165048,4.920235765198876
letter,50,2,0.2,2.0,1.1736314583554923,0.29365235283288466,0.20266990291262135,4.91617380081613
letter,50,3,0.2,2.0,1.0723165081904038,0.2915867995435083,0.19842233009708737,4.903972042497535
letter,50,4,0.2,2.0,1.3218251740399987,0.29103923164992795,0.21419902912621358,4.885838683422845
letter,50,5,0.2,2.0,1.5512488386586158,0.28553180355779195,0.2008495145631068,4.883939441338946
letter,50,6,0.2,2.0,1.1903141251901637,0.290802653264205,0.20631067961165048,4.885954860440589
letter,50,7,0.2,2.0,1.177475815587403,0.2856173167895325,0.18810679611650485,4.886227600771313
letter,50,8,0.2,2.0,1.356769479708044,0.29689104971098706,0.20691747572815533,4.89345092066613
letter,50,9,0.2,2.0,0.8591973570065219,0.2835693069202967,0.19902912621359223,4.889895371179792
letter,50,10,0.2,2.0,1.5408572842119697,0.2939139922229312,0.20570388349514562,4.917772791422004
letter,50,11,0.2,2.0,0.9270307317808051,0.2969899577774465,0.18484288354898337,4.9893957504973745
letter,50,12,0.2,2.0,1.3310596608180618,0.31957604231994796,0.2032766990291262,4.909571600090779
letter,50,13,0.2,2.0,0.8260104685097079,0.29384007714198124,0.19781553398058252,4.901589616309481
letter,50,14,0.2,2.0,1.1541515023828388,0.29649698617086995,0.20934466019417475,4.904992353108658
letter,50,15,0.2,2.0,0.9890001561108132,0.28528810486886774,0.18385922330097088,4.931082632880786
letter,50,16,0.2,2.0,1.3137158241901818,0.2923795152522281,0.20934466019417475,4.889128431003297
letter,50,17,0.2,2.0,1.2560095677577578,0.2891979733881547,0.19356796116504854,4.888228224084406
letter,50,18,0.2,2.0,0.8122251421614699,0.3141555681521764,0.2263349514563107,4.889793524494572
letter,50,19,0.2,2.0,0.31070309656468575,0.3150032798306864,0.20691747572815533,4.912658639568208
