dataset,L,m,eta_l,eta_g,rel_obj_gap,n_stable
cluster_skew_hard,50,2.0,0.05,0.5,8.168747850955715e-12,22
cluster_skew_overlap,50,2.0,0.05,4.0,6.95409694996507e-13,26
dirichlet_0.03,50,2.0,0.05,4.0,8.866699394455838e-10,20
dirichlet_0.1,50,2.0,0.05,4.0,3.4328052324877034e-12,23
overlap_noise,50,2.0,0.05,4.0,1.7598048525521406e-12,25
quantity_skew_extreme,50,2.0,0.05,4.0,0.0037206473186248033,20
wine,50,2.0,0.05,0.5,0.00010485757589472171,22
satimage,50,2.0,1.0,0.5,0.0025541969378142623,25
pendigits,50,1.5,0.1,4.0,1.0310863482604268e-05,27
digits_pca16,50,1.3,0.05,4.0,0.003810705481600185,25
digits_pca32,50,1.1,0.1,1.0,0.0020946499365001097,20
letter,50,1.3,0.2,2.0,0.001768549539773708,29
