block,hyp,metric,dataset,n,n_nan,n_eff,p_exact,status,p_holm,p_holm_nanloss,min_client_n_test,test_acc_unreliable,w_plus,p_legacy,mean_diff_raw,ci95_lo,ci95_hi,mean_diff_oriented,direction,p_exact_nanloss
s00-00,EC-GF,test_fcm_obj,cluster_skew_hard,0,0,0,1.0,no data,1.0,1.0,,0,,,,,,,,
s00-00,EC-GF,test_fcm_obj,cluster_skew_overlap,0,0,0,1.0,no data,1.0,1.0,,0,,,,,,,,
s00-00,EC-GF,test_fcm_obj,dirichlet_0.03,0,0,0,1.0,no data,1.0,1.0,,0,,,,,,,,
s00-00,EC-GF,test_fcm_obj,dirichlet_0.1,0,0,0,1.0,no data,1.0,1.0,,0,,,,,,,,
s00-00,EC-GF,test_fcm_obj,overlap_noise,0,0,0,1.0,no data,1.0,1.0,,0,,,,,,,,
s00-00,EC-GF,test_fcm_obj,quantity_skew_extreme,0,0,0,1.0,no data,1.0,1.0,,0,,,,,,,,
s00-00,EC-GF,test_fcm_obj,wine,1,0,1,1.0,ok,1.0,1.0,3,0,0.0,1.0,0.12302161705998671,nan,nan,-0.12302161705998671,b,1.0
s00-00,EC-GF,test_fcm_obj,satimage,0,0,0,1.0,no data,1.0,1.0,,0,,,,,,,,
s00-00,EC-GF,test_fcm_obj,pendigits,0,0,0,1.0,no data,1.0,1.0,,0,,,,,,,,
s00-00,EC-GF,test_fcm_obj,digits_pca16,0,0,0,1.0,no data,1.0,1.0,,0,,,,,,,,
s00-00,EC-GF,test_fcm_obj,digits_pca32,0,0,0,1.0,no data,1.0,1.0,,0,,,,,,,,
s00-00,EC-GF,test_fcm_obj,letter,0,0,0,1.0,no data,1.0,1.0,,0,,,,,,,,
s00-00,EC-GF,test_fcm_obj,mnist784_pca32 (20c),0,0,0,1.0,no data,1.0,1.0,,0,,,,,,,,
s00-00,EC-GF,test_fcm_obj,mnist784_pca32 (50c),0,0,0,1.0,no data,1.0,1.0,,0,,,,,,,,
s00-00,EC-PREMASS,test_fcm_obj,cluster_skew_hard,0,0,0,1.0,no data,1.0,1.0,,0,,,,,,,,
s00-00,EC-PREMASS,test_fcm_obj,cluster_skew_overlap,0,0,0,1.0,no data,1.0,1.0,,0,,,,,,,,
s00-00,EC-PREMASS,test_fcm_obj,dirichlet_0.03,0,0,0,1.0,no data,1.0,1.0,,0,,,,,,,,
s00-00,EC-PREMASS,test_fcm_obj,dirichlet_0.1,0,0,0,1.0,no data,1.0,1.0,,0,,,,,,,,
s00-00,EC-PREMASS,test_fcm_obj,overlap_noise,0,0,0,1.0,no data,1.0,1.0,,0,,,,,,,,
s00-00,EC-PREMASS,test_fcm_obj,quantity_skew_extreme,0,0,0,1.0,no data,1.0,1.0,,0,,,,,,,,
s00-00,EC-PREMASS,test_fcm_obj,wine,1,0,1,1.0,ok,1.0,1.0,3,0,0.0,1.0,0.10922527460440978,nan,nan,-0.10922527460440978,b,1.0
s00-00,EC-PREMASS,test_fcm_obj,satimage,0,0,0,1.0,no data,1.0,1.0,,0,,,,,,,,
s00-00,EC-PREMASS,test_fcm_obj,pendigits,0,0,0,1.0,no data,1.0,1.0,,0,,,,,,,,
s00-00,EC-PREMASS,test_fcm_obj,digits_pca16,0,0,0,1.0,no data,1.0,1.0,,0,,,,,,,,
s00-00,EC-PREMASS,test_fcm_obj,digits_pca32,0,0,0,1.0,no data,1.0,1.0,,0,,,,,,,,
s00-00,EC-PREMASS,test_fcm_obj,letter,0,0,0,1.0,no data,1.0,1.0,,0,,,,,,,,
s00-00,EC-PREMASS,test_fcm_obj,mnist784_pca32 (20c),0,0,0,1.0,no data,1.0,1.0,,0,,,,,,,,
s00-00,EC-PREMASS,test_fcm_obj,mnist784_pca32 (50c),0,0,0,1.0,no data,1.0,1.0,,0,,,,,,,,
s00-00,EC-GF,test_gacc_trmap,cluster_skew_hard,0,0,0,1.0,no data,1.0,1.0,,0,,,,,,,,
s00-00,EC-GF,test_gacc_trmap,cluster_skew_overlap,0,0,0,1.0,no data,1.0,1.0,,0,,,,,,,,
s00-00,EC-GF,test_gacc_trmap,dirichlet_0.03,0,0,0,1.0,no data,1.0,1.0,,0,,,,,,,,
s00-00,EC-GF,test_gacc_trmap,dirichlet_0.1,0,0,0,1.0,no data,1.0,1.0,,0,,,,,,,,
s00-00,EC-GF,test_gacc_trmap,overlap_noise,0,0,0,1.0,no data,1.0,1.0,,0,,,,,,,,
s00-00,EC-GF,test_gacc_trmap,quantity_skew_extreme,0,0,0,1.0,no data,1.0,1.0,,0,,,,,,,,
s00-00,EC-GF,test_gacc_trmap,wine,1,0,1,1.0,ok,1.0,1.0,3,1,0.0,1.0,-0.05405405405405406,nan,nan,-0.05405405405405406,b,1.0
s00-00,EC-GF,test_gacc_trmap,satimage,0,0,0,1.0,no data,1.0,1.0,,0,,,,,,,,
s00-00,EC-GF,test_gacc_trmap,pendigits,0,0,0,1.0,no data,1.0,1.0,,0,,,,,,,,
s00-00,EC-GF,test_gacc_trmap,digits_pca16,0,0,0,1.0,no data,1.0,1.0,,0,,,,,,,,
s00-00,EC-GF,test_gacc_trmap,digits_pca32,0,0,0,1.0,no data,1.0,1.0,,0,,,,,,,,
s00-00,EC-GF,test_gacc_trmap,letter,0,0,0,1.0,no data,1.0,1.0,,0,,,,,,,,
s00-00,EC-GF,test_gacc_trmap,mnist784_pca32 (20c),0,0,0,1.0,no data,1.0,1.0,,0,,,,,,,,
s00-00,EC-GF,test_gacc_trmap,mnist784_pca32 (50c),0,0,0,1.0,no data,1.0,1.0,,0,,,,,,,,
s00-00,EC-PREMASS,test_gacc_trmap,cluster_skew_hard,0,0,0,1.0,no data,1.0,1.0,,0,,,,,,,,
s00-00,EC-PREMASS,test_gacc_trmap,cluster_skew_overlap,0,0,0,1.0,no data,1.0,1.0,,0,,,,,,,,
s00-00,EC-PREMASS,test_gacc_trmap,dirichlet_0.03,0,0,0,1.0,no data,1.0,1.0,,0,,,,,,,,
s00-00,EC-PREMASS,test_gacc_trmap,dirichlet_0.1,0,0,0,1.0,no data,1.0,1.0,,0,,,,,,,,
s00-00,EC-PREMASS,test_gacc_trmap,overlap_noise,0,0,0,1.0,no data,1.0,1.0,,0,,,,,,,,
s00-00,EC-PREMASS,test_gacc_trmap,quantity_skew_extreme,0,0,0,1.0,no data,1.0,1.0,,0,,,,,,,,
s00-00,EC-PREMASS,test_gacc_trmap,wine,1,0,1,1.0,ok,1.0,1.0,3,1,0.0,1.0,-0.10810810810810811,nan,nan,-0.10810810810810811,b,1.0
s00-00,EC-PREMASS,test_gacc_trmap,satimage,0,0,0,1.0,no data,1.0,1.0,,0,,,,,,,,
s00-00,EC-PREMASS,test_gacc_trmap,pendigits,0,0,0,1.0,no data,1.0,1.0,,0,,,,,,,,
s00-00,EC-PREMASS,test_gacc_trmap,digits_pca16,0,0,0,1.0,no data,1.0,1.0,,0,,,,,,,,
s00-00,EC-PREMASS,test_gacc_trmap,digits_pca32,0,0,0,1.0,no data,1.0,1.0,,0,,,,,,,,
s00-00,EC-PREMASS,test_gacc_trmap,letter,0,0,0,1.0,no data,1.0,1.0,,0,,,,,,,,
s00-00,EC-PREMASS,test_gacc_trmap,mnist784_pca32 (20c),0,0,0,1.0,no data,1.0,1.0,,0,,,,,,,,
s00-00,EC-PREMASS,test_gacc_trmap,mnist784_pca32 (50c),0,0,0,1.0,no data,1.0,1.0,,0,,,,,,,,
s00-00,EC-GF,test_mean_acc_trmap,cluster_skew_hard,0,0,0,1.0,no data,1.0,1.0,,0,,,,,,,,
s00-00,EC-GF,test_mean_acc_trmap,cluster_skew_overlap,0,0,0,1.0,no data,1.0,1.0,,0,,,,,,,,
s00-00,EC-GF,test_mean_acc_trmap,dirichlet_0.03,0,0,0,1.0,no data,1.0,1.0,,0,,,,,,,,
s00-00,EC-GF,test_mean_acc_trmap,dirichlet_0.1,0,0,0,1.0,no data,1.0,1.0,,0,,,,,,,,
s00-00,EC-GF,test_mean_acc_trmap,overlap_noise,0,0,0,1.0,no data,1.0,1.0,,0,,,,,,,,
s00-00,EC-GF,test_mean_acc_trmap,quantity_skew_extreme,0,0,0,1.0,no data,1.0,1.0,,0,,,,,,,,
s00-00,EC-GF,test_mean_acc_trmap,wine,1,0,1,1.0,ok,1.0,1.0,3,1,0.0,1.0,-0.04999999999999993,nan,nan,-0.04999999999999993,b,1.0
s00-00,EC-GF,test_mean_acc_trmap,satimage,0,0,0,1.0,no data,1.0,1.0,,0,,,,,,,,
s00-00,EC-GF,test_mean_acc_trmap,pendigits,0,0,0,1.0,no data,1.0,1.0,,0,,,,,,,,
s00-00,EC-GF,test_mean_acc_trmap,digits_pca16,0,0,0,1.0,no data,1.0,1.0,,0,,,,,,,,
s00-00,EC-GF,test_mean_acc_trmap,digits_pca32,0,0,0,1.0,no data,1.0,1.0,,0,,,,,,,,
s00-00,EC-GF,test_mean_acc_trmap,letter,0,0,0,1.0,no data,1.0,1.0,,0,,,,,,,,
s00-00,EC-GF,test_mean_acc_trmap,mnist784_pca32 (20c),0,0,0,1.0,no data,1.0,1.0,,0,,,,,,,,
s00-00,EC-GF,test_mean_acc_trmap,mnist784_pca32 (50c),0,0,0,1.0,no data,1.0,1.0,,0,,,,,,,,
s00-00,EC-PREMASS,test_mean_acc_trmap,cluster_skew_hard,0,0,0,1.0,no data,1.0,1.0,,0,,,,,,,,
s00-00,EC-PREMASS,test_mean_acc_trmap,cluster_skew_overlap,0,0,0,1.0,no data,1.0,1.0,,0,,,,,,,,
s00-00,EC-PREMASS,test_mean_acc_trmap,dirichlet_0.03,0,0,0,1.0,no data,1.0,1.0,,0,,,,,,,,
s00-00,EC-PREMASS,test_mean_acc_trmap,dirichlet_0.1,0,0,0,1.0,no data,1.0,1.0,,0,,,,,,,,
s00-00,EC-PREMASS,test_mean_acc_trmap,overlap_noise,0,0,0,1.0,no data,1.0,1.0,,0,,,,,,,,
s00-00,EC-PREMASS,test_mean_acc_trmap,quantity_skew_extreme,0,0,0,1.0,no data,1.0,1.0,,0,,,,,,,,
s00-00,EC-PREMASS,test_mean_acc_trmap,wine,1,0,1,1.0,ok,1.0,1.0,3,1,0.0,1.0,-0.09999999999999998,nan,nan,-0.09999999999999998,b,1.0
s00-00,EC-PREMASS,test_mean_acc_trmap,satimage,0,0,0,1.0,no data,1.0,1.0,,0,,,,,,,,
s00-00,EC-PREMASS,test_mean_acc_trmap,pendigits,0,0,0,1.0,no data,1.0,1.0,,0,,,,,,,,
s00-00,EC-PREMASS,test_mean_acc_trmap,digits_pca16,0,0,0,1.0,no data,1.0,1.0,,0,,,,,,,,
s00-00,EC-PREMASS,test_mean_acc_trmap,digits_pca32,0,0,0,1.0,no data,1.0,1.0,,0,,,,,,,,
s00-00,EC-PREMASS,test_mean_acc_trmap,letter,0,0,0,1.0,no data,1.0,1.0,,0,,,,,,,,
s00-00,EC-PREMASS,test_mean_acc_trmap,mnist784_pca32 (20c),0,0,0,1.0,no data,1.0,1.0,,0,,,,,,,,
s00-00,EC-PREMASS,test_mean_acc_trmap,mnist784_pca32 (50c),0,0,0,1.0,no data,1.0,1.0,,0,,,,,,,,
s00-00,EC-GF,test_worst_acc_trmap,cluster_skew_hard,0,0,0,1.0,no data,1.0,1.0,,0,,,,,,,,
s00-00,EC-GF,test_worst_acc_trmap,cluster_skew_overlap,0,0,0,1.0,no data,1.0,1.0,,0,,,,,,,,
s00-00,EC-GF,test_worst_acc_trmap,dirichlet_0.03,0,0,0,1.0,no data,1.0,1.0,,0,,,,,,,,
s00-00,EC-GF,test_worst_acc_trmap,dirichlet_0.1,0,0,0,1.0,no data,1.0,1.0,,0,,,,,,,,
s00-00,EC-GF,test_worst_acc_trmap,overlap_noise,0,0,0,1.0,no data,1.0,1.0,,0,,,,,,,,
s00-00,EC-GF,test_worst_acc_trmap,quantity_skew_extreme,0,0,0,1.0,no data,1.0,1.0,,0,,,,,,,,
s00-00,EC-GF,test_worst_acc_trmap,wine,1,0,0,1.0,all zero,1.0,1.0,3,1,nan,,0.0,nan,nan,0.0,0,1.0
s00-00,EC-GF,test_worst_acc_trmap,satimage,0,0,0,1.0,no data,1.0,1.0,,0,,,,,,,,
s00-00,EC-GF,test_worst_acc_trmap,pendigits,0,0,0,1.0,no data,1.0,1.0,,0,,,,,,,,
s00-00,EC-GF,test_worst_acc_trmap,digits_pca16,0,0,0,1.0,no data,1.0,1.0,,0,,,,,,,,
s00-00,EC-GF,test_worst_acc_trmap,digits_pca32,0,0,0,1.0,no data,1.0,1.0,,0,,,,,,,,
s00-00,EC-GF,test_worst_acc_trmap,letter,0,0,0,1.0,no data,1.0,1.0,,0,,,,,,,,
s00-00,EC-GF,test_worst_acc_trmap,mnist784_pca32 (20c),0,0,0,1.0,no data,1.0,1.0,,0,,,,,,,,
s00-00,EC-GF,test_worst_acc_trmap,mnist784_pca32 (50c),0,0,0,1.0,no data,1.0,1.0,,0,,,,,,,,
s00-00,EC-PREMASS,test_worst_acc_trmap,cluster_skew_hard,0,0,0,1.0,no data,1.0,1.0,,0,,,,,,,,
s00-00,EC-PREMASS,test_worst_acc_trmap,cluster_skew_overlap,0,0,0,1.0,no data,1.0,1.0,,0,,,,,,,,
s00-00,EC-PREMASS,test_worst_acc_trmap,dirichlet_0.03,0,0,0,1.0,no data,1.0,1.0,,0,,,,,,,,
s00-00,EC-PREMASS,test_worst_acc_trmap,dirichlet_0.1,0,0,0,1.0,no data,1.0,1.0,,0,,,,,,,,
s00-00,EC-PREMASS,test_worst_acc_trmap,overlap_noise,0,0,0,1.0,no data,1.0,1.0,,0,,,,,,,,
s00-00,EC-PREMASS,test_worst_acc_trmap,quantity_skew_extreme,0,0,0,1.0,no data,1.0,1.0,,0,,,,,,,,
s00-00,EC-PREMASS,test_worst_acc_trmap,wine,1,0,1,1.0,ok,1.0,1.0,3,1,0.0,1.0,-0.25,nan,nan,-0.25,b,1.0
s00-00,EC-PREMASS,test_worst_acc_trmap,satimage,0,0,0,1.0,no data,1.0,1.0,,0,,,,,,,,
s00-00,EC-PREMASS,test_worst_acc_trmap,pendigits,0,0,0,1.0,no data,1.0,1.0,,0,,,,,,,,
s00-00,EC-PREMASS,test_worst_acc_trmap,digits_pca16,0,0,0,1.0,no data,1.0,1.0,,0,,,,,,,,
s00-00,EC-PREMASS,test_worst_acc_trmap,digits_pca32,0,0,0,1.0,no data,1.0,1.0,,0,,,,,,,,
s00-00,EC-PREMASS,test_worst_acc_trmap,letter,0,0,0,1.0,no data,1.0,1.0,,0,,,,,,,,
s00-00,EC-PREMASS,test_worst_acc_trmap,mnist784_pca32 (20c),0,0,0,1.0,no data,1.0,1.0,,0,,,,,,,,
s00-00,EC-PREMASS,test_worst_acc_trmap,mnist784_pca32 (50c),0,0,0,1.0,no data,1.0,1.0,,0,,,,,,,,
s00-00,EC-GF,test_gacc,cluster_skew_hard,0,0,0,1.0,no data,1.0,1.0,,0,,,,,,,,
s00-00,EC-GF,test_gacc,cluster_skew_overlap,0,0,0,1.0,no data,1.0,1.0,,0,,,,,,,,
s00-00,EC-GF,test_gacc,dirichlet_0.03,0,0,0,1.0,no data,1.0,1.0,,0,,,,,,,,
s00-00,EC-GF,test_gacc,dirichlet_0.1,0,0,0,1.0,no data,1.0,1.0,,0,,,,,,,,
s00-00,EC-GF,test_gacc,overlap_noise,0,0,0,1.0,no data,1.0,1.0,,0,,,,,,,,
s00-00,EC-GF,test_gacc,quantity_skew_extreme,0,0,0,1.0,no data,1.0,1.0,,0,,,,,,,,
s00-00,EC-GF,test_gacc,wine,1,0,1,1.0,ok,1.0,1.0,3,1,0.0,1.0,-0.05405405405405406,nan,nan,-0.05405405405405406,b,1.0
s00-00,EC-GF,test_gacc,satimage,0,0,0,1.0,no data,1.0,1.0,,0,,,,,,,,
s00-00,EC-GF,test_gacc,pendigits,0,0,0,1.0,no data,1.0,1.0,,0,,,,,,,,
s00-00,EC-GF,test_gacc,digits_pca16,0,0,0,1.0,no data,1.0,1.0,,0,,,,,,,,
s00-00,EC-GF,test_gacc,digits_pca32,0,0,0,1.0,no data,1.0,1.0,,0,,,,,,,,
s00-00,EC-GF,test_gacc,letter,0,0,0,1.0,no data,1.0,1.0,,0,,,,,,,,
s00-00,EC-GF,test_gacc,mnist784_pca32 (20c),0,0,0,1.0,no data,1.0,1.0,,0,,,,,,,,
s00-00,EC-GF,test_gacc,mnist784_pca32 (50c),0,0,0,1.0,no data,1.0,1.0,,0,,,,,,,,
s00-00,EC-PREMASS,test_gacc,cluster_skew_hard,0,0,0,1.0,no data,1.0,1.0,,0,,,,,,,,
s00-00,EC-PREMASS,test_gacc,cluster_skew_overlap,0,0,0,1.0,no data,1.0,1.0,,0,,,,,,,,
s00-00,EC-PREMASS,test_gacc,dirichlet_0.03,0,0,0,1.0,no data,1.0,1.0,,0,,,,,,,,
s00-00,EC-PREMASS,test_gacc,dirichlet_0.1,0,0,0,1.0,no data,1.0,1.0,,0,,,,,,,,
s00-00,EC-PREMASS,test_gacc,overlap_noise,0,0,0,1.0,no data,1.0,1.0,,0,,,,,,,,
s00-00,EC-PREMASS,test_gacc,quantity_skew_extreme,0,0,0,1.0,no data,1.0,1.0,,0,,,,,,,,
s00-00,EC-PREMASS,test_gacc,wine,1,0,1,1.0,ok,1.0,1.0,3,1,0.0,1.0,-0.10810810810810811,nan,nan,-0.10810810810810811,b,1.0
s00-00,EC-PREMASS,test_gacc,satimage,0,0,0,1.0,no data,1.0,1.0,,0,,,,,,,,
s00-00,EC-PREMASS,test_gacc,pendigits,0,0,0,1.0,no data,1.0,1.0,,0,,,,,,,,
s00-00,EC-PREMASS,test_gacc,digits_pca16,0,0,0,1.0,no data,1.0,1.0,,0,,,,,,,,
s00-00,EC-PREMASS,test_gacc,digits_pca32,0,0,0,1.0,no data,1.0,1.0,,0,,,,,,,,
s00-00,EC-PREMASS,test_gacc,letter,0,0,0,1.0,no data,1.0,1.0,,0,,,,,,,,
s00-00,EC-PREMASS,test_gacc,mnist784_pca32 (20c),0,0,0,1.0,no data,1.0,1.0,,0,,,,,,,,
s00-00,EC-PREMASS,test_gacc,mnist784_pca32 (50c),0,0,0,1.0,no data,1.0,1.0,,0,,,,,,,,
s00-00,EC-GF,test_mean_acc_refit,cluster_skew_hard,0,0,0,1.0,no data,1.0,1.0,,0,,,,,,,,
s00-00,EC-GF,test_mean_acc_refit,cluster_skew_overlap,0,0,0,1.0,no data,1.0,1.0,,0,,,,,,,,
s00-00,EC-GF,test_mean_acc_refit,dirichlet_0.03,0,0,0,1.0,no data,1.0,1.0,,0,,,,,,,,
s00-00,EC-GF,test_mean_acc_refit,dirichlet_0.1,0,0,0,1.0,no data,1.0,1.0,,0,,,,,,,,
s00-00,EC-GF,test_mean_acc_refit,overlap_noise,0,0,0,1.0,no data,1.0,1.0,,0,,,,,,,,
s00-00,EC-GF,test_mean_acc_refit,quantity_skew_extreme,0,0,0,1.0,no data,1.0,1.0,,0,,,,,,,,
s00-00,EC-GF,test_mean_acc_refit,wine,1,0,1,1.0,ok,1.0,1.0,3,1,0.0,1.0,-0.04999999999999993,nan,nan,-0.04999999999999993,b,1.0
s00-00,EC-GF,test_mean_acc_refit,satimage,0,0,0,1.0,no data,1.0,1.0,,0,,,,,,,,
s00-00,EC-GF,test_mean_acc_refit,pendigits,0,0,0,1.0,no data,1.0,1.0,,0,,,,,,,,
s00-00,EC-GF,test_mean_acc_refit,digits_pca16,0,0,0,1.0,no data,1.0,1.0,,0,,,,,,,,
s00-00,EC-GF,test_mean_acc_refit,digits_pca32,0,0,0,1.0,no data,1.0,1.0,,0,,,,,,,,
s00-00,EC-GF,test_mean_acc_refit,letter,0,0,0,1.0,no data,1.0,1.0,,0,,,,,,,,
s00-00,EC-GF,test_mean_acc_refit,mnist784_pca32 (20c),0,0,0,1.0,no data,1.0,1.0,,0,,,,,,,,
s00-00,EC-GF,test_mean_acc_refit,mnist784_pca32 (50c),0,0,0,1.0,no data,1.0,1.0,,0,,,,,,,,
s00-00,EC-PREMASS,test_mean_acc_refit,cluster_skew_hard,0,0,0,1.0,no data,1.0,1.0,,0,,,,,,,,
s00-00,EC-PREMASS,test_mean_acc_refit,cluster_skew_overlap,0,0,0,1.0,no data,1.0,1.0,,0,,,,,,,,
s00-00,EC-PREMASS,test_mean_acc_refit,dirichlet_0.03,0,0,0,1.0,no data,1.0,1.0,,0,,,,,,,,
s00-00,EC-PREMASS,test_mean_acc_refit,dirichlet_0.1,0,0,0,1.0,no data,1.0,1.0,,0,,,,,,,,
s00-00,EC-PREMASS,test_mean_acc_refit,overlap_noise,0,0,0,1.0,no data,1.0,1.0,,0,,,,,,,,
s00-00,EC-PREMASS,test_mean_acc_refit,quantity_skew_extreme,0,0,0,1.0,no data,1.0,1.0,,0,,,,,,,,
s00-00,EC-PREMASS,test_mean_acc_refit,wine,1,0,1,1.0,ok,1.0,1.0,3,1,0.0,1.0,-0.07499999999999996,nan,nan,-0.07499999999999996,b,1.0
s00-00,EC-PREMASS,test_mean_acc_refit,satimage,0,0,0,1.0,no data,1.0,1.0,,0,,,,,,,,
s00-00,EC-PREMASS,test_mean_acc_refit,pendigits,0,0,0,1.0,no data,1.0,1.0,,0,,,,,,,,
s00-00,EC-PREMASS,test_mean_acc_refit,digits_pca16,0,0,0,1.0,no data,1.0,1.0,,0,,,,,,,,
s00-00,EC-PREMASS,test_mean_acc_refit,digits_pca32,0,0,0,1.0,no data,1.0,1.0,,0,,,,,,,,
s00-00,EC-PREMASS,test_mean_acc_refit,letter,0,0,0,1.0,no data,1.0,1.0,,0,,,,,,,,
s00-00,EC-PREMASS,test_mean_acc_refit,mnist784_pca32 (20c),0,0,0,1.0,no data,1.0,1.0,,0,,,,,,,,
s00-00,EC-PREMASS,test_mean_acc_refit,mnist784_pca32 (50c),0,0,0,1.0,no data,1.0,1.0,,0,,,,,,,,
s00-00,EC-GF,fcm_obj,cluster_skew_hard,0,0,0,1.0,no data,1.0,1.0,,0,,,,,,,,
s00-00,EC-GF,fcm_obj,cluster_skew_overlap,0,0,0,1.0,no data,1.0,1.0,,0,,,,,,,,
s00-00,EC-GF,fcm_obj,dirichlet_0.03,0,0,0,1.0,no data,1.0,1.0,,0,,,,,,,,
s00-00,EC-GF,fcm_obj,dirichlet_0.1,0,0,0,1.0,no data,1.0,1.0,,0,,,,,,,,
s00-00,EC-GF,fcm_obj,overlap_noise,0,0,0,1.0,no data,1.0,1.0,,0,,,,,,,,
s00-00,EC-GF,fcm_obj,quantity_skew_extreme,0,0,0,1.0,no data,1.0,1.0,,0,,,,,,,,
s00-00,EC-GF,fcm_obj,wine,1,0,1,1.0,ok,1.0,1.0,3,0,1.0,1.0,-0.35940123240118726,nan,nan,0.35940123240118726,a,1.0
s00-00,EC-GF,fcm_obj,satimage,0,0,0,1.0,no data,1.0,1.0,,0,,,,,,,,
s00-00,EC-GF,fcm_obj,pendigits,0,0,0,1.0,no data,1.0,1.0,,0,,,,,,,,
s00-00,EC-GF,fcm_obj,digits_pca16,0,0,0,1.0,no data,1.0,1.0,,0,,,,,,,,
s00-00,EC-GF,fcm_obj,digits_pca32,0,0,0,1.0,no data,1.0,1.0,,0,,,,,,,,
s00-00,EC-GF,fcm_obj,letter,0,0,0,1.0,no data,1.0,1.0,,0,,,,,,,,
s00-00,EC-GF,fcm_obj,mnist784_pca32 (20c),0,0,0,1.0,no data,1.0,1.0,,0,,,,,,,,
s00-00,EC-GF,fcm_obj,mnist784_pca32 (50c),0,0,0,1.0,no data,1.0,1.0,,0,,,,,,,,
s00-00,EC-PREMASS,fcm_obj,cluster_skew_hard,0,0,0,1.0,no data,1.0,1.0,,0,,,,,,,,
s00-00,EC-PREMASS,fcm_obj,cluster_skew_overlap,0,0,0,1.0,no data,1.0,1.0,,0,,,,,,,,
s00-00,EC-PREMASS,fcm_obj,dirichlet_0.03,0,0,0,1.0,no data,1.0,1.0,,0,,,,,,,,
s00-00,EC-PREMASS,fcm_obj,dirichlet_0.1,0,0,0,1.0,no data,1.0,1.0,,0,,,,,,,,
s00-00,EC-PREMASS,fcm_obj,overlap_noise,0,0,0,1.0,no data,1.0,1.0,,0,,,,,,,,
s00-00,EC-PREMASS,fcm_obj,quantity_skew_extreme,0,0,0,1.0,no data,1.0,1.0,,0,,,,,,,,
s00-00,EC-PREMASS,fcm_obj,wine,1,0,1,1.0,ok,1.0,1.0,3,0,1.0,1.0,-0.4263444881646943,nan,nan,0.4263444881646943,a,1.0
s00-00,EC-PREMASS,fcm_obj,satimage,0,0,0,1.0,no data,1.0,1.0,,0,,,,,,,,
s00-00,EC-PREMASS,fcm_obj,pendigits,0,0,0,1.0,no data,1.0,1.0,,0,,,,,,,,
s00-00,EC-PREMASS,fcm_obj,digits_pca16,0,0,0,1.0,no data,1.0,1.0,,0,,,,,,,,
s00-00,EC-PREMASS,fcm_obj,digits_pca32,0,0,0,1.0,no data,1.0,1.0,,0,,,,,,,,
s00-00,EC-PREMASS,fcm_obj,letter,0,0,0,1.0,no data,1.0,1.0,,0,,,,,,,,
s00-00,EC-PREMASS,fcm_obj,mnist784_pca32 (20c),0,0,0,1.0,no data,1.0,1.0,,0,,,,,,,,
s00-00,EC-PREMASS,fcm_obj,mnist784_pca32 (50c),0,0,0,1.0,no data,1.0,1.0,,0,,,,,,,,
s00-00,EC-GF,mean_acc,cluster_skew_hard,0,0,0,1.0,no data,1.0,1.0,,0,,,,,,,,
s00-00,EC-GF,mean_acc,cluster_skew_overlap,0,0,0,1.0,no data,1.0,1.0,,0,,,,,,,,
s00-00,EC-GF,mean_acc,dirichlet_0.03,0,0,0,1.0,no data,1.0,1.0,,0,,,,,,,,
s00-00,EC-GF,mean_acc,dirichlet_0.1,0,0,0,1.0,no data,1.0,1.0,,0,,,,,,,,
s00-00,EC-GF,mean_acc,overlap_noise,0,0,0,1.0,no data,1.0,1.0,,0,,,,,,,,
s00-00,EC-GF,mean_acc,quantity_skew_extreme,0,0,0,1.0,no data,1.0,1.0,,0,,,,,,,,
s00-00,EC-GF,mean_acc,wine,1,0,1,1.0,ok,1.0,1.0,3,0,0.0,1.0,-0.04965659340659345,nan,nan,-0.04965659340659345,b,1.0
s00-00,EC-GF,mean_acc,satimage,0,0,0,1.0,no data,1.0,1.0,,0,,,,,,,,
s00-00,EC-GF,mean_acc,pendigits,0,0,0,1.0,no data,1.0,1.0,,0,,,,,,,,
s00-00,EC-GF,mean_acc,digits_pca16,0,0,0,1.0,no data,1.0,1.0,,0,,,,,,,,
s00-00,EC-GF,mean_acc,digits_pca32,0,0,0,1.0,no data,1.0,1.0,,0,,,,,,,,
s00-00,EC-GF,mean_acc,letter,0,0,0,1.0,no data,1.0,1.0,,0,,,,,,,,
s00-00,EC-GF,mean_acc,mnist784_pca32 (20c),0,0,0,1.0,no data,1.0,1.0,,0,,,,,,,,
s00-00,EC-GF,mean_acc,mnist784_pca32 (50c),0,0,0,1.0,no data,1.0,1.0,,0,,,,,,,,
s00-00,EC-PREMASS,mean_acc,cluster_skew_hard,0,0,0,1.0,no data,1.0,1.0,,0,,,,,,,,
s00-00,EC-PREMASS,mean_acc,cluster_skew_overlap,0,0,0,1.0,no data,1.0,1.0,,0,,,,,,,,
s00-00,EC-PREMASS,mean_acc,dirichlet_0.03,0,0,0,1.0,no data,1.0,1.0,,0,,,,,,,,
s00-00,EC-PREMASS,mean_acc,dirichlet_0.1,0,0,0,1.0,no data,1.0,1.0,,0,,,,,,,,
s00-00,EC-PREMASS,mean_acc,overlap_noise,0,0,0,1.0,no data,1.0,1.0,,0,,,,,,,,
s00-00,EC-PREMASS,mean_acc,quantity_skew_extreme,0,0,0,1.0,no data,1.0,1.0,,0,,,,,,,,
s00-00,EC-PREMASS,mean_acc,wine,1,0,1,1.0,ok,1.0,1.0,3,0,0.0,1.0,-0.06346611721611728,nan,nan,-0.06346611721611728,b,1.0
s00-00,EC-PREMASS,mean_acc,satimage,0,0,0,1.0,no data,1.0,1.0,,0,,,,,,,,
s00-00,EC-PREMASS,mean_acc,pendigits,0,0,0,1.0,no data,1.0,1.0,,0,,,,,,,,
s00-00,EC-PREMASS,mean_acc,digits_pca16,0,0,0,1.0,no data,1.0,1.0,,0,,,,,,,,
s00-00,EC-PREMASS,mean_acc,digits_pca32,0,0,0,1.0,no data,1.0,1.0,,0,,,,,,,,
s00-00,EC-PREMASS,mean_acc,letter,0,0,0,1.0,no data,1.0,1.0,,0,,,,,,,,
s00-00,EC-PREMASS,mean_acc,mnist784_pca32 (20c),0,0,0,1.0,no data,1.0,1.0,,0,,,,,,,,
s00-00,EC-PREMASS,mean_acc,mnist784_pca32 (50c),0,0,0,1.0,no data,1.0,1.0,,0,,,,,,,,
s00-00,EC-GF,gacc,cluster_skew_hard,0,0,0,1.0,no data,1.0,1.0,,0,,,,,,,,
s00-00,EC-GF,gacc,cluster_skew_overlap,0,0,0,1.0,no data,1.0,1.0,,0,,,,,,,,
s00-00,EC-GF,gacc,dirichlet_0.03,0,0,0,1.0,no data,1.0,1.0,,0,,,,,,,,
s00-00,EC-GF,gacc,dirichlet_0.1,0,0,0,1.0,no data,1.0,1.0,,0,,,,,,,,
s00-00,EC-GF,gacc,overlap_noise,0,0,0,1.0,no data,1.0,1.0,,0,,,,,,,,
s00-00,EC-GF,gacc,quantity_skew_extreme,0,0,0,1.0,no data,1.0,1.0,,0,,,,,,,,
s00-00,EC-GF,gacc,wine,1,0,1,1.0,ok,1.0,1.0,3,0,0.0,1.0,-0.049645390070921946,nan,nan,-0.049645390070921946,b,1.0
s00-00,EC-GF,gacc,satimage,0,0,0,1.0,no data,1.0,1.0,,0,,,,,,,,
s00-00,EC-GF,gacc,pendigits,0,0,0,1.0,no data,1.0,1.0,,0,,,,,,,,
s00-00,EC-GF,gacc,digits_pca16,0,0,0,1.0,no data,1.0,1.0,,0,,,,,,,,
s00-00,EC-GF,gacc,digits_pca32,0,0,0,1.0,no data,1.0,1.0,,0,,,,,,,,
s00-00,EC-GF,gacc,letter,0,0,0,1.0,no data,1.0,1.0,,0,,,,,,,,
s00-00,EC-GF,gacc,mnist784_pca32 (20c),0,0,0,1.0,no data,1.0,1.0,,0,,,,,,,,
s00-00,EC-GF,gacc,mnist784_pca32 (50c),0,0,0,1.0,no data,1.0,1.0,,0,,,,,,,,
s00-00,EC-PREMASS,gacc,cluster_skew_hard,0,0,0,1.0,no data,1.0,1.0,,0,,,,,,,,
s00-00,EC-PREMASS,gacc,cluster_skew_overlap,0,0,0,1.0,no data,1.0,1.0,,0,,,,,,,,
s00-00,EC-PREMASS,gacc,dirichlet_0.03,0,0,0,1.0,no data,1.0,1.0,,0,,,,,,,,
s00-00,EC-PREMASS,gacc,dirichlet_0.1,0,0,0,1.0,no data,1.0,1.0,,0,,,,,,,,
s00-00,EC-PREMASS,gacc,overlap_noise,0,0,0,1.0,no data,1.0,1.0,,0,,,,,,,,
s00-00,EC-PREMASS,gacc,quantity_skew_extreme,0,0,0,1.0,no data,1.0,1.0,,0,,,,,,,,
s00-00,EC-PREMASS,gacc,wine,1,0,1,1.0,ok,1.0,1.0,3,0,0.0,1.0,-0.06382978723404253,nan,nan,-0.06382978723404253,b,1.0
s00-00,EC-PREMASS,gacc,satimage,0,0,0,1.0,no data,1.0,1.0,,0,,,,,,,,
s00-00,EC-PREMASS,gacc,pendigits,0,0,0,1.0,no data,1.0,1.0,,0,,,,,,,,
s00-00,EC-PREMASS,gacc,digits_pca16,0,0,0,1.0,no data,1.0,1.0,,0,,,,,,,,
s00-00,EC-PREMASS,gacc,digits_pca32,0,0,0,1.0,no data,1.0,1.0,,0,,,,,,,,
s00-00,EC-PREMASS,gacc,letter,0,0,0,1.0,no data,1.0,1.0,,0,,,,,,,,
s00-00,EC-PREMASS,gacc,mnist784_pca32 (20c),0,0,0,1.0,no data,1.0,1.0,,0,,,,,,,,
s00-00,EC-PREMASS,gacc,mnist784_pca32 (50c),0,0,0,1.0,no data,1.0,1.0,,0,,,,,,,,
