dataset,seed,method,cell,mass_point,gate,personalize,L,rounds,n_rounds,participation,n_part,n_clients,split,m,n_clusters,dim,upload_numbers,min_dist,mean_acc,worst_acc,fcm_obj,gacc,xb,hnorm,no_earlystop,runtime_s
wine,0,cells,post_none_off,post,none,off,1,50,50,1.0,10,10,0.0,2.0,3,13,21000,1.6494297335862296,0.8967251461988305,0.7777777777777778,4.138270794009441,0.8932584269662921,1.52107723890332,0.898707985735776,0,0.026
wine,0,cells,post_none_on,post,none,on,1,50,50,1.0,10,10,0.0,2.0,3,13,21000,2.0809137196679153,0.7611270209838321,0.6666666666666666,3.2022978372229414,0.6910112359550562,0.9517218546992129,0.7902801822781703,0,0.028
wine,0,cells,post_footprint_off,post,footprint,off,1,50,50,1.0,10,10,0.0,2.0,3,13,21000,3.3318762466210194,0.9678070175438597,0.8888888888888888,4.0761223884230535,0.9662921348314607,0.36717194561702676,0.7824038938222132,0,0.204
wine,0,cells,post_footprint_on,post,footprint,on,1,50,27,1.0,10,10,0.0,2.0,3,13,11340,3.379481475495166,0.9461403508771931,0.8333333333333334,3.8065310989293226,0.9438202247191011,0.3577917012244302,0.7560224631815752,0,0.109
wine,0,cells,post_mass_off,post,mass,off,1,50,50,1.0,10,10,0.0,2.0,3,13,21000,3.243203384457508,0.9728070175438598,0.8888888888888888,4.063751340251093,0.9719101123595506,0.38634807849494035,0.7906787754997036,0,0.027
wine,0,cells,post_mass_on,post,mass,on,1,50,27,1.0,10,10,0.0,2.0,3,13,11340,3.3548334360114236,0.9287792397660819,0.8333333333333334,3.7201039554002477,0.9269662921348315,0.36220242766314165,0.7616020270423711,0,0.016
wine,0,cells,pre_none_off,pre,none,off,1,50,50,1.0,10,10,0.0,2.0,3,13,21000,2.9245547314666283,0.9622514619883041,0.8888888888888888,4.052344548305255,0.9606741573033708,0.47379105503355745,0.8156291709268071,0,0.026
wine,0,cells,pre_none_on,pre,none,on,1,50,50,1.0,10,10,0.0,2.0,3,13,21000,2.8691737715222545,0.7487659098727211,0.6666666666666666,3.203492495663894,0.7078651685393258,0.4952981995797468,0.7856381395279484,0,0.027
wine,0,cells,pre_footprint_off,pre,footprint,off,1,50,50,1.0,10,10,0.0,2.0,3,13,21000,3.3521655845031266,0.9678070175438597,0.8888888888888888,4.0873047674662715,0.9662921348314607,0.36373584022737326,0.7772121935440949,0,0.2
wine,0,cells,pre_footprint_on,pre,footprint,on,1,50,28,1.0,10,10,0.0,2.0,3,13,11760,3.380356265747005,0.9461403508771931,0.8333333333333334,3.8171015059577935,0.9438202247191011,0.35840598575454385,0.7543870345905485,0,0.115
wine,0,cells,pre_mass_off,pre,mass,off,1,50,50,1.0,10,10,0.0,2.0,3,13,21000,3.3437355386561443,0.9678070175438597,0.8888888888888888,4.081417770664947,0.9662921348314607,0.3650456763057305,0.7793147543827081,0,0.027
wine,0,cells,pre_mass_on,pre,mass,on,1,50,28,1.0,10,10,0.0,2.0,3,13,11760,3.4018586087833196,0.9287792397660819,0.8333333333333334,3.7405520962001124,0.9269662921348315,0.35364613562832287,0.758194718861063,0,0.016
wine,0,cells,post_fpmask_off,post,fpmask,off,1,50,50,1.0,10,10,0.0,2.0,3,13,21000,1.6494297335862296,0.8967251461988305,0.7777777777777778,4.138270794009441,0.8932584269662921,1.52107723890332,0.898707985735776,0,0.202
wine,0,cells,post_massmask_off,post,massmask,off,1,50,50,1.0,10,10,0.0,2.0,3,13,21000,1.6494297335862296,0.8967251461988305,0.7777777777777778,4.138270794009441,0.8932584269662921,1.52107723890332,0.898707985735776,0,0.028
wine,0,cells,pre_fpmask_off,pre,fpmask,off,1,50,50,1.0,10,10,0.0,2.0,3,13,21000,3.228642102400751,0.9622514619883041,0.8888888888888888,4.061510911709757,0.9606741573033708,0.3896258948939132,0.7953564527641209,0,0.204
wine,0,cells,pre_massmask_off,pre,massmask,off,1,50,50,1.0,10,10,0.0,2.0,3,13,21000,2.9245547314666283,0.9622514619883041,0.8888888888888888,4.052344548305255,0.9606741573033708,0.47379105503355745,0.8156291709268071,0,0.028
