dataset,L,rounds,alpha,J,Jc,rel_obj_gap,stable,finite,n_rounds,error,runtime_s
wine,5,50,0.0005,1056.0629117540316,721.2171837341994,0.4642786328053406,1,1,50,,0.171
wine,5,50,0.001,957.943230553024,721.2171837341994,0.328231290321098,1,1,50,,0.167
wine,5,50,0.002,850.437469249538,721.2171837341994,0.17916972644257198,1,1,50,,0.193
wine,5,50,0.005,780.0731826884171,721.2171837341994,0.08160648453976492,1,1,50,,0.169
wine,5,50,0.01,769.535871494937,721.2171837341994,0.0669960295601405,1,1,50,,0.175
wine,5,50,0.02,757.8753024569085,721.2171837341994,0.05082812715707458,1,1,50,,0.183
wine,5,50,0.05,756.2885342012501,721.2171837341994,0.04862800174208836,1,1,50,,0.182
wine,5,50,0.1,756.3089072421701,721.2171837341994,0.04865624987785041,1,1,40,,0.146
wine,5,50,0.2,2178.738544990175,721.2171837341994,2.0209187941272586,1,1,50,,0.177
wine,5,50,0.5,8.896422013333473e+46,721.2171837341994,,0,1,50,,0.188
