dataset,m,seed,init,n,d,c,distinct,entropy_norm,entropy_norm_r6,J,n_iter,runtime_s,best_restart,kpp_distinct_min,kpp_distinct_max,n_classes,maxgap_fed_vs_cen_iter,gap_fed_vs_paper_final,distinct_cen_iter
wine,2.0,0,paper,178,13,3,3,0.8141357029920576,0.814136,721.2171837348469,26,0.003,,,,,,,
wine,2.0,0,kmeanspp_best10,178,13,3,3,0.8141349637046449,0.814135,721.2171837341818,17,0.02,5,3,3,,,,
wine,2.0,0,oracle,178,13,3,3,0.814134724370132,0.814135,721.217183734829,16,0.001,,,,3,,,
wine,2.0,0,fed_lossless_pre1,178,13,3,3,0.81413519275071,0.814135,721.2171837337901,300,0.046,,,,,1.5543122344752192e-15,3.845912418087849e-06,3
wine,1.5,0,paper,178,13,3,3,0.45171192202226607,0.451712,1079.5931571695287,21,0.002,,,,,,,
wine,1.5,0,kmeanspp_best10,178,13,3,3,0.4517120089542871,0.451712,1079.5931571693877,22,0.018,3,3,3,,,,
wine,1.5,0,oracle,178,13,3,3,0.45171192306532265,0.451712,1079.5931571695114,12,0.001,,,,3,,,
wine,1.5,0,fed_lossless_pre1,178,13,3,3,0.4517119685283797,0.451712,1079.5931571689707,300,0.05,,,,,3.219646771412954e-15,1.9146155748710203e-06,3
wine,1.3,0,paper,178,13,3,3,0.23100663585986045,0.231007,1199.3739320025857,19,0.002,,,,,,,
wine,1.3,0,kmeanspp_best10,178,13,3,3,0.2310066698075519,0.231007,1199.373932002335,11,0.019,5,3,3,,,,
wine,1.3,0,oracle,178,13,3,3,0.2310066603494016,0.231007,1199.3739320021496,10,0.001,,,,3,,,
wine,1.3,0,fed_lossless_pre1,178,13,3,3,0.23100667087234905,0.231007,1199.3739320020409,300,0.05,,,,,1.5543122344752192e-15,1.5998561676694445e-06,3
wine,1.2,0,paper,178,13,3,3,0.13519744856524812,0.135197,1242.5012526523374,18,0.002,,,,,,,
wine,1.2,0,kmeanspp_best10,178,13,3,3,0.13519752350362524,0.135198,1242.5012526508349,14,0.018,7,3,3,,,,
wine,1.2,0,oracle,178,13,3,3,0.13519752796610027,0.135198,1242.5012526508053,11,0.001,,,,3,,,
wine,1.2,0,fed_lossless_pre1,178,13,3,3,0.13519750124403845,0.135198,1242.5012526503033,300,0.049,,,,,1.7763568394002505e-15,3.029846966401406e-06,3
wine,1.1,0,paper,178,13,3,3,0.05722473234460539,0.057225,1269.7928438386548,18,0.002,,,,,,,
wine,1.1,0,kmeanspp_best10,178,13,3,3,0.05722469724759649,0.057225,1269.7928438380527,15,0.019,7,3,3,,,,
wine,1.1,0,oracle,178,13,3,3,0.05722467714718134,0.057225,1269.7928438390904,11,0.001,,,,3,,,
wine,1.1,0,fed_lossless_pre1,178,13,3,3,0.05722470771907856,0.057225,1269.7928438374802,300,0.05,,,,,1.5543122344752192e-15,2.1641466306440704e-06,3
