trajectory,dataset,m,n_seeds,tilt_cv_median,disp_median,spread_median,rel_median,cv_unclipped_median,cv_clipped_median,share_q_unclipped_mean,share_r_unclipped_mean,share_r_unclipped_median,pairs_unclipped_frac_mean,acc_gap_fp_vs_mass,gap_source
post_footprint_off_L5,cluster_skew_hard,2.0,5,0.0245381178126141,0.0011014327864409053,2.5756686178094483,0.0004543612471255085,0.02066030826335084,2.2204460492503132e-17,0.9266975614387013,0.9268691225609323,0.9305434837174429,0.4993333333333333,0.0,"T7 (main/big m=2, _mstar rescued), seeds 0-9"
post_footprint_off_L5,cluster_skew_overlap,2.0,5,0.05154655054789773,0.02871243239520376,1.448781414104038,0.01989963694788076,0.049827897156432176,0.045237620651452516,0.9576215398538693,0.9589804735519933,0.9599922024817387,0.6777499999999999,0.0005303030303031031,"T7 (main/big m=2, _mstar rescued), seeds 0-9"
post_footprint_off_L5,dirichlet_0.03,2.0,5,0.025475741094162962,0.01793865817191407,3.0151514250107154,0.008658300104674003,0.021306502863458466,6.66133814775094e-17,0.9052629946911421,0.9028197857832005,0.9263560225793638,0.35841666666666666,0.000871212121212106,"T7 (main/big m=2, _mstar rescued), seeds 0-9"
post_footprint_off_L5,dirichlet_0.1,2.0,5,0.034737589019301504,0.017609040170545716,1.7368239339827838,0.010079551634765059,0.027143121130412857,0.012670791354695085,0.9525838218733138,0.9525029802428658,0.9734272958964286,0.5051666666666667,0.00060606060606061,"T7 (main/big m=2, _mstar rescued), seeds 0-9"
post_footprint_off_L5,overlap_noise,2.0,5,0.05587885200154864,0.021838908763006214,0.8529427665170803,0.024035640550438303,0.05146605589809461,0.07649172050928807,0.9852744240505956,0.9864641872326221,0.9916368830368011,0.7743333333333333,0.0015151515151515804,"T7 (main/big m=2, _mstar rescued), seeds 0-9"
post_footprint_off_L5,quantity_skew_extreme,2.0,5,0.05300309395343998,0.008123974362933745,0.6692927479341464,0.012396889526643598,0.043460175319846174,0.14786542787713014,0.9134737546916748,0.9278590885280098,0.9957172289263119,0.6448333333333333,0.0026399455911052527,"T7 (main/big m=2, _mstar rescued), seeds 0-9"
post_footprint_off_L5,wine,2.0,5,0.15252642804652583,0.0966121104833489,1.1349576670036339,0.081051318884126,0.141546731974366,0.14860957282449735,0.9827568298886105,0.9928485576082526,0.993428313335525,0.8493333333333334,0.0044478844169246745,"T7 (main/big m=2, _mstar rescued), seeds 0-9"
post_footprint_off_L5,satimage,2.0,5,0.06163951323370785,0.03159244109425251,1.172596154889046,0.024550194328596973,0.061079821815987465,0.004252701537273511,0.9808780002869245,0.9812148092277246,0.9850490185922137,0.6782,0.000777264838564995,"T7 (main/big m=2, _mstar rescued), seeds 0-9"
post_footprint_off_L5,pendigits,1.5,5,0.13088002566404736,0.09345923874546841,1.180490607871533,0.0788866662165179,0.12312405513675073,0.1256668645578875,0.9562153251012738,0.9605019940996412,0.9683368569006131,0.59352,0.009700117860056423,"T7 (main/big m=2, _mstar rescued), seeds 0-9"
post_footprint_off_L5,digits_pca16,1.3,5,0.14578821458783103,0.11521186000839959,1.5239280022890953,0.07408301170301204,0.1263617671685698,0.18753116814484114,0.9366442876204578,0.9420210655105337,0.954797780293015,0.5216000000000001,0.030365257820663905,"T7 (main/big m=2, _mstar rescued), seeds 0-9"
post_footprint_off_L5,digits_pca32,1.1,5,0.13134327525020445,0.12910537235885716,2.171425225004298,0.06181055010706643,0.12137354066889557,0.1445117083340423,0.934595515362647,0.9355838248471103,0.9656856026377543,0.53288,0.04064576554043531,"T7 (main/big m=2, _mstar rescued), seeds 0-9"
post_footprint_off_L5,letter,1.3,5,0.12441927999048338,0.08055328702818916,1.3891613042181494,0.05682404040117378,0.12325653938908991,0.07048140480594253,0.9690183723160963,0.9710164387237767,0.9899722439832257,0.7658153846153847,0.000598605498227045,"T7 (main/big m=2, _mstar rescued), seeds 0-9"
post_footprint_off_L5,mnist784_pca32 (20c),1.1,5,0.16333391468649308,0.15286260012596833,2.0221359906948004,0.08418627842185408,0.1515516301849046,0.1528122998064048,0.9311544238010242,0.9202287253702159,0.9774251896978242,0.7241600000000001,0.010074910836401607,"T7 (main/big m=2, _mstar rescued), seeds 0-9"
post_footprint_off_L5,mnist784_pca32 (50c),1.1,5,0.15617399060016704,0.1373822133456153,2.036012868709625,0.0701916341878568,0.14736762830129405,0.16794739265090583,0.9429194608332537,0.9400917926047686,0.98527831412524,0.76512,0.02276516916759369,"T7 (main/big m=2, _mstar rescued), seeds 0-9"
pre_footprint_off_L5,cluster_skew_hard,2.0,5,0.049689237761977166,0.0035058375740324626,0.46253564427712135,0.006931416691639708,0.041651708343785857,0.008898231388978148,0.9986548140401528,0.9989900979926365,0.9995906722420133,0.51775,0.019053030303030294,"T7 (main/big m=2, _mstar rescued), seeds 0-9"
pre_footprint_off_L5,cluster_skew_overlap,2.0,5,0.02721585518067974,0.008397578569683959,0.640892937404683,0.012043125213038654,0.026589725024864043,0.04270805686141778,0.9975431792645058,0.9976943640082195,0.9978319812077766,0.681,0.013787878787878793,"T7 (main/big m=2, _mstar rescued), seeds 0-9"
pre_footprint_off_L5,dirichlet_0.03,2.0,5,0.011592202675493306,0.0026527977719224684,0.4068816567992801,0.002517980537259031,0.009628874692305667,0.008760758643546565,0.9994572418489011,0.9995149727924787,0.9996260367688251,0.3751666666666667,0.00011363636363637131,"T7 (main/big m=2, _mstar rescued), seeds 0-9"
pre_footprint_off_L5,dirichlet_0.1,2.0,5,0.027541626531198144,0.010058814950222143,0.5012451770017952,0.011122824440375741,0.024036710595805918,0.004699257209866708,0.9979933335035577,0.9981308644728243,0.9995211715084323,0.48608333333333337,0.0010227272727273418,"T7 (main/big m=2, _mstar rescued), seeds 0-9"
pre_footprint_off_L5,overlap_noise,2.0,5,0.04528977640425739,0.007686499948506507,0.5141826794709513,0.013893778518897615,0.044014961695340346,0.11324652024172695,0.9974454310471177,0.9977245857785249,0.9983051393590457,0.7929999999999999,0.0006439393939393634,"T7 (main/big m=2, _mstar rescued), seeds 0-9"
pre_footprint_off_L5,quantity_skew_extreme,2.0,5,0.026026418772238224,0.003770420063844054,0.44925498125696117,0.011165173924951657,0.023363028436250485,0.0707511703341002,0.9888189431896361,0.9891513323263897,0.9992020077286407,0.6292500000000001,0.016074818412292524,"T7 (main/big m=2, _mstar rescued), seeds 0-9"
pre_footprint_off_L5,wine,2.0,5,0.11852565391483516,0.04754220964460709,0.9734381960281064,0.04745090685873417,0.11259641413778824,0.15639254372003591,0.9948603828436218,0.9979783107757578,0.9978126813302106,0.8376000000000001,0.0006437908496731426,"T7 (main/big m=2, _mstar rescued), seeds 0-9"
pre_footprint_off_L5,satimage,2.0,5,0.05418176374343464,0.010059421676176452,0.5392222604219569,0.016836134032343728,0.05355551165648065,0.006521231750517222,0.9976394773705021,0.99778586413939,0.9985553732415602,0.6864,0.004825356136901271,"T7 (main/big m=2, _mstar rescued), seeds 0-9"
pre_footprint_off_L5,pendigits,1.5,5,0.09063563969334612,0.04107895549495349,0.6664644779578218,0.05353773450119707,0.0818035728932693,0.1350139481864269,0.9891474087678775,0.991640894384239,0.9934471681819581,0.5658399999999999,0.014953827338101022,"T7 (main/big m=2, _mstar rescued), seeds 0-9"
pre_footprint_off_L5,digits_pca16,1.3,5,0.09880807489441872,0.050777495855396336,0.9484418921574166,0.05236205394377863,0.09436393011396876,0.1652800458860987,0.9843954073092267,0.986889679947929,0.9912108423460302,0.51468,0.001681520347521559,"T7 (main/big m=2, _mstar rescued), seeds 0-9"
pre_footprint_off_L5,digits_pca32,1.1,5,0.10529862261369893,0.08946309107451193,1.558294207524131,0.053525380349154016,0.10031040071171948,0.12675574809665602,0.9494946681728406,0.9502415053676604,0.990881755807029,0.51392,0.0052701871768758846,"T7 (main/big m=2, _mstar rescued), seeds 0-9"
pre_footprint_off_L5,letter,1.3,5,0.10263881029909556,0.049284012306527666,1.0427118931375596,0.048516932295303614,0.10306347325342743,0.07560777475900864,0.9916016730015068,0.9927073369338935,0.9982658142592431,0.7063076923076923,0.0013757789662736664,"T7 (main/big m=2, _mstar rescued), seeds 0-9"
pre_footprint_off_L5,mnist784_pca32 (20c),1.1,5,0.12207507465204537,0.0896047304460756,1.602466392978259,0.05641060100585597,0.10712393626536203,0.1231639542589114,0.9497339554199196,0.9431158521236223,0.9870637360805194,0.6317999999999999,0.018562019829002185,"T7 (main/big m=2, _mstar rescued), seeds 0-9"
pre_footprint_off_L5,mnist784_pca32 (50c),1.1,5,0.13228016503668422,0.07539484872356687,1.6811225317812508,0.05136029680472991,0.11777804666185801,0.15377476811628296,0.9487878885990833,0.946445294669181,0.991707622598455,0.6854480000000001,0.01016613585203996,"T7 (main/big m=2, _mstar rescued), seeds 0-9"
pre_footprint_off_L1,cluster_skew_hard,2.0,5,0.009675854818410644,0.00034335962166920597,0.15046225190074297,0.000685867912251623,0.009425227296392644,4.4408920985006264e-17,0.9992145928457147,0.9992781767581882,0.9997537301429796,0.49625,0.0,"__L1all, seeds 0-9"
pre_footprint_off_L1,cluster_skew_overlap,2.0,5,0.025758619948089485,0.0029254796218912914,0.32774325706748647,0.008098438861129775,0.02476220252990896,0.029213021306228514,0.9977408996770292,0.9978471846523048,0.9980113923116434,0.6925833333333334,0.00011363636363637131,"__L1all, seeds 0-9"
pre_footprint_off_L1,dirichlet_0.03,2.0,5,0.004924006525143092,3.296527576256075e-05,0.08240613389861466,0.00045669021462699824,0.0025385070395980537,8.88178419700125e-17,0.9994175427116186,0.9995331021545342,0.9997632144217757,0.34658333333333335,0.01041666666666663,"__L1all, seeds 0-9"
pre_footprint_off_L1,dirichlet_0.1,2.0,5,0.025273610355023002,0.008239614561703232,0.41212404176508316,0.010471524426174165,0.015622857814250976,0.013461766098486422,0.9982197374112662,0.9985632367200825,0.9995514934981937,0.48991666666666667,0.018977272727272676,"__L1all, seeds 0-9"
pre_footprint_off_L1,overlap_noise,2.0,5,0.0406671109235084,0.002494125998403507,0.20852250445744117,0.012222171061999456,0.03976430672499596,0.07642391194562341,0.9974100833945304,0.9976359050183865,0.9981831300139781,0.7723333333333333,0.01859848484848481,"__L1all, seeds 0-9"
pre_footprint_off_L1,quantity_skew_extreme,2.0,5,0.015422076515938608,0.0011751816555828376,0.13250673202326635,0.007110134951014193,0.015251041248452113,0.07835992739181849,0.9905554811304704,0.9914255874876676,0.9982788671998275,0.6369999999999999,0.0007190742655109883,"__L1all, seeds 0-9"
pre_footprint_off_L1,wine,2.0,5,0.11578024430943104,0.03473013977958144,0.7846817846935816,0.04219397261487343,0.10770346626773923,0.10512838192369807,0.9944400849484888,0.9978836350125408,0.997610021792684,0.8404,0.000526315789473597,"__L1all, seeds 0-9"
pre_footprint_off_L1,satimage,2.0,5,0.05582416898176627,0.004702512048756593,0.3467757965598818,0.016191130175995015,0.05547161039180406,0.030439809624451225,0.9929861759430614,0.993907382578476,0.9981587394009381,0.6418000000000001,0.003173035689303272,"__L1all, seeds 0-9"
pre_footprint_off_L1,pendigits,1.5,5,0.07171641340076887,0.01498504456861174,0.38185296846671946,0.03871100010448989,0.06439568160667526,0.16943802828511328,0.9890468021651723,0.9908111209271817,0.994458038615414,0.5189199999999998,0.008999343446361774,"__L1all, seeds 0-9"
pre_footprint_off_L1,digits_pca16,1.3,5,0.09064428597131935,0.021302232233280358,0.5449714279809938,0.04019922925777889,0.08192812058109902,0.1801306853798364,0.9835641823271997,0.9849667569316238,0.9902766203253004,0.39136,0.007804780424587987,"__L1all, seeds 0-9"
pre_footprint_off_L1,digits_pca32,1.1,5,0.08554045314490717,0.03014350093425332,0.6529104262635825,0.04584846220270163,0.08125378184845962,0.07235800527519846,0.9836282514389163,0.9835509199836707,0.9915309333103405,0.38664,0.007159248467211499,"__L1all, seeds 0-9"
pre_footprint_off_L1,letter,1.3,5,0.08915797631268849,0.024082074487513504,0.6258617481046691,0.04043675506808172,0.08953177567210212,0.07992548472571455,0.9914362103294998,0.9924136557221834,0.9979110245675145,0.7043230769230768,0.0018901760497864184,"__L1all, seeds 0-9"
pre_footprint_off_L1,mnist784_pca32 (20c),1.1,5,0.11508956088430404,0.03389669741673631,0.7203175741768393,0.048350010829464087,0.107457158329481,0.14776466923724937,0.9675275878016716,0.963034802041701,0.9906797601424046,0.65106,0.003496394205214526,"__L1all, seeds 0-9"
pre_footprint_off_L1,mnist784_pca32 (50c),1.1,5,0.1238835708732102,0.03711735941836242,0.7678064803044764,0.044572573177628486,0.12159223738836018,0.13298087291154218,0.9796615406693355,0.9790216189757135,0.9899252405068235,0.689408,0.0033871114575113603,"__L1all, seeds 0-9"
